<?xml version="1.0" encoding="utf-8"?>
<UpgradeLog>
    <Settings>
        <Setting
            Name = "LogFile"
            Value = "Grafic2.log"
        />
        <Setting
            Name = "GenerateInterfacesForClasses"
            Value = "FALSE"
        />
        <Setting
            Name = "ProjectName"
            Value = "Grafic2"
        />
        <Setting
            Name = "OutputName"
            Value = "Grafic2.vbproj"
        />
        <Setting
            Name = "OutputDir"
            Value = "C:\Documenti\Visual Studio Projects\Lancio\Grafica.NET"
        />
        <Setting
            Name = "ProjectPath"
            Value = "E:\Programmi\MicroSoft Visual Studio\Fbm\LibGra\Grafic2.vbp"
        />
        <Setting
            Name = "MigrateProjectTo"
            Value = "1"
        />
    </Settings>
    <File
        OldPath = "E:\Programmi\MicroSoft Visual Studio\Fbm\LibGra\Anello.cls"
        NewPath = "C:\Documenti\Visual Studio Projects\Lancio\Grafica.NET\Anello.vb"
        FileType = "Class Module"
        Upgraded = "True"
    >
        <Section Name = "StringMATE" >
            <Issue
                Type = "Runtime"
                Number = "1037"
                PME = "RTrim$"
            >Impossibile risolvere la proprietà predefinita dell'oggetto GenMem_Renamed.MaterNome().</Issue>
        </Section>
        <Section Name = "NumSpic" >
            <Issue
                Type = "Runtime"
                Number = "1037"
            >Impossibile risolvere la proprietà predefinita dell'oggetto NumSpicGen().</Issue>
        </Section>
        <Section Name = "SpicAn" >
            <Issue
                Type = "Runtime"
                Number = "1037"
            >Impossibile risolvere la proprietà predefinita dell'oggetto NumSpicGen().</Issue>
            <Issue
                Type = "Runtime"
                Number = "1037"
            >Impossibile risolvere la proprietà predefinita dell'oggetto Spicchi_Renamed.SP().</Issue>
        </Section>
        <Section Name = "StringDIME" >
            <Issue
                Type = "Runtime"
                Number = "1037"
                PME = "Int"
            >Impossibile risolvere la proprietà predefinita dell'oggetto Spicchi_Renamed.SP()().Lung.</Issue>
            <Issue
                Type = "Runtime"
                Number = "1037"
                PME = "Int"
            >Impossibile risolvere la proprietà predefinita dell'oggetto Spicchi_Renamed.SP()().LARG.</Issue>
        </Section>
        <Section Name = "CalcGrezzi" >
            <Issue
                Type = "Runtime"
                Number = "1037"
            >Impossibile risolvere la proprietà predefinita dell'oggetto Spicchi_Renamed.SP()().Lung.</Issue>
            <Issue
                Type = "Runtime"
                Number = "1037"
            >Impossibile risolvere la proprietà predefinita dell'oggetto Spicchi_Renamed.SP()().LARG.</Issue>
        </Section>
        <Section Name = "Pesi" >
            <Issue
                Type = "Runtime"
                Number = "1037"
            >Impossibile risolvere la proprietà predefinita dell'oggetto Spicchi_Renamed.SP()().</Issue>
        </Section>
    </File>
    <File
        OldPath = "E:\Programmi\MicroSoft Visual Studio\Fbm\LibGra\Fascio.cls"
        NewPath = "C:\Documenti\Visual Studio Projects\Lancio\Grafica.NET\Fascio.vb"
        FileType = "Class Module"
        Upgraded = "True"
    >
        <Section Name = "StringMATE" >
            <Issue
                Type = "Runtime"
                Number = "1037"
                PME = "RTrim$"
            >Impossibile risolvere la proprietà predefinita dell'oggetto GenMem_Renamed.MaterNome().</Issue>
        </Section>
        <Section Name = "LeggiDT" >
            <Issue
                Type = "Runtime"
                Number = "1041"
                PME = "Dir"
            >Dir ha un nuovo comportamento.</Issue>
            <Issue
                Type = "Runtime"
                Number = "1041"
            >Get è stato aggiornato a FileGet e ha un nuovo comportamento.</Issue>
            <Issue
                Type = "Runtime"
                Number = "1037"
            >Impossibile risolvere la proprietà predefinita dell'oggetto GenMem_Renamed.Mater.Mat(1).Indmat.</Issue>
        </Section>
        <Section Name = "Appendi" >
            <Issue
                Type = "Compile"
                Number = "1014"
            >L'istruzione GoSub non è supportata.</Issue>
            <Issue
                Type = "Runtime"
                Number = "1037"
            >Impossibile risolvere la proprietà predefinita dell'oggetto Ogg.GenMem.</Issue>
            <Issue
                Type = "Runtime"
                Number = "1041"
            >Return ha un nuovo comportamento.</Issue>
        </Section>
        <Section Name = "DaTosdt" >
            <Issue
                Type = "Runtime"
                Number = "1003"
            >ParamArray A è stato cambiato da ByRef a ByVal.</Issue>
            <Issue
                Type = "Runtime"
                Number = "1037"
            >Impossibile risolvere la proprietà predefinita dell'oggetto A().</Issue>
        </Section>
        <Section Name = "Genera" >
            <Issue
                Type = "Runtime"
                Number = "1037"
                PME = "Str"
            >Impossibile risolvere la proprietà predefinita dell'oggetto GenMem_Renamed.Mater.Mat().Indmat.</Issue>
        </Section>
    </File>
    <File
        OldPath = "E:\Programmi\MicroSoft Visual Studio\Fbm\LibGra\clsNonStd.cls"
        NewPath = "C:\Documenti\Visual Studio Projects\Lancio\Grafica.NET\clsNonStd.vb"
        FileType = "Class Module"
        Upgraded = "True"
    >
        <Section Name = "StringMATE" >
            <Issue
                Type = "Runtime"
                Number = "1037"
                PME = "RTrim$"
            >Impossibile risolvere la proprietà predefinita dell'oggetto GenMem_Renamed.MaterNome().</Issue>
        </Section>
        <Section Name = "Pesi" >
            <Issue
                Type = "Compile"
                Number = "1014"
            >L'istruzione GoSub non è supportata.</Issue>
            <Issue
                Type = "Runtime"
                Number = "1041"
            >Return ha un nuovo comportamento.</Issue>
        </Section>
        <Section Name = "Appendi" >
            <Issue
                Type = "Runtime"
                Number = "1037"
            >Impossibile risolvere la proprietà predefinita dell'oggetto Ogg.GenMem.</Issue>
            <Issue
                Type = "Runtime"
                Number = "1037"
            >Impossibile risolvere la proprietà predefinita dell'oggetto GenMem_Renamed.Appesi(i).GenMem.</Issue>
        </Section>
        <Section Name = "SetPad" >
            <Issue
                Type = "Runtime"
                Number = "1037"
            >Impossibile risolvere la proprietà predefinita dell'oggetto Ogg.GenMem.</Issue>
            <Issue
                Type = "Runtime"
                Number = "1037"
            >Impossibile risolvere la proprietà predefinita dell'oggetto Ogg.Diametro.</Issue>
            <Issue
                Type = "Runtime"
                Number = "1037"
            >Impossibile risolvere la proprietà predefinita dell'oggetto Ogg.Spessore.</Issue>
        </Section>
    </File>
    <File
        OldPath = "E:\Programmi\MicroSoft Visual Studio\Fbm\LibGra\Cono.cls"
        NewPath = "C:\Documenti\Visual Studio Projects\Lancio\Grafica.NET\Cono.vb"
        FileType = "Class Module"
        Upgraded = "True"
    >
        <Section Name = "CalSvilOid" >
            <Issue
                Type = "Compile"
                Number = "1014"
            >L'istruzione GoSub non è supportata.</Issue>
            <Issue
                Type = "Runtime"
                Number = "1041"
            >Return ha un nuovo comportamento.</Issue>
        </Section>
        <Section Name = "StringMATE" >
            <Issue
                Type = "Runtime"
                Number = "1037"
                PME = "RTrim$"
            >Impossibile risolvere la proprietà predefinita dell'oggetto GenMem_Renamed.MaterNome().</Issue>
        </Section>
        <Section Name = "Dati" >
            <Issue
                Type = "Runtime"
                Number = "1041"
            >Get è stato aggiornato a FileGet e ha un nuovo comportamento.</Issue>
            <Issue
                Type = "Runtime"
                Number = "1041"
            >Put è stato aggiornato a FilePut e ha un nuovo comportamento.</Issue>
        </Section>
        <Section Name = "NumSpic" >
            <Issue
                Type = "Runtime"
                Number = "1037"
            >Impossibile risolvere la proprietà predefinita dell'oggetto NumSpicGen().</Issue>
        </Section>
        <Section Name = "Pesi" >
            <Issue
                Type = "Runtime"
                Number = "1037"
            >Impossibile risolvere la proprietà predefinita dell'oggetto Spicchi_Renamed.SP()().</Issue>
        </Section>
        <Section Name = "CalcGrezzi" >
            <Issue
                Type = "Runtime"
                Number = "1037"
            >Impossibile risolvere la proprietà predefinita dell'oggetto Spicchi_Renamed.SP()().Lung.</Issue>
            <Issue
                Type = "Runtime"
                Number = "1037"
            >Impossibile risolvere la proprietà predefinita dell'oggetto Spicchi_Renamed.SP()().LARG.</Issue>
            <Issue
                Type = "Runtime"
                Number = "1037"
            >Impossibile risolvere la proprietà predefinita dell'oggetto Spicchi_Renamed.SP()().</Issue>
            <Issue
                Type = "Runtime"
                Number = "1037"
            >Impossibile risolvere la proprietà predefinita dell'oggetto Spicchi_Renamed.SP(TipOPT + 1)(Nquadri).</Issue>
            <Issue
                Type = "Runtime"
                Number = "1037"
            >Impossibile risolvere la proprietà predefinita dell'oggetto Spicchi_Renamed.SP(TipOPT + 1)(NSpicchi).</Issue>
        </Section>
        <Section Name = "Converti" >
            <Issue
                Type = "Runtime"
                Number = "1041"
            >Get è stato aggiornato a FileGet e ha un nuovo comportamento.</Issue>
        </Section>
        <Section Name = "ShowOid" >
            <Issue
                Type = "Runtime"
                Number = "1037"
            >Impossibile risolvere la proprietà predefinita dell'oggetto Rett().x.</Issue>
            <Issue
                Type = "Runtime"
                Number = "1037"
            >Impossibile risolvere la proprietà predefinita dell'oggetto Rett().y.</Issue>
            <Issue
                Type = "Runtime"
                Number = "1037"
            >Impossibile risolvere la proprietà predefinita dell'oggetto Rett(1).LARG.</Issue>
            <Issue
                Type = "Runtime"
                Number = "1037"
            >Impossibile risolvere la proprietà predefinita dell'oggetto Rett(2).LARG.</Issue>
            <Issue
                Type = "Runtime"
                Number = "1037"
            >Impossibile risolvere la proprietà predefinita dell'oggetto Rett(2).Lung.</Issue>
            <Issue
                Type = "Runtime"
                Number = "1037"
            >Impossibile risolvere la proprietà predefinita dell'oggetto Rett().RettGraf.</Issue>
        </Section>
        <Section Name = "Mostrasviluppi" >
            <Issue
                Type = "Runtime"
                Number = "1037"
            >Impossibile risolvere la proprietà predefinita dell'oggetto Spicchi_Renamed.SP(1)(NSpicchi).</Issue>
            <Issue
                Type = "Runtime"
                Number = "1037"
            >Impossibile risolvere la proprietà predefinita dell'oggetto Spicchi_Renamed.SP()().</Issue>
        </Section>
    </File>
    <File
        OldPath = "E:\Programmi\MicroSoft Visual Studio\Fbm\LibGra\Flangi~1.cls"
        NewPath = "C:\Documenti\Visual Studio Projects\Lancio\Grafica.NET\Flangi~1.vb"
        FileType = "Class Module"
        Upgraded = "True"
    >
        <Section Name = "StringMATE" >
            <Issue
                Type = "Runtime"
                Number = "1037"
                PME = "RTrim$"
            >Impossibile risolvere la proprietà predefinita dell'oggetto GenMem_Renamed.MaterNome().</Issue>
        </Section>
        <Section Name = "Pesi" >
            <Issue
                Type = "Compile"
                Number = "1014"
            >L'istruzione GoSub non è supportata.</Issue>
            <Issue
                Type = "Runtime"
                Number = "1041"
            >Return ha un nuovo comportamento.</Issue>
        </Section>
    </File>
    <File
        OldPath = "E:\Programmi\MicroSoft Visual Studio\Fbm\LibGra\Flangia.cls"
        NewPath = "C:\Documenti\Visual Studio Projects\Lancio\Grafica.NET\Flangia.vb"
        FileType = "Class Module"
        Upgraded = "True"
    >
        <Section Name = "SceltaSyn" >
            <Issue
                Type = "Runtime"
                Number = "1037"
            >Impossibile risolvere la proprietà predefinita dell'oggetto RecordD(i).</Issue>
            <Issue
                Type = "Compile"
                Number = "1039"
                PME = "Load"
            >istruzione Load non supportata.</Issue>
        </Section>
        <Section Name = "leggi" >
            <Issue
                Type = "Runtime"
                Number = "1037"
            >Impossibile risolvere la proprietà predefinita dell'oggetto DiscoR.</Issue>
            <Issue
                Type = "Runtime"
                Number = "1037"
            >Impossibile risolvere la proprietà predefinita dell'oggetto iTipo.</Issue>
            <Issue
                Type = "Runtime"
                Number = "1037"
            >Impossibile risolvere la proprietà predefinita dell'oggetto TabFl.</Issue>
            <Issue
                Type = "Runtime"
                Number = "1037"
            >Impossibile risolvere la proprietà predefinita dell'oggetto iRat.</Issue>
            <Issue
                Type = "Runtime"
                Number = "1037"
            >Impossibile risolvere la proprietà predefinita dell'oggetto iFac.</Issue>
            <Issue
                Type = "Runtime"
                Number = "1037"
            >Impossibile risolvere la proprietà predefinita dell'oggetto iDia.</Issue>
        </Section>
        <Section Name = "strValori" >
            <Issue
                Type = "Runtime"
                Number = "1037"
            >Impossibile risolvere la proprietà predefinita dell'oggetto Tipi().FindFirst.</Issue>
            <Issue
                Type = "Runtime"
                Number = "1037"
            >Impossibile risolvere la proprietà predefinita dell'oggetto Tipi()!Tipo.</Issue>
            <Issue
                Type = "Runtime"
                Number = "1037"
            >Impossibile risolvere la proprietà predefinita dell'oggetto Diametri().FindFirst.</Issue>
            <Issue
                Type = "Runtime"
                Number = "1037"
            >Impossibile risolvere la proprietà predefinita dell'oggetto Diametri()!DiamNom.</Issue>
            <Issue
                Type = "Runtime"
                Number = "1037"
            >Impossibile risolvere la proprietà predefinita dell'oggetto Ratings().FindFirst.</Issue>
            <Issue
                Type = "Runtime"
                Number = "1037"
            >Impossibile risolvere la proprietà predefinita dell'oggetto Ratings()!Rating.</Issue>
        </Section>
        <Section Name = "AggTab" >
            <Issue
                Type = "Runtime"
                Number = "1037"
            >Impossibile risolvere la proprietà predefinita dell'oggetto Tipi().MoveFirst.</Issue>
            <Issue
                Type = "Runtime"
                Number = "1037"
            >Impossibile risolvere la proprietà predefinita dell'oggetto Diametri().MoveFirst.</Issue>
            <Issue
                Type = "Runtime"
                Number = "1037"
            >Impossibile risolvere la proprietà predefinita dell'oggetto Ratings().MoveFirst.</Issue>
            <Issue
                Type = "Runtime"
                Number = "1037"
            >Impossibile risolvere la proprietà predefinita dell'oggetto Facings().MoveFirst.</Issue>
            <Issue
                Type = "Runtime"
                Number = "1037"
            >Impossibile risolvere la proprietà predefinita dell'oggetto Catalogo().MoveFirst.</Issue>
            <Issue
                Type = "Runtime"
                Number = "1037"
            >Impossibile risolvere la proprietà predefinita dell'oggetto FacValori().MoveFirst.</Issue>
            <Issue
                Type = "Runtime"
                Number = "1037"
            >Impossibile risolvere la proprietà predefinita dell'oggetto f.cmbRating.</Issue>
            <Issue
                Type = "Runtime"
                Number = "1037"
            >Impossibile risolvere la proprietà predefinita dell'oggetto Ratings(TipoTabella).EOF.</Issue>
            <Issue
                Type = "Runtime"
                Number = "1037"
            >Impossibile risolvere la proprietà predefinita dell'oggetto Ratings().MoveNext.</Issue>
            <Issue
                Type = "Runtime"
                Number = "1037"
            >Impossibile risolvere la proprietà predefinita dell'oggetto f.cmbFacing.</Issue>
            <Issue
                Type = "Runtime"
                Number = "1037"
            >Impossibile risolvere la proprietà predefinita dell'oggetto Facings(TipoTabella).EOF.</Issue>
            <Issue
                Type = "Runtime"
                Number = "1037"
            >Impossibile risolvere la proprietà predefinita dell'oggetto Facings().MoveNext.</Issue>
            <Issue
                Type = "Runtime"
                Number = "1037"
            >Impossibile risolvere la proprietà predefinita dell'oggetto f.cmbDiaN.</Issue>
        </Section>
        <Section Name = "AggDiaN" >
            <Issue
                Type = "Runtime"
                Number = "1037"
            >Impossibile risolvere la proprietà predefinita dell'oggetto f.cmbDiaN.</Issue>
            <Issue
                Type = "Runtime"
                Number = "1037"
            >Impossibile risolvere la proprietà predefinita dell'oggetto Diametri().MoveFirst.</Issue>
            <Issue
                Type = "Runtime"
                Number = "1037"
            >Impossibile risolvere la proprietà predefinita dell'oggetto Diametri(TipoTabella).EOF.</Issue>
            <Issue
                Type = "Runtime"
                Number = "1037"
            >Impossibile risolvere la proprietà predefinita dell'oggetto Diametri().MoveNext.</Issue>
        </Section>
        <Section Name = "RetrieveRECf" >
            <Issue
                Type = "Runtime"
                Number = "1037"
            >Impossibile risolvere la proprietà predefinita dell'oggetto f.cmbDiaN.</Issue>
            <Issue
                Type = "Runtime"
                Number = "1037"
            >Impossibile risolvere la proprietà predefinita dell'oggetto f.cmbRating.</Issue>
            <Issue
                Type = "Runtime"
                Number = "1037"
            >Impossibile risolvere la proprietà predefinita dell'oggetto Catalogo(TipoTabella).Filter.</Issue>
            <Issue
                Type = "Runtime"
                Number = "1037"
            >Impossibile risolvere la proprietà predefinita dell'oggetto Catalogo().OpenRecordset.</Issue>
        </Section>
        <Section Name = "AggFacing" >
            <Issue
                Type = "Runtime"
                Number = "1037"
            >Impossibile risolvere la proprietà predefinita dell'oggetto f.cmbDiaN.</Issue>
            <Issue
                Type = "Runtime"
                Number = "1037"
            >Impossibile risolvere la proprietà predefinita dell'oggetto f.cmbRating.</Issue>
            <Issue
                Type = "Runtime"
                Number = "1037"
            >Impossibile risolvere la proprietà predefinita dell'oggetto f.cmbFacing.</Issue>
            <Issue
                Type = "Runtime"
                Number = "1037"
            >Impossibile risolvere la proprietà predefinita dell'oggetto FacValori(TipoTabella).Filter.</Issue>
            <Issue
                Type = "Runtime"
                Number = "1037"
            >Impossibile risolvere la proprietà predefinita dell'oggetto FacValori().OpenRecordset.</Issue>
            <Issue
                Type = "Runtime"
                Number = "1037"
            >Impossibile risolvere la proprietà predefinita dell'oggetto FacValori().AddNew.</Issue>
            <Issue
                Type = "Runtime"
                Number = "1037"
            >Impossibile risolvere la proprietà predefinita dell'oggetto FacValori()!Tabella.</Issue>
            <Issue
                Type = "Runtime"
                Number = "1037"
            >Impossibile risolvere la proprietà predefinita dell'oggetto FacValori()!codDiam.</Issue>
            <Issue
                Type = "Runtime"
                Number = "1037"
            >Impossibile risolvere la proprietà predefinita dell'oggetto FacValori()!indFacing.</Issue>
            <Issue
                Type = "Runtime"
                Number = "1037"
            >Impossibile risolvere la proprietà predefinita dell'oggetto FacValori()!indRating.</Issue>
            <Issue
                Type = "Runtime"
                Number = "1037"
            >Impossibile risolvere la proprietà predefinita dell'oggetto FacValori()!indDiam.</Issue>
            <Issue
                Type = "Runtime"
                Number = "1037"
            >Impossibile risolvere la proprietà predefinita dell'oggetto FacValori().Update.</Issue>
            <Issue
                Type = "Runtime"
                Number = "1037"
            >Impossibile risolvere la proprietà predefinita dell'oggetto f.Text1.</Issue>
            <Issue
                Type = "Runtime"
                Number = "1037"
            >Impossibile risolvere la proprietà predefinita dell'oggetto f.Text2.</Issue>
            <Issue
                Type = "Runtime"
                Number = "1037"
            >Impossibile risolvere la proprietà predefinita dell'oggetto f.Text3.</Issue>
            <Issue
                Type = "Runtime"
                Number = "1037"
            >Impossibile risolvere la proprietà predefinita dell'oggetto f.Text4.</Issue>
            <Issue
                Type = "Runtime"
                Number = "1037"
            >Impossibile risolvere la proprietà predefinita dell'oggetto f.Text5.</Issue>
            <Issue
                Type = "Runtime"
                Number = "1037"
            >Impossibile risolvere la proprietà predefinita dell'oggetto FacValori(TipoTabella)!Ri.</Issue>
        </Section>
        <Section Name = "AggText" >
            <Issue
                Type = "Runtime"
                Number = "1037"
            >Impossibile risolvere la proprietà predefinita dell'oggetto f.Text1.</Issue>
            <Issue
                Type = "Runtime"
                Number = "1037"
            >Impossibile risolvere la proprietà predefinita dell'oggetto f.Text2.</Issue>
            <Issue
                Type = "Runtime"
                Number = "1037"
            >Impossibile risolvere la proprietà predefinita dell'oggetto f.Text3.</Issue>
            <Issue
                Type = "Runtime"
                Number = "1037"
            >Impossibile risolvere la proprietà predefinita dell'oggetto f.Text4.</Issue>
            <Issue
                Type = "Runtime"
                Number = "1037"
            >Impossibile risolvere la proprietà predefinita dell'oggetto f.Text5.</Issue>
        </Section>
        <Section Name = "CercaDiametro" >
            <Issue
                Type = "Runtime"
                Number = "1037"
            >Impossibile risolvere la proprietà predefinita dell'oggetto Diametri().FindFirst.</Issue>
            <Issue
                Type = "Runtime"
                Number = "1037"
            >Impossibile risolvere la proprietà predefinita dell'oggetto Diametri()!indice.</Issue>
            <Issue
                Type = "Runtime"
                Number = "1037"
            >Impossibile risolvere la proprietà predefinita dell'oggetto Diametri(TipoTabella).NoMatch.</Issue>
        </Section>
    </File>
    <File
        OldPath = "E:\Programmi\MicroSoft Visual Studio\Fbm\LibGra\Fondo.cls"
        NewPath = "C:\Documenti\Visual Studio Projects\Lancio\Grafica.NET\Fondo.vb"
        FileType = "Class Module"
        Upgraded = "True"
    >
        <Section Name = "Calcoli" >
            <Issue
                Type = "Runtime"
                Number = "1037"
            >Impossibile risolvere la proprietà predefinita dell'oggetto NumSpicGen().</Issue>
            <Issue
                Type = "Compile"
                Number = "1014"
            >L'istruzione GoSub non è supportata.</Issue>
            <Issue
                Type = "Runtime"
                Number = "1041"
            >Return ha un nuovo comportamento.</Issue>
            <Issue
                Type = "Runtime"
                Number = "1037"
            >Impossibile risolvere la proprietà predefinita dell'oggetto Inizio.ConvertiCr().</Issue>
            <Issue
                Type = "Runtime"
                Number = "1037"
                PME = "Abs"
            >Impossibile risolvere la proprietà predefinita dell'oggetto Membro.GenMem.</Issue>
        </Section>
        <Section Name = "Pesi" >
            <Issue
                Type = "Runtime"
                Number = "1037"
            >Impossibile risolvere la proprietà predefinita dell'oggetto Spicchi_Renamed.SP()().</Issue>
        </Section>
        <Section Name = "StringMATE" >
            <Issue
                Type = "Runtime"
                Number = "1037"
                PME = "RTrim$"
            >Impossibile risolvere la proprietà predefinita dell'oggetto GenMem_Renamed.MaterNome().</Issue>
        </Section>
        <Section Name = "CalcGrezzi" >
            <Issue
                Type = "Compile"
                Number = "1014"
            >L'istruzione GoSub non è supportata.</Issue>
            <Issue
                Type = "Runtime"
                Number = "1037"
            >Impossibile risolvere la proprietà predefinita dell'oggetto Spicchi_Renamed.SP().</Issue>
            <Issue
                Type = "Runtime"
                Number = "1037"
            >Impossibile risolvere la proprietà predefinita dell'oggetto Spicchi_Renamed.SP()().Lung.</Issue>
            <Issue
                Type = "Runtime"
                Number = "1037"
            >Impossibile risolvere la proprietà predefinita dell'oggetto Spicchi_Renamed.SP()().LARG.</Issue>
            <Issue
                Type = "Runtime"
                Number = "1041"
            >Return ha un nuovo comportamento.</Issue>
            <Issue
                Type = "Runtime"
                Number = "1037"
            >Impossibile risolvere la proprietà predefinita dell'oggetto Spicchi_Renamed.SP()().</Issue>
            <Issue
                Type = "Runtime"
                Number = "1037"
            >Impossibile risolvere la proprietà predefinita dell'oggetto Spicchi_Renamed.SP(TipOPT + 1)(Nquadri).</Issue>
            <Issue
                Type = "Runtime"
                Number = "1037"
            >Impossibile risolvere la proprietà predefinita dell'oggetto Spicchi_Renamed.SP(TipOPT + 1)(NSpicchi).</Issue>
        </Section>
        <Section Name = "NumSpic" >
            <Issue
                Type = "Runtime"
                Number = "1037"
            >Impossibile risolvere la proprietà predefinita dell'oggetto NumSpicGen().</Issue>
        </Section>
    </File>
    <File
        OldPath = "E:\Programmi\MicroSoft Visual Studio\Fbm\LibGra\Frmfla~1.frm"
        NewPath = "C:\Documenti\Visual Studio Projects\Lancio\Grafica.NET\Frmfla~1.vb"
        FileType = "Form"
        Upgraded = "True"
    >
        <Section Name = "(Layout)" >
            <Issue
                Type = "Design"
                Number = "2064"
                ObjectName = "frmFlange"
                ObjectType = "Form"
                PME = "PaletteMode"
            >Form proprietà frmFlange.PaletteMode non è stato aggiornato.</Issue>
        </Section>
        <Section Name = "Check1_Click" >
            <Issue
                Type = "Runtime"
                Number = "2075"
            >L'evento Check1.CheckStateChanged può essere generato quando il form è inizializzato.</Issue>
        </Section>
        <Section Name = "cmbDiaN_Click" >
            <Issue
                Type = "Runtime"
                Number = "2075"
            >L'evento cmbDiaN.SelectedIndexChanged può essere generato quando il form è inizializzato.</Issue>
        </Section>
        <Section Name = "cmbFacing_Click" >
            <Issue
                Type = "Runtime"
                Number = "2075"
            >L'evento cmbFacing.SelectedIndexChanged può essere generato quando il form è inizializzato.</Issue>
        </Section>
        <Section Name = "cmbRating_Click" >
            <Issue
                Type = "Runtime"
                Number = "2075"
            >L'evento cmbRating.SelectedIndexChanged può essere generato quando il form è inizializzato.</Issue>
        </Section>
        <Section Name = "cmbTab_Click" >
            <Issue
                Type = "Runtime"
                Number = "2075"
            >L'evento cmbTab.SelectedIndexChanged può essere generato quando il form è inizializzato.</Issue>
        </Section>
        <Section Name = "Form_Activate" >
            <Issue
                Type = "Runtime"
                Number = "2065"
                ObjectName = "frmFlange"
                ObjectType = "Form"
                PME = "Activate"
            >Form evento frmFlange.Activate presenta un nuovo comportamento.</Issue>
        </Section>
        <Section Name = "Form_Load" >
            <Issue
                Type = "Runtime"
                Number = "1037"
            >Impossibile risolvere la proprietà predefinita dell'oggetto Tipi().MoveFirst.</Issue>
            <Issue
                Type = "Runtime"
                Number = "1037"
            >Impossibile risolvere la proprietà predefinita dell'oggetto Tipi(globFlangia.TipoTabella).EOF.</Issue>
            <Issue
                Type = "Runtime"
                Number = "1037"
            >Impossibile risolvere la proprietà predefinita dell'oggetto Tipi()!Tipo.</Issue>
            <Issue
                Type = "Runtime"
                Number = "1037"
            >Impossibile risolvere la proprietà predefinita dell'oggetto Tipi()!indice.</Issue>
            <Issue
                Type = "Runtime"
                Number = "1037"
            >Impossibile risolvere la proprietà predefinita dell'oggetto Tipi(globFlangia.TipoTabella)!Tipo.</Issue>
            <Issue
                Type = "Runtime"
                Number = "1037"
            >Impossibile risolvere la proprietà predefinita dell'oggetto Tipi().MoveNext.</Issue>
        </Section>
        <Section Name = "SalvaRec1" >
            <Issue
                Type = "Runtime"
                Number = "1037"
            >Impossibile risolvere la proprietà predefinita dell'oggetto Tipi().FindFirst.</Issue>
            <Issue
                Type = "Runtime"
                Number = "1037"
            >Impossibile risolvere la proprietà predefinita dell'oggetto Tipi(globFlangia.TipoTabella).NoMatch.</Issue>
        </Section>
        <Section Name = "Form_Unload" >
            <Issue
                Type = "Runtime"
                Number = "2065"
                ObjectName = "frmFlange"
                ObjectType = "Form"
                PME = "Unload"
            >Form evento frmFlange.Unload presenta un nuovo comportamento.</Issue>
        </Section>
        <Section Name = "Text1_Change" >
            <Issue
                Type = "Runtime"
                Number = "2075"
            >L'evento Text1.TextChanged può essere generato quando il form è inizializzato.</Issue>
        </Section>
        <Section Name = "Text4_Change" >
            <Issue
                Type = "Runtime"
                Number = "2075"
            >L'evento Text4.TextChanged può essere generato quando il form è inizializzato.</Issue>
        </Section>
    </File>
    <File
        OldPath = "E:\Programmi\MicroSoft Visual Studio\Fbm\LibGra\Frmmnu~1.frm"
        NewPath = "C:\Documenti\Visual Studio Projects\Lancio\Grafica.NET\Frmmnu~1.vb"
        FileType = "Form"
        Upgraded = "True"
    >
        <Section Name = "(Layout)" >
            <Issue
                Type = "Design"
                Number = "2064"
                ObjectName = "frmMnuMemb"
                ObjectType = "Form"
                PME = "PaletteMode"
            >Form proprietà frmMnuMemb.PaletteMode non è stato aggiornato.</Issue>
        </Section>
        <Section Name = "Form_Activate" >
            <Issue
                Type = "Runtime"
                Number = "2065"
                ObjectName = "frmMnuMemb"
                ObjectType = "Form"
                PME = "Activate"
            >Form evento frmMnuMemb.Activate presenta un nuovo comportamento.</Issue>
        </Section>
        <Section Name = "Option1_Click" >
            <Issue
                Type = "Runtime"
                Number = "2075"
            >L'evento Option1.CheckedChanged può essere generato quando il form è inizializzato.</Issue>
        </Section>
    </File>
    <File
        OldPath = "E:\Programmi\MicroSoft Visual Studio\Fbm\LibGra\Frmvis~1.frm"
        NewPath = "C:\Documenti\Visual Studio Projects\Lancio\Grafica.NET\Frmvis~1.vb"
        FileType = "Form"
        Upgraded = "True"
    >
        <Section Name = "(Layout)" >
            <Issue
                Type = "Design"
                Number = "2064"
                ObjectName = "frmVisual"
                ObjectType = "Form"
                PME = "PaletteMode"
            >Form proprietà frmVisual.PaletteMode non è stato aggiornato.</Issue>
            <Issue
                Type = "Design"
                Number = "2064"
                ObjectName = "Picture1"
                ObjectType = "PictureBox"
                PME = "AutoRedraw"
            >PictureBox proprietà Picture1.AutoRedraw non è stato aggiornato.</Issue>
        </Section>
        <Section Name = "Form_Activate" >
            <Issue
                Type = "Runtime"
                Number = "2065"
                ObjectName = "frmVisual"
                ObjectType = "Form"
                PME = "Activate"
            >Form evento frmVisual.Activate presenta un nuovo comportamento.</Issue>
        </Section>
    </File>
    <File
        OldPath = "E:\Programmi\MicroSoft Visual Studio\Fbm\LibGra\GenMem.cls"
        NewPath = "C:\Documenti\Visual Studio Projects\Lancio\Grafica.NET\GenMem.vb"
        FileType = "Class Module"
        Upgraded = "True"
    >
        <Section Name = "Class_Initialize" >
            <Issue
                Type = "Runtime"
                Number = "1037"
            >Impossibile risolvere la proprietà predefinita dell'oggetto apparecchio.Elementi().GenMem.</Issue>
        </Section>
        <Section Name = "LeggiMat" >
            <Issue
                Type = "Runtime"
                Number = "1037"
            >Impossibile risolvere la proprietà predefinita dell'oggetto Mater.Mat().Indmat.</Issue>
            <Issue
                Type = "Runtime"
                Number = "1037"
            >Impossibile risolvere la proprietà predefinita dell'oggetto Mater.Mat().DoveMotore.</Issue>
            <Issue
                Type = "Runtime"
                Number = "1037"
            >Impossibile risolvere la proprietà predefinita dell'oggetto Mater.Mat().RecupMat.</Issue>
            <Issue
                Type = "Runtime"
                Number = "1037"
            >Impossibile risolvere la proprietà predefinita dell'oggetto Mater.Mat().MatStr.</Issue>
            <Issue
                Type = "Runtime"
                Number = "1037"
            >Impossibile risolvere la proprietà predefinita dell'oggetto Mater.Mat().Classe.</Issue>
            <Issue
                Type = "Runtime"
                Number = "1037"
            >Impossibile risolvere la proprietà predefinita dell'oggetto Mater.Mat(1).Indmat.</Issue>
            <Issue
                Type = "Runtime"
                Number = "1037"
            >Impossibile risolvere la proprietà predefinita dell'oggetto Mater.Mat(2).Indmat.</Issue>
            <Issue
                Type = "Runtime"
                Number = "1037"
            >Impossibile risolvere la proprietà predefinita dell'oggetto Mater.Mat(3).Indmat.</Issue>
        </Section>
        <Section Name = "PesiSp" >
            <Issue
                Type = "Runtime"
                Number = "1037"
            >Impossibile risolvere la proprietà predefinita dell'oggetto Mater.Mat().PSP.</Issue>
        </Section>
        <Section Name = "MargTag" >
            <Issue
                Type = "Runtime"
                Number = "1037"
            >Impossibile risolvere la proprietà predefinita dell'oggetto Mater.Mat(1).Classe.</Issue>
        </Section>
        <Section Name = "Leggiprezzi" >
            <Issue
                Type = "Runtime"
                Number = "1037"
            >Impossibile risolvere la proprietà predefinita dell'oggetto Mater.Mat().Classe.</Issue>
            <Issue
                Type = "Runtime"
                Number = "1037"
            >Impossibile risolvere la proprietà predefinita dell'oggetto Mater.Mat().prezzo.</Issue>
            <Issue
                Type = "Runtime"
                Number = "1037"
            >Impossibile risolvere la proprietà predefinita dell'oggetto Parent.LungTot.</Issue>
        </Section>
        <Section Name = "ConvSuchi" >
            <Issue
                Type = "Runtime"
                Number = "1041"
            >Get è stato aggiornato a FileGet e ha un nuovo comportamento.</Issue>
            <Issue
                Type = "Runtime"
                Number = "1037"
            >Impossibile risolvere la proprietà predefinita dell'oggetto Parent.Bucante.</Issue>
        </Section>
        <Section Name = "sConvSuchi" >
            <Issue
                Type = "Runtime"
                Number = "1037"
            >Impossibile risolvere la proprietà predefinita dell'oggetto posizione.SuChi.GenMem.</Issue>
            <Issue
                Type = "Runtime"
                Number = "1037"
            >Impossibile risolvere la proprietà predefinita dell'oggetto posizione.ForoSecondario.GenMem.</Issue>
            <Issue
                Type = "Runtime"
                Number = "1037"
            >Impossibile risolvere la proprietà predefinita dell'oggetto posizione.ForoTerziario.GenMem.</Issue>
            <Issue
                Type = "Runtime"
                Number = "1037"
            >Impossibile risolvere la proprietà predefinita dell'oggetto Parent.Bucante.</Issue>
        </Section>
        <Section Name = "AppesiRemove" >
            <Issue
                Type = "Runtime"
                Number = "1037"
            >Impossibile risolvere la proprietà predefinita dell'oggetto Appesi(i).GenMem.</Issue>
            <Issue
                Type = "Runtime"
                Number = "1037"
            >Impossibile risolvere la proprietà predefinita dell'oggetto Appesi().GenMem.</Issue>
        </Section>
        <Section Name = "AppesiAddk" >
            <Issue
                Type = "Runtime"
                Number = "1037"
            >Impossibile risolvere la proprietà predefinita dell'oggetto O.GenMem.</Issue>
        </Section>
    </File>
    <File
        OldPath = "E:\Programmi\MicroSoft Visual Studio\Fbm\LibGra\Grafic~1.bas"
        NewPath = "C:\Documenti\Visual Studio Projects\Lancio\Grafica.NET\Grafic~1.vb"
        FileType = "Module"
        Upgraded = "True"
    />
    <File
        OldPath = "E:\Programmi\MicroSoft Visual Studio\Fbm\LibGra\Raggrupp.cls"
        NewPath = "C:\Documenti\Visual Studio Projects\Lancio\Grafica.NET\Raggrupp.vb"
        FileType = "Class Module"
        Upgraded = "True"
    >
        <Section Name = "CalcGrezzi" >
            <Issue
                Type = "Runtime"
                Number = "1037"
            >Impossibile risolvere la proprietà predefinita dell'oggetto O.CalcGrezzi.</Issue>
        </Section>
        <Section Name = "Pesi" >
            <Issue
                Type = "Runtime"
                Number = "1037"
            >Impossibile risolvere la proprietà predefinita dell'oggetto Obj.GenMem.</Issue>
            <Issue
                Type = "Runtime"
                Number = "1037"
            >Impossibile risolvere la proprietà predefinita dell'oggetto Obj.Pesi.</Issue>
        </Section>
        <Section Name = "StringMATE" >
            <Issue
                Type = "Runtime"
                Number = "1037"
                PME = "RTrim$"
            >Impossibile risolvere la proprietà predefinita dell'oggetto GenMem_Renamed.MaterNome().</Issue>
        </Section>
        <Section Name = "Appendi" >
            <Issue
                Type = "Runtime"
                Number = "1037"
            >Impossibile risolvere la proprietà predefinita dell'oggetto apparecchio.Elementi(i).GenMem.</Issue>
        </Section>
        <Section Name = "GeneraSetti" >
            <Issue
                Type = "Runtime"
                Number = "1037"
            >Impossibile risolvere la proprietà predefinita dell'oggetto O.GenMem.</Issue>
            <Issue
                Type = "Runtime"
                Number = "1037"
            >Impossibile risolvere la proprietà predefinita dell'oggetto O.jt.</Issue>
            <Issue
                Type = "Runtime"
                Number = "1037"
            >Impossibile risolvere la proprietà predefinita dell'oggetto p.GenMem.</Issue>
            <Issue
                Type = "Runtime"
                Number = "1037"
            >Impossibile risolvere la proprietà predefinita dell'oggetto R.GenMem.</Issue>
            <Issue
                Type = "Runtime"
                Number = "1037"
            >Impossibile risolvere la proprietà predefinita dell'oggetto q.GenMem.</Issue>
            <Issue
                Type = "Runtime"
                Number = "1037"
            >Impossibile risolvere la proprietà predefinita dell'oggetto q.DiamInt.</Issue>
            <Issue
                Type = "Compile"
                Number = "1014"
            >L'istruzione GoSub non è supportata.</Issue>
            <Issue
                Type = "Runtime"
                Number = "1037"
            >Impossibile risolvere la proprietà predefinita dell'oggetto SS.GenMem.</Issue>
            <Issue
                Type = "Runtime"
                Number = "1037"
            >Impossibile risolvere la proprietà predefinita dell'oggetto SS.Larghezza.</Issue>
            <Issue
                Type = "Runtime"
                Number = "1037"
            >Impossibile risolvere la proprietà predefinita dell'oggetto SS.Lunghezza.</Issue>
            <Issue
                Type = "Runtime"
                Number = "1037"
            >Impossibile risolvere la proprietà predefinita dell'oggetto SS.Npunti.</Issue>
            <Issue
                Type = "Runtime"
                Number = "1037"
            >Impossibile risolvere la proprietà predefinita dell'oggetto SS.Rifer.</Issue>
            <Issue
                Type = "Runtime"
                Number = "1037"
            >Impossibile risolvere la proprietà predefinita dell'oggetto SS.Vertici.</Issue>
            <Issue
                Type = "Runtime"
                Number = "1037"
            >Impossibile risolvere la proprietà predefinita dell'oggetto SS.Centri.</Issue>
            <Issue
                Type = "Runtime"
                Number = "1037"
            >Impossibile risolvere la proprietà predefinita dell'oggetto SS.Raggi.</Issue>
            <Issue
                Type = "Runtime"
                Number = "1037"
            >Impossibile risolvere la proprietà predefinita dell'oggetto SS.Spessore.</Issue>
            <Issue
                Type = "Runtime"
                Number = "1041"
            >Return ha un nuovo comportamento.</Issue>
        </Section>
        <Section Name = "Copia" >
            <Issue
                Type = "Runtime"
                Number = "1037"
            >Impossibile risolvere la proprietà predefinita dell'oggetto O.Copia.</Issue>
            <Issue
                Type = "Runtime"
                Number = "1037"
            >Impossibile risolvere la proprietà predefinita dell'oggetto Oc.GenMem.</Issue>
        </Section>
    </File>
    <File
        OldPath = "E:\Programmi\MicroSoft Visual Studio\Fbm\LibGra\LibGra.cls"
        NewPath = "C:\Documenti\Visual Studio Projects\Lancio\Grafica.NET\LibGra.vb"
        FileType = "Class Module"
        Upgraded = "True"
    >
        <Section Name = "GeneraOggetto" >
            <Issue
                Type = "Compile"
                Number = "1014"
            >L'istruzione GoSub non è supportata.</Issue>
            <Issue
                Type = "Runtime"
                Number = "1037"
            >Impossibile risolvere la proprietà predefinita dell'oggetto Membro.GenMem.</Issue>
            <Issue
                Type = "Runtime"
                Number = "1037"
            >Impossibile risolvere la proprietà predefinita dell'oggetto Membro.Fitting.</Issue>
            <Issue
                Type = "Runtime"
                Number = "1041"
            >Return ha un nuovo comportamento.</Issue>
        </Section>
        <Section Name = "NuovaPosN" >
            <Issue
                Type = "Runtime"
                Number = "1037"
            >Impossibile risolvere la proprietà predefinita dell'oggetto Oggetto.GenMem.</Issue>
            <Issue
                Type = "Runtime"
                Number = "1037"
            >Impossibile risolvere la proprietà predefinita dell'oggetto Oggetto.leggi.</Issue>
        </Section>
        <Section Name = "NuovoBlocco" >
            <Issue
                Type = "Runtime"
                Number = "1037"
            >Impossibile risolvere la proprietà predefinita dell'oggetto Membro.GenMem.</Issue>
            <Issue
                Type = "Runtime"
                Number = "1037"
            >Impossibile risolvere la proprietà predefinita dell'oggetto Membro.leggi.</Issue>
        </Section>
        <Section Name = "Disegno" >
            <Issue
                Type = "Runtime"
                Number = "1037"
            >Impossibile risolvere la proprietà predefinita dell'oggetto Oggetto.GenMem.</Issue>
            <Issue
                Type = "Compile"
                Number = "1014"
            >L'istruzione GoSub non è supportata.</Issue>
            <Issue
                Type = "Runtime"
                Number = "1037"
            >Impossibile risolvere la proprietà predefinita dell'oggetto Elem.GenMem.</Issue>
            <Issue
                Type = "Runtime"
                Number = "1041"
            >Return ha un nuovo comportamento.</Issue>
            <Issue
                Type = "Runtime"
                Number = "1037"
            >Impossibile risolvere la proprietà predefinita dell'oggetto Oggetto.</Issue>
        </Section>
        <Section Name = "Class_Initialize" >
            <Issue
                Type = "Runtime"
                Number = "1042"
            >È possibile che singoli elementi della matrice Rec2Buf debbano essere inizializzati.</Issue>
            <Issue
                Type = "Compile"
                Number = "1056"
            >La clausola As Object è stata rimossa dall'istruzione ReDim IndInMezzo(20).</Issue>
            <Issue
                Type = "Runtime"
                Number = "1042"
            >È possibile che singoli elementi della matrice RecordD debbano essere inizializzati.</Issue>
        </Section>
        <Section Name = "Class_Terminate" >
            <Issue
                Type = "Runtime"
                Number = "1037"
            >Impossibile risolvere la proprietà predefinita dell'oggetto Tipi().Close.</Issue>
        </Section>
        <Section Name = "DisGeneral" >
            <Issue
                Type = "Compile"
                Number = "2064"
                ObjectName = "pictAssieme"
                ObjectType = "PictureBox"
                PME = "Cls"
            >PictureBox metodo pictAssieme.Cls non è stato aggiornato.</Issue>
        </Section>
        <Section Name = "Codiceoperazione" >
            <Issue
                Type = "Runtime"
                Number = "1037"
            >Impossibile risolvere la proprietà predefinita dell'oggetto vNewValue.</Issue>
        </Section>
        <Section Name = "TrasferisciDati" >
            <Issue
                Type = "Runtime"
                Number = "1037"
            >Impossibile risolvere la proprietà predefinita dell'oggetto O.GenMem.</Issue>
            <Issue
                Type = "Runtime"
                Number = "1037"
            >Impossibile risolvere la proprietà predefinita dell'oggetto IndiceDS().</Issue>
            <Issue
                Type = "Runtime"
                Number = "1037"
            >Impossibile risolvere la proprietà predefinita dell'oggetto O.leggi.</Issue>
        </Section>
        <Section Name = "QuantiLati" >
            <Issue
                Type = "Runtime"
                Number = "1037"
            >Impossibile risolvere la proprietà predefinita dell'oggetto FBM.</Issue>
            <Issue
                Type = "Runtime"
                Number = "1037"
                PME = "Val"
            >Impossibile risolvere la proprietà predefinita dell'oggetto Ind.</Issue>
            <Issue
                Type = "Runtime"
                Number = "1037"
            >Impossibile risolvere la proprietà predefinita dell'oggetto Inizio.ConvertiCr().</Issue>
            <Issue
                Type = "Runtime"
                Number = "2065"
                ObjectName = "Screen"
                ObjectType = "Screen"
                PME = "MousePointer"
            >Screen proprietà Screen.MousePointer presenta un nuovo comportamento.</Issue>
        </Section>
        <Section Name = "SetPosizN" >
            <Issue
                Type = "Runtime"
                Number = "1037"
            >Impossibile risolvere la proprietà predefinita dell'oggetto apparecchio.Elementi().GenMem.</Issue>
            <Issue
                Type = "Runtime"
                Number = "1037"
            >Impossibile risolvere la proprietà predefinita dell'oggetto Obj.GenMem.</Issue>
        </Section>
        <Section Name = "InitPosSpaN" >
            <Issue
                Type = "Runtime"
                Number = "1041"
                PME = "VarType"
            >VarType ha un nuovo comportamento.</Issue>
            <Issue
                Type = "Runtime"
                Number = "1037"
            >Impossibile risolvere la proprietà predefinita dell'oggetto Index.Parent.</Issue>
            <Issue
                Type = "Runtime"
                Number = "1037"
            >Impossibile risolvere la proprietà predefinita dell'oggetto Index.</Issue>
            <Issue
                Type = "Runtime"
                Number = "1037"
            >Impossibile risolvere la proprietà predefinita dell'oggetto Elem.GenMem.</Issue>
        </Section>
        <Section Name = "AggiornaApparecchio" >
            <Issue
                Type = "Runtime"
                Number = "1037"
            >Impossibile risolvere la proprietà predefinita dell'oggetto Oggetto.GenMem.</Issue>
        </Section>
        <Section Name = "PostChain" >
            <Issue
                Type = "Runtime"
                Number = "1037"
            >Impossibile risolvere la proprietà predefinita dell'oggetto Record.posizione.SuChi.GenMem.</Issue>
            <Issue
                Type = "Runtime"
                Number = "1037"
            >Impossibile risolvere la proprietà predefinita dell'oggetto O.GenMem.</Issue>
        </Section>
    </File>
    <File
        OldPath = "E:\Programmi\MicroSoft Visual Studio\Fbm\LibGra\Piastrone.cls"
        NewPath = "C:\Documenti\Visual Studio Projects\Lancio\Grafica.NET\Piastrone.vb"
        FileType = "Class Module"
        Upgraded = "True"
    >
        <Section Name = "StringMATE" >
            <Issue
                Type = "Runtime"
                Number = "1037"
                PME = "RTrim$"
            >Impossibile risolvere la proprietà predefinita dell'oggetto GenMem_Renamed.MaterNome().</Issue>
        </Section>
        <Section Name = "Pesi" >
            <Issue
                Type = "Compile"
                Number = "1014"
            >L'istruzione GoSub non è supportata.</Issue>
            <Issue
                Type = "Runtime"
                Number = "1041"
            >Return ha un nuovo comportamento.</Issue>
        </Section>
        <Section Name = "SovraMet" >
            <Issue
                Type = "Compile"
                Number = "1014"
            >L'istruzione GoSub non è supportata.</Issue>
            <Issue
                Type = "Runtime"
                Number = "1041"
            >Return ha un nuovo comportamento.</Issue>
        </Section>
    </File>
    <File
        OldPath = "E:\Programmi\MicroSoft Visual Studio\Fbm\LibGra\Posizi~1.cls"
        NewPath = "C:\Documenti\Visual Studio Projects\Lancio\Grafica.NET\Posizi~1.vb"
        FileType = "Class Module"
        Upgraded = "True"
    />
    <File
        OldPath = "E:\Programmi\MicroSoft Visual Studio\Fbm\LibGra\Spicch~1.cls"
        NewPath = "C:\Documenti\Visual Studio Projects\Lancio\Grafica.NET\Spicch~1.vb"
        FileType = "Class Module"
        Upgraded = "True"
    >
        <Section Name = "SpicGraf" >
            <Issue
                Type = "Runtime"
                Number = "1037"
            >Impossibile risolvere la proprietà predefinita dell'oggetto Punti0.Punti(i + 1).X.</Issue>
            <Issue
                Type = "Runtime"
                Number = "1037"
            >Impossibile risolvere la proprietà predefinita dell'oggetto Punti1.Punti(i + 1).X.</Issue>
            <Issue
                Type = "Runtime"
                Number = "1037"
            >Impossibile risolvere la proprietà predefinita dell'oggetto Punti0.Punti(i + 1).Y.</Issue>
            <Issue
                Type = "Runtime"
                Number = "1037"
            >Impossibile risolvere la proprietà predefinita dell'oggetto Punti1.Punti(i + 1).Y.</Issue>
            <Issue
                Type = "Runtime"
                Number = "1037"
            >Impossibile risolvere la proprietà predefinita dell'oggetto Punti0.Punti().X.</Issue>
            <Issue
                Type = "Runtime"
                Number = "1037"
            >Impossibile risolvere la proprietà predefinita dell'oggetto Punti0.Punti(1).Y.</Issue>
            <Issue
                Type = "Runtime"
                Number = "1037"
            >Impossibile risolvere la proprietà predefinita dell'oggetto Punti1.Punti(1).X.</Issue>
            <Issue
                Type = "Runtime"
                Number = "1037"
            >Impossibile risolvere la proprietà predefinita dell'oggetto Punti1.Punti(1).Y.</Issue>
            <Issue
                Type = "Runtime"
                Number = "1037"
            >Impossibile risolvere la proprietà predefinita dell'oggetto Punti0.Punti(3).Y.</Issue>
            <Issue
                Type = "Runtime"
                Number = "1037"
            >Impossibile risolvere la proprietà predefinita dell'oggetto Punti1.Punti(3).X.</Issue>
            <Issue
                Type = "Runtime"
                Number = "1037"
            >Impossibile risolvere la proprietà predefinita dell'oggetto Punti1.Punti(3).Y.</Issue>
        </Section>
    </File>
    <File
        OldPath = "E:\Programmi\MicroSoft Visual Studio\Fbm\LibGra\Spicchi.cls"
        NewPath = "C:\Documenti\Visual Studio Projects\Lancio\Grafica.NET\Spicchi.vb"
        FileType = "Class Module"
        Upgraded = "True"
    >
        <Section Name = "Class_Terminate" >
            <Issue
                Type = "Runtime"
                Number = "1037"
            >Impossibile risolvere la proprietà predefinita dell'oggetto SP(1).Count.</Issue>
            <Issue
                Type = "Runtime"
                Number = "1037"
            >Impossibile risolvere la proprietà predefinita dell'oggetto SP().Remove.</Issue>
        </Section>
        <Section Name = "Ottimizza" >
            <Issue
                Type = "Runtime"
                Number = "1037"
            >Impossibile risolvere la proprietà predefinita dell'oggetto SP()().</Issue>
        </Section>
        <Section Name = "PesoSpicchi" >
            <Issue
                Type = "Runtime"
                Number = "1037"
            >Impossibile risolvere la proprietà predefinita dell'oggetto SP().</Issue>
            <Issue
                Type = "Runtime"
                Number = "1037"
            >Impossibile risolvere la proprietà predefinita dell'oggetto SP().Remove.</Issue>
            <Issue
                Type = "Runtime"
                Number = "1037"
            >Impossibile risolvere la proprietà predefinita dell'oggetto SP().Add.</Issue>
            <Issue
                Type = "Runtime"
                Number = "1037"
            >Impossibile risolvere la proprietà predefinita dell'oggetto SP()().LARG.</Issue>
            <Issue
                Type = "Runtime"
                Number = "1037"
            >Impossibile risolvere la proprietà predefinita dell'oggetto SP(i + 1)(Rett).Lung.</Issue>
            <Issue
                Type = "Runtime"
                Number = "1037"
            >Impossibile risolvere la proprietà predefinita dell'oggetto SP(1)(Rett).Lung.</Issue>
            <Issue
                Type = "Runtime"
                Number = "1037"
            >Impossibile risolvere la proprietà predefinita dell'oggetto SP(i + 1)(NSpicchi).</Issue>
        </Section>
        <Section Name = "ForLam" >
            <Issue
                Type = "Runtime"
                Number = "1037"
                PME = "Int"
            >Impossibile risolvere la proprietà predefinita dell'oggetto TAGLIO.</Issue>
            <Issue
                Type = "Compile"
                Number = "1014"
            >L'istruzione GoSub non è supportata.</Issue>
            <Issue
                Type = "Runtime"
                Number = "1037"
            >Impossibile risolvere la proprietà predefinita dell'oggetto SP()().Origin.</Issue>
            <Issue
                Type = "Runtime"
                Number = "1037"
            >Impossibile risolvere la proprietà predefinita dell'oggetto SP(Spicchi)(1).Origin.</Issue>
            <Issue
                Type = "Runtime"
                Number = "1037"
            >Impossibile risolvere la proprietà predefinita dell'oggetto SP(Spicchi)(2).Origin.</Issue>
            <Issue
                Type = "Runtime"
                Number = "1037"
            >Impossibile risolvere la proprietà predefinita dell'oggetto SP(Spicchi)(1).Direct.</Issue>
            <Issue
                Type = "Runtime"
                Number = "1037"
            >Impossibile risolvere la proprietà predefinita dell'oggetto SP()().Direct.</Issue>
            <Issue
                Type = "Runtime"
                Number = "1037"
            >Impossibile risolvere la proprietà predefinita dell'oggetto SP(Spicchi)(2).Direct.</Issue>
            <Issue
                Type = "Runtime"
                Number = "1037"
            >Impossibile risolvere la proprietà predefinita dell'oggetto SP()().RG.</Issue>
            <Issue
                Type = "Runtime"
                Number = "1037"
            >Impossibile risolvere la proprietà predefinita dell'oggetto SP()().RP.</Issue>
            <Issue
                Type = "Runtime"
                Number = "1037"
            >Impossibile risolvere la proprietà predefinita dell'oggetto SP()().Alfa.</Issue>
            <Issue
                Type = "Runtime"
                Number = "1037"
            >Impossibile risolvere la proprietà predefinita dell'oggetto SP(Rett).LARG.</Issue>
            <Issue
                Type = "Runtime"
                Number = "1037"
            >Impossibile risolvere la proprietà predefinita dell'oggetto SP(Rett).Lung.</Issue>
            <Issue
                Type = "Runtime"
                Number = "1037"
            >Impossibile risolvere la proprietà predefinita dell'oggetto SP(Spicchi)(i).Origin.</Issue>
            <Issue
                Type = "Runtime"
                Number = "1037"
            >Impossibile risolvere la proprietà predefinita dell'oggetto SP().MakeCorners.</Issue>
            <Issue
                Type = "Runtime"
                Number = "1037"
            >Impossibile risolvere la proprietà predefinita dell'oggetto SP().</Issue>
            <Issue
                Type = "Runtime"
                Number = "1037"
            >Impossibile risolvere la proprietà predefinita dell'oggetto SP().Add.</Issue>
            <Issue
                Type = "Runtime"
                Number = "1037"
            >Impossibile risolvere la proprietà predefinita dell'oggetto SP(NSpicchi).</Issue>
            <Issue
                Type = "Runtime"
                Number = "1041"
            >Return ha un nuovo comportamento.</Issue>
        </Section>
        <Section Name = "Rota90" >
            <Issue
                Type = "Runtime"
                Number = "1037"
            >Impossibile risolvere la proprietà predefinita dell'oggetto SP().Lung.</Issue>
            <Issue
                Type = "Runtime"
                Number = "1037"
            >Impossibile risolvere la proprietà predefinita dell'oggetto SP().LARG.</Issue>
            <Issue
                Type = "Runtime"
                Number = "1037"
            >Impossibile risolvere la proprietà predefinita dell'oggetto SP(Rett).Lung.</Issue>
            <Issue
                Type = "Runtime"
                Number = "1037"
            >Impossibile risolvere la proprietà predefinita dell'oggetto SP().MakeCorners.</Issue>
            <Issue
                Type = "Runtime"
                Number = "1037"
            >Impossibile risolvere la proprietà predefinita dell'oggetto SP(Rett).LARG.</Issue>
            <Issue
                Type = "Runtime"
                Number = "1037"
            >Impossibile risolvere la proprietà predefinita dell'oggetto SP(NSpicchi).</Issue>
            <Issue
                Type = "Runtime"
                Number = "1037"
            >Impossibile risolvere la proprietà predefinita dell'oggetto SP()().Origin.</Issue>
            <Issue
                Type = "Runtime"
                Number = "1037"
            >Impossibile risolvere la proprietà predefinita dell'oggetto SP(Spicchi)(i).Origin.</Issue>
            <Issue
                Type = "Runtime"
                Number = "1037"
            >Impossibile risolvere la proprietà predefinita dell'oggetto SP()().Direct.</Issue>
            <Issue
                Type = "Runtime"
                Number = "1037"
            >Impossibile risolvere la proprietà predefinita dell'oggetto SP(Spicchi)(i).Direct.</Issue>
        </Section>
        <Section Name = "Spicchiatura" >
            <Issue
                Type = "Runtime"
                Number = "1037"
            >Impossibile risolvere la proprietà predefinita dell'oggetto SP().Remove.</Issue>
            <Issue
                Type = "Runtime"
                Number = "1037"
            >Impossibile risolvere la proprietà predefinita dell'oggetto SP().Add.</Issue>
            <Issue
                Type = "Runtime"
                Number = "1037"
            >Impossibile risolvere la proprietà predefinita dell'oggetto Inizio.ConvertiCr().</Issue>
            <Issue
                Type = "Runtime"
                Number = "1037"
            >Impossibile risolvere la proprietà predefinita dell'oggetto Membro.NumSpic.</Issue>
            <Issue
                Type = "Runtime"
                Number = "1037"
                ObjectName = "frmShowForm"
                ObjectType = "Form"
            >Impossibile risolvere la proprietà predefinita dell'oggetto Membro.GenMem.</Issue>
            <Issue
                Type = "Runtime"
                Number = "1037"
            >Impossibile risolvere la proprietà predefinita dell'oggetto SP()().</Issue>
            <Issue
                Type = "Runtime"
                Number = "1037"
            >Impossibile risolvere la proprietà predefinita dell'oggetto SP(1)(NSpicchi).</Issue>
        </Section>
        <Section Name = "DisegnSP" >
            <Issue
                Type = "Runtime"
                Number = "1037"
            >Impossibile risolvere la proprietà predefinita dell'oggetto SP().X.</Issue>
            <Issue
                Type = "Runtime"
                Number = "1037"
            >Impossibile risolvere la proprietà predefinita dell'oggetto SP().Y.</Issue>
            <Issue
                Type = "Runtime"
                Number = "1037"
            >Impossibile risolvere la proprietà predefinita dell'oggetto SP(NSpicchi).</Issue>
            <Issue
                Type = "Runtime"
                Number = "1037"
            >Impossibile risolvere la proprietà predefinita dell'oggetto SP()().Origin.</Issue>
            <Issue
                Type = "Runtime"
                Number = "1037"
            >Impossibile risolvere la proprietà predefinita dell'oggetto SP(Spicchi)(k).Origin.</Issue>
            <Issue
                Type = "Runtime"
                Number = "1037"
            >Impossibile risolvere la proprietà predefinita dell'oggetto SP(Spicchi)(1).Origin.</Issue>
            <Issue
                Type = "Runtime"
                Number = "1037"
            >Impossibile risolvere la proprietà predefinita dell'oggetto SP()().SpicGraf.</Issue>
            <Issue
                Type = "Runtime"
                Number = "1037"
            >Impossibile risolvere la proprietà predefinita dell'oggetto SP()().Direct.</Issue>
            <Issue
                Type = "Runtime"
                Number = "1037"
            >Impossibile risolvere la proprietà predefinita dell'oggetto SP(Spicchi)(k).Direct.</Issue>
            <Issue
                Type = "Runtime"
                Number = "1037"
            >Impossibile risolvere la proprietà predefinita dell'oggetto SP(Spicchi)(k).RP.</Issue>
            <Issue
                Type = "Runtime"
                Number = "1037"
                PME = "Cos"
            >Impossibile risolvere la proprietà predefinita dell'oggetto SP()().Alfa.</Issue>
            <Issue
                Type = "Runtime"
                Number = "1037"
            >Impossibile risolvere la proprietà predefinita dell'oggetto SP(Spicchi)(k).RG.</Issue>
            <Issue
                Type = "Compile"
                Number = "1014"
            >L'istruzione GoSub non è supportata.</Issue>
            <Issue
                Type = "Runtime"
                Number = "1037"
            >Impossibile risolvere la proprietà predefinita dell'oggetto SP(Spicchi)(1).Direct.</Issue>
            <Issue
                Type = "Runtime"
                Number = "1037"
            >Impossibile risolvere la proprietà predefinita dell'oggetto SP(Spicchi)(1).RP.</Issue>
            <Issue
                Type = "Runtime"
                Number = "1037"
            >Impossibile risolvere la proprietà predefinita dell'oggetto SP(Spicchi)(1).RG.</Issue>
            <Issue
                Type = "Runtime"
                Number = "1037"
                PME = "Int"
            >Impossibile risolvere la proprietà predefinita dell'oggetto SP()().RP.</Issue>
            <Issue
                Type = "Runtime"
                Number = "1037"
                PME = "Int"
            >Impossibile risolvere la proprietà predefinita dell'oggetto SP()().RG.</Issue>
            <Issue
                Type = "Runtime"
                Number = "1041"
            >Return ha un nuovo comportamento.</Issue>
        </Section>
        <Section Name = "Risultati" >
            <Issue
                Type = "Compile"
                Number = "2064"
                ObjectName = "pctForm"
                ObjectType = "PictureBox"
                PME = "Cls"
            >PictureBox metodo pctForm.Cls non è stato aggiornato.</Issue>
            <Issue
                Type = "Runtime"
                Number = "1037"
            >Impossibile risolvere la proprietà predefinita dell'oggetto SP(1)(Rett).Lung.</Issue>
            <Issue
                Type = "Runtime"
                Number = "1037"
            >Impossibile risolvere la proprietà predefinita dell'oggetto SP(1)(Rett).LARG.</Issue>
            <Issue
                Type = "Runtime"
                Number = "1037"
            >Impossibile risolvere la proprietà predefinita dell'oggetto SP(1)(peso).</Issue>
            <Issue
                Type = "Runtime"
                Number = "1037"
            >Impossibile risolvere la proprietà predefinita dell'oggetto SP(i + 1)(Rett).Lung.</Issue>
            <Issue
                Type = "Runtime"
                Number = "1037"
            >Impossibile risolvere la proprietà predefinita dell'oggetto SP(i + 1)(Rett).LARG.</Issue>
            <Issue
                Type = "Runtime"
                Number = "1037"
            >Impossibile risolvere la proprietà predefinita dell'oggetto SP(i + 1)(NSpicchi).</Issue>
            <Issue
                Type = "Runtime"
                Number = "1037"
            >Impossibile risolvere la proprietà predefinita dell'oggetto SP(i + 1)(peso).</Issue>
            <Issue
                Type = "Runtime"
                Number = "1037"
            >Impossibile risolvere la proprietà predefinita dell'oggetto SP(1)(NSpicchi).</Issue>
        </Section>
    </File>
    <File
        OldPath = "E:\Programmi\MicroSoft Visual Studio\Fbm\LibGra\Tondo.cls"
        NewPath = "C:\Documenti\Visual Studio Projects\Lancio\Grafica.NET\Tondo.vb"
        FileType = "Class Module"
        Upgraded = "True"
    >
        <Section Name = "StringMATE" >
            <Issue
                Type = "Runtime"
                Number = "1037"
                PME = "RTrim$"
            >Impossibile risolvere la proprietà predefinita dell'oggetto GenMem_Renamed.MaterNome().</Issue>
        </Section>
    </File>
    <File
        OldPath = "E:\Programmi\MicroSoft Visual Studio\Fbm\LibGra\Trasfco.bas"
        NewPath = "C:\Documenti\Visual Studio Projects\Lancio\Grafica.NET\Trasfco.vb"
        FileType = "Module"
        Upgraded = "True"
    >
        <Section Name = "TrasfCoordN" >
            <Issue
                Type = "Runtime"
                Number = "1037"
            >Impossibile risolvere la proprietà predefinita dell'oggetto Membrov.Altezza.</Issue>
            <Issue
                Type = "Compile"
                Number = "1014"
            >L'istruzione GoSub non è supportata.</Issue>
            <Issue
                Type = "Runtime"
                Number = "1037"
            >Impossibile risolvere la proprietà predefinita dell'oggetto Membrov.Diametro.</Issue>
            <Issue
                Type = "Runtime"
                Number = "1037"
            >Impossibile risolvere la proprietà predefinita dell'oggetto Membrov.Piedritto.</Issue>
            <Issue
                Type = "Runtime"
                Number = "1037"
            >Impossibile risolvere la proprietà predefinita dell'oggetto Membrov.Spessore.</Issue>
            <Issue
                Type = "Runtime"
                Number = "1037"
            >Impossibile risolvere la proprietà predefinita dell'oggetto Membro.SpostLat.</Issue>
            <Issue
                Type = "Runtime"
                Number = "1037"
            >Impossibile risolvere la proprietà predefinita dell'oggetto Membrov.Raggio.</Issue>
            <Issue
                Type = "Runtime"
                Number = "1037"
                PME = "Cos"
            >Impossibile risolvere la proprietà predefinita dell'oggetto Membrov.Apertura.</Issue>
            <Issue
                Type = "Runtime"
                Number = "1037"
            >Impossibile risolvere la proprietà predefinita dell'oggetto Membrov.Standard.</Issue>
            <Issue
                Type = "Runtime"
                Number = "1037"
            >Impossibile risolvere la proprietà predefinita dell'oggetto Membrov.Lunghezza.</Issue>
            <Issue
                Type = "Runtime"
                Number = "1037"
            >Impossibile risolvere la proprietà predefinita dell'oggetto Membro.Standard.</Issue>
            <Issue
                Type = "Runtime"
                Number = "1037"
            >Impossibile risolvere la proprietà predefinita dell'oggetto Membrov.Spess.</Issue>
            <Issue
                Type = "Runtime"
                Number = "1037"
            >Impossibile risolvere la proprietà predefinita dell'oggetto Membro.Sporgenza.</Issue>
            <Issue
                Type = "Runtime"
                Number = "1037"
            >Impossibile risolvere la proprietà predefinita dell'oggetto Membro.H.</Issue>
            <Issue
                Type = "Runtime"
                Number = "1037"
            >Impossibile risolvere la proprietà predefinita dell'oggetto Membro.Spessore.</Issue>
            <Issue
                Type = "Runtime"
                Number = "1037"
            >Impossibile risolvere la proprietà predefinita dell'oggetto Membro.SpessGra.</Issue>
            <Issue
                Type = "Runtime"
                Number = "1037"
            >Impossibile risolvere la proprietà predefinita dell'oggetto Membro.SottoTipo.</Issue>
            <Issue
                Type = "Runtime"
                Number = "1037"
            >Impossibile risolvere la proprietà predefinita dell'oggetto Membro.H1.</Issue>
            <Issue
                Type = "Runtime"
                Number = "1037"
            >Impossibile risolvere la proprietà predefinita dell'oggetto Membro.H2.</Issue>
            <Issue
                Type = "Runtime"
                Number = "1037"
            >Impossibile risolvere la proprietà predefinita dell'oggetto Membro.Altezza.</Issue>
            <Issue
                Type = "Runtime"
                Number = "1041"
            >Return ha un nuovo comportamento.</Issue>
            <Issue
                Type = "Runtime"
                Number = "1037"
            >Impossibile risolvere la proprietà predefinita dell'oggetto Membro.Dpicc.</Issue>
            <Issue
                Type = "Runtime"
                Number = "1037"
            >Impossibile risolvere la proprietà predefinita dell'oggetto Membro.DiamInt.</Issue>
            <Issue
                Type = "Runtime"
                Number = "1037"
            >Impossibile risolvere la proprietà predefinita dell'oggetto Membro.Diametro.</Issue>
            <Issue
                Type = "Runtime"
                Number = "1037"
            >Impossibile risolvere la proprietà predefinita dell'oggetto Membro.TipoMat.</Issue>
            <Issue
                Type = "Runtime"
                Number = "1037"
            >Impossibile risolvere la proprietà predefinita dell'oggetto Membrov.H.</Issue>
            <Issue
                Type = "Runtime"
                Number = "1037"
            >Impossibile risolvere la proprietà predefinita dell'oggetto Membrov.H1.</Issue>
            <Issue
                Type = "Runtime"
                Number = "1037"
            >Impossibile risolvere la proprietà predefinita dell'oggetto Membrov.DiamExt.</Issue>
            <Issue
                Type = "Runtime"
                Number = "1037"
            >Impossibile risolvere la proprietà predefinita dell'oggetto Mem.H1.</Issue>
            <Issue
                Type = "Runtime"
                Number = "1037"
            >Impossibile risolvere la proprietà predefinita dell'oggetto Mem.H2.</Issue>
            <Issue
                Type = "Runtime"
                Number = "1037"
            >Impossibile risolvere la proprietà predefinita dell'oggetto Mem.SottoTipo.</Issue>
            <Issue
                Type = "Runtime"
                Number = "1037"
            >Impossibile risolvere la proprietà predefinita dell'oggetto Mem.Spessore.</Issue>
            <Issue
                Type = "Runtime"
                Number = "1037"
            >Impossibile risolvere la proprietà predefinita dell'oggetto Recordv.Parent.Dgran.</Issue>
            <Issue
                Type = "Runtime"
                Number = "1037"
            >Impossibile risolvere la proprietà predefinita dell'oggetto Recordv.Parent.Dpicc.</Issue>
            <Issue
                Type = "Runtime"
                Number = "1037"
            >Impossibile risolvere la proprietà predefinita dell'oggetto Recordv.Parent.Altezza.</Issue>
            <Issue
                Type = "Runtime"
                Number = "1037"
            >Impossibile risolvere la proprietà predefinita dell'oggetto Membrov.Sporgenza.</Issue>
            <Issue
                Type = "Runtime"
                Number = "1037"
            >Impossibile risolvere la proprietà predefinita dell'oggetto Membrov.SpesScarpa.</Issue>
            <Issue
                Type = "Runtime"
                Number = "1037"
            >Impossibile risolvere la proprietà predefinita dell'oggetto Membrov.SpessGra.</Issue>
            <Issue
                Type = "Runtime"
                Number = "1037"
            >Impossibile risolvere la proprietà predefinita dell'oggetto Membrov.SottoTipo.</Issue>
            <Issue
                Type = "Runtime"
                Number = "1037"
            >Impossibile risolvere la proprietà predefinita dell'oggetto Membrov.H2.</Issue>
            <Issue
                Type = "Runtime"
                Number = "1037"
            >Impossibile risolvere la proprietà predefinita dell'oggetto Membrov.SpessRive.</Issue>
            <Issue
                Type = "Runtime"
                Number = "1037"
            >Impossibile risolvere la proprietà predefinita dell'oggetto Membrov.TipoMat.</Issue>
            <Issue
                Type = "Runtime"
                Number = "1037"
            >Impossibile risolvere la proprietà predefinita dell'oggetto Membrov.GenMem.</Issue>
            <Issue
                Type = "Runtime"
                Number = "1037"
            >Impossibile risolvere la proprietà predefinita dell'oggetto Membro.Dgran.</Issue>
            <Issue
                Type = "Runtime"
                Number = "1037"
            >Impossibile risolvere la proprietà predefinita dell'oggetto Membrov.Dgran.</Issue>
            <Issue
                Type = "Runtime"
                Number = "1037"
            >Impossibile risolvere la proprietà predefinita dell'oggetto Membrov.Dpicc.</Issue>
            <Issue
                Type = "Runtime"
                Number = "1037"
                PME = "RTrim$"
            >Impossibile risolvere la proprietà predefinita dell'oggetto Membro.GenMem.</Issue>
            <Issue
                Type = "Runtime"
                Number = "1037"
            >Impossibile risolvere la proprietà predefinita dell'oggetto Membro.Lunghezza.</Issue>
            <Issue
                Type = "Runtime"
                Number = "1037"
            >Impossibile risolvere la proprietà predefinita dell'oggetto Piastra.GenMem.</Issue>
            <Issue
                Type = "Runtime"
                Number = "1037"
            >Impossibile risolvere la proprietà predefinita dell'oggetto Piastra.Spessore.</Issue>
        </Section>
        <Section Name = "RaggioN" >
            <Issue
                Type = "Runtime"
                Number = "1037"
            >Impossibile risolvere la proprietà predefinita dell'oggetto Membrov.Dgran.</Issue>
            <Issue
                Type = "Runtime"
                Number = "1037"
            >Impossibile risolvere la proprietà predefinita dell'oggetto Membrov.Dpicc.</Issue>
            <Issue
                Type = "Runtime"
                Number = "1037"
            >Impossibile risolvere la proprietà predefinita dell'oggetto Membrov.Altezza.</Issue>
            <Issue
                Type = "Runtime"
                Number = "1037"
            >Impossibile risolvere la proprietà predefinita dell'oggetto Membrov.DiamInt.</Issue>
            <Issue
                Type = "Runtime"
                Number = "1037"
            >Impossibile risolvere la proprietà predefinita dell'oggetto Membrov.Diametro.</Issue>
        </Section>
    </File>
    <File
        OldPath = "E:\Programmi\MicroSoft Visual Studio\Fbm\Rectang.bas"
        NewPath = "C:\Documenti\Visual Studio Projects\Lancio\Grafica.NET\Rectang.vb"
        FileType = "Module"
        Upgraded = "True"
    >
        <Section Name = "Rota90" >
            <Issue
                Type = "Runtime"
                Number = "1037"
            >Impossibile risolvere la proprietà predefinita dell'oggetto SP().Lung.</Issue>
            <Issue
                Type = "Runtime"
                Number = "1037"
            >Impossibile risolvere la proprietà predefinita dell'oggetto SP().LARG.</Issue>
            <Issue
                Type = "Runtime"
                Number = "1037"
            >Impossibile risolvere la proprietà predefinita dell'oggetto SP(Rett).Lung.</Issue>
            <Issue
                Type = "Runtime"
                Number = "1037"
            >Impossibile risolvere la proprietà predefinita dell'oggetto SP().MakeCorners.</Issue>
            <Issue
                Type = "Runtime"
                Number = "1037"
            >Impossibile risolvere la proprietà predefinita dell'oggetto SP(Rett).LARG.</Issue>
            <Issue
                Type = "Runtime"
                Number = "1037"
            >Impossibile risolvere la proprietà predefinita dell'oggetto SP.NSpicchi.</Issue>
            <Issue
                Type = "Runtime"
                Number = "1037"
            >Impossibile risolvere la proprietà predefinita dell'oggetto SP()().Origin.</Issue>
            <Issue
                Type = "Runtime"
                Number = "1037"
            >Impossibile risolvere la proprietà predefinita dell'oggetto SP(Spicchi)(i).Origin.</Issue>
            <Issue
                Type = "Runtime"
                Number = "1037"
            >Impossibile risolvere la proprietà predefinita dell'oggetto SP()().Direct.</Issue>
            <Issue
                Type = "Runtime"
                Number = "1037"
            >Impossibile risolvere la proprietà predefinita dell'oggetto SP(Spicchi)(i).Direct.</Issue>
        </Section>
    </File>
    <File
        OldPath = "E:\Programmi\MicroSoft Visual Studio\Fbm\Tipi.bas"
        NewPath = "C:\Documenti\Visual Studio Projects\Lancio\Grafica.NET\Tipi.vb"
        FileType = "Module"
        Upgraded = "True"
    >
        <Section Name = "(Dichiarazioni)" >
            <Issue
                Type = "Compile"
                Number = "1051"
            >Tipo di dichiarazione non supportato: Matrici di stringhe di lunghezza fissa.</Issue>
            <Issue
                Type = "ToDo"
                Number = "1026"
            >&amp;quot;Initialize&amp;quot; deve essere chiamato per inizializzare istanze di questa struttura.</Issue>
        </Section>
        <Section Name = "Initialize" >
            <Issue
                Type = "Runtime"
                Number = "1033"
            >Il limite inferiore della matrice Variab è stato cambiato da 1 a 0.</Issue>
            <Issue
                Type = "Runtime"
                Number = "1033"
            >Il limite inferiore della matrice Dimens è stato cambiato da 1 a 0.</Issue>
            <Issue
                Type = "Runtime"
                Number = "1033"
            >Il limite inferiore della matrice prezzo è stato cambiato da 1 a 0.</Issue>
            <Issue
                Type = "Runtime"
                Number = "1033"
            >Il limite inferiore della matrice Dati è stato cambiato da 1 a 0.</Issue>
            <Issue
                Type = "Runtime"
                Number = "1033"
            >Il limite inferiore della matrice Vertici è stato cambiato da 1 a 0.</Issue>
            <Issue
                Type = "Runtime"
                Number = "1033"
            >Il limite inferiore della matrice Centri è stato cambiato da 1 a 0.</Issue>
            <Issue
                Type = "Runtime"
                Number = "1033"
            >Il limite inferiore della matrice Raggi è stato cambiato da 1 a 0.</Issue>
            <Issue
                Type = "Runtime"
                Number = "1033"
            >Il limite inferiore della matrice Corners è stato cambiato da 1 a 0.</Issue>
            <Issue
                Type = "Runtime"
                Number = "1033"
            >Il limite inferiore della matrice R è stato cambiato da 1 a 0.</Issue>
        </Section>
    </File>
    <File
        OldPath = "E:\Programmi\MicroSoft Visual Studio\Fbm\datides4.Bas"
        NewPath = "C:\Documenti\Visual Studio Projects\Lancio\Grafica.NET\DATIDES4.vb"
        FileType = "Module"
        Upgraded = "True"
    >
        <Section Name = "(Dichiarazioni)" >
            <Issue
                Type = "ToDo"
                Number = "1026"
            >&amp;quot;Initialize&amp;quot; deve essere chiamato per inizializzare istanze di questa struttura.</Issue>
            <Issue
                Type = "Compile"
                Number = "1051"
            >Tipo di dichiarazione non supportato: Matrici di stringhe di lunghezza fissa.</Issue>
        </Section>
        <Section Name = "Initialize" >
            <Issue
                Type = "Runtime"
                Number = "1033"
            >Il limite inferiore della matrice Pdding è stato cambiato da 1 a 0.</Issue>
            <Issue
                Type = "Runtime"
                Number = "1033"
            >Il limite inferiore della matrice ValorM è stato cambiato da 1 a 0.</Issue>
            <Issue
                Type = "Runtime"
                Number = "1033"
            >Il limite inferiore della matrice ValorT è stato cambiato da 1 a 0.</Issue>
            <Issue
                Type = "Runtime"
                Number = "1033"
            >Il limite inferiore della matrice SteamWM è stato cambiato da 1 a 0.</Issue>
            <Issue
                Type = "Runtime"
                Number = "1033"
            >Il limite inferiore della matrice SteamWT è stato cambiato da 1 a 0.</Issue>
            <Issue
                Type = "Runtime"
                Number = "1033"
            >Il limite inferiore della matrice PortVap è stato cambiato da 1 a 0.</Issue>
            <Issue
                Type = "Runtime"
                Number = "1033"
            >Il limite inferiore della matrice PortLiq è stato cambiato da 1 a 0.</Issue>
        </Section>
    </File>
    <File
        OldPath = "E:\Programmi\MicroSoft Visual Studio\Fbm\Traccia\trTipi.bas"
        NewPath = "C:\Documenti\Visual Studio Projects\Lancio\Grafica.NET\TrTipi.vb"
        FileType = "Module"
        Upgraded = "True"
    >
        <Section Name = "(Dichiarazioni)" >
            <Issue
                Type = "ToDo"
                Number = "1026"
            >&amp;quot;Initialize&amp;quot; deve essere chiamato per inizializzare istanze di questa struttura.</Issue>
            <Issue
                Type = "Compile"
                Number = "1051"
            >Tipo di dichiarazione non supportato: Matrici di stringhe di lunghezza fissa.</Issue>
        </Section>
        <Section Name = "Initialize" >
            <Issue
                Type = "Runtime"
                Number = "1033"
            >Il limite inferiore della matrice Pad0 è stato cambiato da 1 a 0.</Issue>
            <Issue
                Type = "Runtime"
                Number = "1033"
            >Il limite inferiore della matrice Pad1 è stato cambiato da 1 a 0.</Issue>
            <Issue
                Type = "Runtime"
                Number = "1033"
            >Il limite inferiore della matrice Pad3 è stato cambiato da 1 a 0.</Issue>
            <Issue
                Type = "Runtime"
                Number = "1033"
            >Il limite inferiore della matrice Pad4 è stato cambiato da 1 a 0.</Issue>
        </Section>
    </File>
    <File
        OldPath = "E:\Programmi\MicroSoft Visual Studio\Fbm\LibGra\clsBocch.cls"
        NewPath = "C:\Documenti\Visual Studio Projects\Lancio\Grafica.NET\clsBocch.vb"
        FileType = "Class Module"
        Upgraded = "True"
    >
        <Section Name = "StringMATE" >
            <Issue
                Type = "Runtime"
                Number = "1037"
                PME = "RTrim$"
            >Impossibile risolvere la proprietà predefinita dell'oggetto GenMem_Renamed.MaterNome().</Issue>
        </Section>
        <Section Name = "Appendi" >
            <Issue
                Type = "Compile"
                Number = "1014"
            >L'istruzione GoSub non è supportata.</Issue>
            <Issue
                Type = "Runtime"
                Number = "1037"
            >Impossibile risolvere la proprietà predefinita dell'oggetto Ogg.GenMem.</Issue>
            <Issue
                Type = "Runtime"
                Number = "1037"
            >Impossibile risolvere la proprietà predefinita dell'oggetto GenMem_Renamed.Appesi(i).GenMem.</Issue>
            <Issue
                Type = "Runtime"
                Number = "1041"
            >Return ha un nuovo comportamento.</Issue>
        </Section>
        <Section Name = "CercaPadAppeso" >
            <Issue
                Type = "Runtime"
                Number = "1037"
            >Impossibile risolvere la proprietà predefinita dell'oggetto Ogg.GenMem.</Issue>
        </Section>
        <Section Name = "SetPad" >
            <Issue
                Type = "Runtime"
                Number = "1037"
            >Impossibile risolvere la proprietà predefinita dell'oggetto Ogg.Spessore.</Issue>
            <Issue
                Type = "Runtime"
                Number = "1037"
            >Impossibile risolvere la proprietà predefinita dell'oggetto Ogg.GenMem.</Issue>
            <Issue
                Type = "Runtime"
                Number = "1037"
            >Impossibile risolvere la proprietà predefinita dell'oggetto Ogg.Diametro.</Issue>
        </Section>
        <Section Name = "CercaTrAppeso" >
            <Issue
                Type = "Runtime"
                Number = "1037"
            >Impossibile risolvere la proprietà predefinita dell'oggetto Ogg.GenMem.</Issue>
        </Section>
    </File>
    <File
        OldPath = "E:\Programmi\MicroSoft Visual Studio\Fbm\LibGra\Curva.cls"
        NewPath = "C:\Documenti\Visual Studio Projects\Lancio\Grafica.NET\Curva.vb"
        FileType = "Class Module"
        Upgraded = "True"
    >
        <Section Name = "StringMATE" >
            <Issue
                Type = "Runtime"
                Number = "1037"
                PME = "RTrim$"
            >Impossibile risolvere la proprietà predefinita dell'oggetto GenMem_Renamed.MaterNome().</Issue>
        </Section>
    </File>
    <File
        OldPath = "E:\Programmi\MicroSoft Visual Studio\Fbm\LibGra\Guarniz.cls"
        NewPath = "C:\Documenti\Visual Studio Projects\Lancio\Grafica.NET\Guarniz.vb"
        FileType = "Class Module"
        Upgraded = "True"
    >
        <Section Name = "StringMATE" >
            <Issue
                Type = "Runtime"
                Number = "1037"
                PME = "RTrim$"
            >Impossibile risolvere la proprietà predefinita dell'oggetto GenMem_Renamed.MaterNome().</Issue>
        </Section>
        <Section Name = "Diametro" >
            <Issue
                Type = "Runtime"
                Number = "1037"
            >Impossibile risolvere la proprietà predefinita dell'oggetto Diametro.</Issue>
        </Section>
    </File>
    <File
        OldPath = "E:\Programmi\MicroSoft Visual Studio\Fbm\LibGra\Tirante.cls"
        NewPath = "C:\Documenti\Visual Studio Projects\Lancio\Grafica.NET\Tirante.vb"
        FileType = "Class Module"
        Upgraded = "True"
    >
        <Section Name = "StringMATE" >
            <Issue
                Type = "Runtime"
                Number = "1037"
                PME = "RTrim$"
            >Impossibile risolvere la proprietà predefinita dell'oggetto GenMem_Renamed.MaterNome().</Issue>
        </Section>
    </File>
    <File
        OldPath = "E:\Programmi\MicroSoft Visual Studio\Fbm\LibGra\frmScelFla.frm"
        NewPath = "C:\Documenti\Visual Studio Projects\Lancio\Grafica.NET\frmScelFla.vb"
        FileType = "Form"
        Upgraded = "True"
    >
        <Section Name = "cmbDiaN_Click" >
            <Issue
                Type = "Runtime"
                Number = "2075"
            >L'evento cmbDiaN.SelectedIndexChanged può essere generato quando il form è inizializzato.</Issue>
        </Section>
        <Section Name = "cmbFacing_Click" >
            <Issue
                Type = "Runtime"
                Number = "2075"
            >L'evento cmbFacing.SelectedIndexChanged può essere generato quando il form è inizializzato.</Issue>
        </Section>
        <Section Name = "cmbRating_Click" >
            <Issue
                Type = "Runtime"
                Number = "2075"
            >L'evento cmbRating.SelectedIndexChanged può essere generato quando il form è inizializzato.</Issue>
        </Section>
        <Section Name = "cmbTab_Click" >
            <Issue
                Type = "Runtime"
                Number = "2075"
            >L'evento cmbTab.SelectedIndexChanged può essere generato quando il form è inizializzato.</Issue>
        </Section>
        <Section Name = "Form_Load" >
            <Issue
                Type = "Runtime"
                Number = "1037"
            >Impossibile risolvere la proprietà predefinita dell'oggetto Tipi(globFlangia.TipoTabella).EOF.</Issue>
            <Issue
                Type = "Runtime"
                Number = "1037"
            >Impossibile risolvere la proprietà predefinita dell'oggetto Tipi()!Tipo.</Issue>
            <Issue
                Type = "Runtime"
                Number = "1037"
            >Impossibile risolvere la proprietà predefinita dell'oggetto Tipi()!indice.</Issue>
            <Issue
                Type = "Runtime"
                Number = "1037"
            >Impossibile risolvere la proprietà predefinita dell'oggetto Tipi(globFlangia.TipoTabella)!Tipo.</Issue>
            <Issue
                Type = "Runtime"
                Number = "1037"
            >Impossibile risolvere la proprietà predefinita dell'oggetto Tipi().MoveNext.</Issue>
        </Section>
    </File>
    <File
        OldPath = "E:\Programmi\MicroSoft Visual Studio\Fbm\LibGra\Grafic.bas"
        NewPath = "C:\Documenti\Visual Studio Projects\Lancio\Grafica.NET\Grafic.vb"
        FileType = "Module"
        Upgraded = "True"
    >
        <Section Name = "(Dichiarazioni)" >
            <Issue
                Type = "ToDo"
                Number = "1026"
            >&amp;quot;Initialize&amp;quot; deve essere chiamato per inizializzare istanze di questa struttura.</Issue>
            <Issue
                Type = "Runtime"
                Number = "1033"
            >Il limite inferiore della matrice Nfori è stato cambiato da 1 a 0.</Issue>
        </Section>
        <Section Name = "Initialize" >
            <Issue
                Type = "Runtime"
                Number = "1033"
            >Il limite inferiore della matrice Tipo è stato cambiato da 1 a 0.</Issue>
            <Issue
                Type = "Runtime"
                Number = "1033"
            >Il limite inferiore della matrice Quota è stato cambiato da 1 a 0.</Issue>
            <Issue
                Type = "Runtime"
                Number = "1033"
            >Il limite inferiore della matrice Spost è stato cambiato da 1 a 0.</Issue>
            <Issue
                Type = "Runtime"
                Number = "1033"
            >Il limite inferiore della matrice Verso è stato cambiato da 1 a 0.</Issue>
        </Section>
        <Section Name = "SendMessage" >
            <Issue
                Type = "Compile"
                Number = "1016"
            >La dichiarazione di un parametro &amp;quot;As Any&amp;quot; non è supportata.</Issue>
        </Section>
        <Section Name = "GetCursorPos" >
            <Issue
                Type = "Runtime"
                Number = "1050"
            >La struttura POINTAPI potrebbe richiedere attributi di marshalling da passare come argomento a questa istruzione Declare.</Issue>
        </Section>
        <Section Name = "DisDilat" >
            <Issue
                Type = "Compile"
                Number = "1014"
            >L'istruzione GoSub non è supportata.</Issue>
            <Issue
                Type = "Runtime"
                Number = "1041"
            >Return ha un nuovo comportamento.</Issue>
        </Section>
        <Section Name = "DisTaglio" >
            <Issue
                Type = "Runtime"
                Number = "1037"
            >Impossibile risolvere la proprietà predefinita dell'oggetto Oggetto.GenMem.</Issue>
            <Issue
                Type = "Runtime"
                Number = "1037"
            >Impossibile risolvere la proprietà predefinita dell'oggetto Ogg4.GenMem.</Issue>
            <Issue
                Type = "Runtime"
                Number = "1037"
            >Impossibile risolvere la proprietà predefinita dell'oggetto Punti.Punti().x.</Issue>
            <Issue
                Type = "Runtime"
                Number = "1037"
            >Impossibile risolvere la proprietà predefinita dell'oggetto Punti.Punti(i).y.</Issue>
            <Issue
                Type = "Runtime"
                Number = "1037"
            >Impossibile risolvere la proprietà predefinita dell'oggetto Punti.Punti().y.</Issue>
            <Issue
                Type = "Runtime"
                Number = "1037"
            >Impossibile risolvere la proprietà predefinita dell'oggetto Punti.Punti(i).x.</Issue>
            <Issue
                Type = "Runtime"
                Number = "1037"
            >Impossibile risolvere la proprietà predefinita dell'oggetto Punti.Punti(i1).x.</Issue>
            <Issue
                Type = "Runtime"
                Number = "1037"
            >Impossibile risolvere la proprietà predefinita dell'oggetto Punti.Punti(i1).y.</Issue>
            <Issue
                Type = "Runtime"
                Number = "1037"
            >Impossibile risolvere la proprietà predefinita dell'oggetto Punti1.Punti().x.</Issue>
            <Issue
                Type = "Runtime"
                Number = "1037"
            >Impossibile risolvere la proprietà predefinita dell'oggetto Punti1.Punti().y.</Issue>
            <Issue
                Type = "Runtime"
                Number = "1037"
            >Impossibile risolvere la proprietà predefinita dell'oggetto Punti1.Punti(2).x.</Issue>
            <Issue
                Type = "Runtime"
                Number = "1037"
            >Impossibile risolvere la proprietà predefinita dell'oggetto Punti1.Punti(1).y.</Issue>
            <Issue
                Type = "Runtime"
                Number = "1037"
            >Impossibile risolvere la proprietà predefinita dell'oggetto Punti1.Punti(2).y.</Issue>
            <Issue
                Type = "Runtime"
                Number = "1037"
            >Impossibile risolvere la proprietà predefinita dell'oggetto Punti1.Punti(1).x.</Issue>
            <Issue
                Type = "Runtime"
                Number = "1037"
            >Impossibile risolvere la proprietà predefinita dell'oggetto Punti.Punti(j).y.</Issue>
            <Issue
                Type = "Runtime"
                Number = "1037"
            >Impossibile risolvere la proprietà predefinita dell'oggetto Punti.Punti(j1).x.</Issue>
            <Issue
                Type = "Runtime"
                Number = "1037"
            >Impossibile risolvere la proprietà predefinita dell'oggetto Punti.Punti(j1).y.</Issue>
        </Section>
        <Section Name = "IntersPol" >
            <Issue
                Type = "Compile"
                Number = "1014"
            >L'istruzione GoSub non è supportata.</Issue>
            <Issue
                Type = "Runtime"
                Number = "1037"
                PME = "Sqr"
            >Impossibile risolvere la proprietà predefinita dell'oggetto PPP.Punti().x.</Issue>
            <Issue
                Type = "Runtime"
                Number = "1037"
            >Impossibile risolvere la proprietà predefinita dell'oggetto PPP.Punti(i1).x.</Issue>
            <Issue
                Type = "Runtime"
                Number = "1037"
            >Impossibile risolvere la proprietà predefinita dell'oggetto PPP.Punti(i).y.</Issue>
            <Issue
                Type = "Runtime"
                Number = "1037"
            >Impossibile risolvere la proprietà predefinita dell'oggetto PPP.Punti(i1).y.</Issue>
            <Issue
                Type = "Runtime"
                Number = "1037"
            >Impossibile risolvere la proprietà predefinita dell'oggetto PPP.Punti(i).Z.</Issue>
            <Issue
                Type = "Runtime"
                Number = "1037"
            >Impossibile risolvere la proprietà predefinita dell'oggetto PPP.Punti(i1).Z.</Issue>
            <Issue
                Type = "Runtime"
                Number = "1037"
            >Impossibile risolvere la proprietà predefinita dell'oggetto PPP.Punti().Z.</Issue>
            <Issue
                Type = "Runtime"
                Number = "1037"
            >Impossibile risolvere la proprietà predefinita dell'oggetto PPP.Punti().y.</Issue>
            <Issue
                Type = "Runtime"
                Number = "1037"
            >Impossibile risolvere la proprietà predefinita dell'oggetto Centri.Punti().x.</Issue>
            <Issue
                Type = "Runtime"
                Number = "1037"
            >Impossibile risolvere la proprietà predefinita dell'oggetto Centri.Punti().y.</Issue>
            <Issue
                Type = "Runtime"
                Number = "1037"
            >Impossibile risolvere la proprietà predefinita dell'oggetto Polig.Vertici.Punti().x.</Issue>
            <Issue
                Type = "Runtime"
                Number = "1037"
            >Impossibile risolvere la proprietà predefinita dell'oggetto Polig.Vertici.Punti().y.</Issue>
            <Issue
                Type = "Runtime"
                Number = "1037"
            >Impossibile risolvere la proprietà predefinita dell'oggetto Polig.Centri.Punti().x.</Issue>
            <Issue
                Type = "Runtime"
                Number = "1037"
            >Impossibile risolvere la proprietà predefinita dell'oggetto Polig.Centri.Punti().y.</Issue>
            <Issue
                Type = "Runtime"
                Number = "1037"
            >Impossibile risolvere la proprietà predefinita dell'oggetto PPP.Punti(j).x.</Issue>
            <Issue
                Type = "Runtime"
                Number = "1037"
            >Impossibile risolvere la proprietà predefinita dell'oggetto PPP.Punti(j).y.</Issue>
            <Issue
                Type = "Runtime"
                Number = "1037"
            >Impossibile risolvere la proprietà predefinita dell'oggetto PPP.Punti(j).Z.</Issue>
            <Issue
                Type = "Runtime"
                Number = "1037"
            >Impossibile risolvere la proprietà predefinita dell'oggetto Centri.Punti().Z.</Issue>
            <Issue
                Type = "Runtime"
                Number = "1037"
            >Impossibile risolvere la proprietà predefinita dell'oggetto Centri.Punti(j).x.</Issue>
            <Issue
                Type = "Runtime"
                Number = "1037"
            >Impossibile risolvere la proprietà predefinita dell'oggetto Centri.Punti(j).y.</Issue>
            <Issue
                Type = "Runtime"
                Number = "1037"
            >Impossibile risolvere la proprietà predefinita dell'oggetto Centri.Punti(j).Z.</Issue>
            <Issue
                Type = "Runtime"
                Number = "1037"
                PME = "Abs"
            >Impossibile risolvere la proprietà predefinita dell'oggetto Polig.Raggi().</Issue>
            <Issue
                Type = "Runtime"
                Number = "1037"
            >Impossibile risolvere la proprietà predefinita dell'oggetto PPP.Punti().</Issue>
            <Issue
                Type = "Runtime"
                Number = "1037"
            >Impossibile risolvere la proprietà predefinita dell'oggetto Centri.Punti().</Issue>
            <Issue
                Type = "Runtime"
                Number = "1041"
            >Return ha un nuovo comportamento.</Issue>
            <Issue
                Type = "Runtime"
                Number = "1037"
            >Impossibile risolvere la proprietà predefinita dell'oggetto PPP.Punti(k).x.</Issue>
            <Issue
                Type = "Runtime"
                Number = "1037"
            >Impossibile risolvere la proprietà predefinita dell'oggetto PPP.Punti(k).y.</Issue>
            <Issue
                Type = "Runtime"
                Number = "1037"
            >Impossibile risolvere la proprietà predefinita dell'oggetto Centri.Punti(k).x.</Issue>
            <Issue
                Type = "Runtime"
                Number = "1037"
            >Impossibile risolvere la proprietà predefinita dell'oggetto Centri.Punti(k).y.</Issue>
            <Issue
                Type = "Runtime"
                Number = "1037"
            >Impossibile risolvere la proprietà predefinita dell'oggetto Centri.Punti(k).Z.</Issue>
            <Issue
                Type = "Runtime"
                Number = "1037"
            >Impossibile risolvere la proprietà predefinita dell'oggetto PPP.Punti().distpunpun.</Issue>
        </Section>
        <Section Name = "SpezzSpecial" >
            <Issue
                Type = "Runtime"
                Number = "1037"
            >Impossibile risolvere la proprietà predefinita dell'oggetto Puntif.Punti().x.</Issue>
            <Issue
                Type = "Runtime"
                Number = "1037"
            >Impossibile risolvere la proprietà predefinita dell'oggetto Puntif.Punti(i1).x.</Issue>
            <Issue
                Type = "Runtime"
                Number = "1037"
            >Impossibile risolvere la proprietà predefinita dell'oggetto Puntif.Punti(i).y.</Issue>
            <Issue
                Type = "Runtime"
                Number = "1037"
            >Impossibile risolvere la proprietà predefinita dell'oggetto Puntif.Punti(i1).y.</Issue>
            <Issue
                Type = "Runtime"
                Number = "1037"
            >Impossibile risolvere la proprietà predefinita dell'oggetto Raggi(i).</Issue>
            <Issue
                Type = "Runtime"
                Number = "1037"
                PME = "Sqr"
            >Impossibile risolvere la proprietà predefinita dell'oggetto Puntif1.Punti().x.</Issue>
            <Issue
                Type = "Runtime"
                Number = "1037"
            >Impossibile risolvere la proprietà predefinita dell'oggetto Puntif.Punti(i).x.</Issue>
            <Issue
                Type = "Runtime"
                Number = "1037"
            >Impossibile risolvere la proprietà predefinita dell'oggetto Puntif1.Punti(i).y.</Issue>
            <Issue
                Type = "Runtime"
                Number = "1037"
            >Impossibile risolvere la proprietà predefinita dell'oggetto Puntif1.Punti(i).x.</Issue>
            <Issue
                Type = "Runtime"
                Number = "1037"
            >Impossibile risolvere la proprietà predefinita dell'oggetto Puntif.Punti().y.</Issue>
            <Issue
                Type = "Runtime"
                Number = "1037"
            >Impossibile risolvere la proprietà predefinita dell'oggetto Puntif1.Punti().</Issue>
        </Section>
        <Section Name = "Interseca" >
            <Issue
                Type = "Runtime"
                Number = "1037"
            >Impossibile risolvere la proprietà predefinita dell'oggetto PPP.Punti().x.</Issue>
            <Issue
                Type = "Runtime"
                Number = "1037"
            >Impossibile risolvere la proprietà predefinita dell'oggetto PPP.Punti().y.</Issue>
            <Issue
                Type = "Runtime"
                Number = "1037"
            >Impossibile risolvere la proprietà predefinita dell'oggetto PPP.Punti().Z.</Issue>
            <Issue
                Type = "Runtime"
                Number = "1037"
            >Impossibile risolvere la proprietà predefinita dell'oggetto PPP.Punti(i).y.</Issue>
            <Issue
                Type = "Runtime"
                Number = "1037"
            >Impossibile risolvere la proprietà predefinita dell'oggetto PPP.Punti(i).Z.</Issue>
            <Issue
                Type = "Runtime"
                Number = "1037"
            >Impossibile risolvere la proprietà predefinita dell'oggetto QQQ.Punti(i).x.</Issue>
            <Issue
                Type = "Runtime"
                Number = "1037"
            >Impossibile risolvere la proprietà predefinita dell'oggetto QQQ.Punti(i).y.</Issue>
            <Issue
                Type = "Runtime"
                Number = "1037"
            >Impossibile risolvere la proprietà predefinita dell'oggetto QQQ.Punti(i).Z.</Issue>
            <Issue
                Type = "Runtime"
                Number = "1037"
            >Impossibile risolvere la proprietà predefinita dell'oggetto QQQ.Punti().x.</Issue>
            <Issue
                Type = "Runtime"
                Number = "1037"
            >Impossibile risolvere la proprietà predefinita dell'oggetto QQQ.Punti().y.</Issue>
            <Issue
                Type = "Runtime"
                Number = "1037"
            >Impossibile risolvere la proprietà predefinita dell'oggetto QQQ.Punti().Z.</Issue>
            <Issue
                Type = "Runtime"
                Number = "1037"
            >Impossibile risolvere la proprietà predefinita dell'oggetto QQQ.Punti(j).Z.</Issue>
            <Issue
                Type = "Runtime"
                Number = "1037"
            >Impossibile risolvere la proprietà predefinita dell'oggetto QQQ.Punti(j).x.</Issue>
            <Issue
                Type = "Runtime"
                Number = "1037"
            >Impossibile risolvere la proprietà predefinita dell'oggetto QQQ.Punti(j).y.</Issue>
            <Issue
                Type = "Compile"
                Number = "1014"
            >L'istruzione GoSub non è supportata.</Issue>
            <Issue
                Type = "Runtime"
                Number = "1037"
            >Impossibile risolvere la proprietà predefinita dell'oggetto Punti.Punti().Copia.</Issue>
            <Issue
                Type = "Runtime"
                Number = "1037"
            >Impossibile risolvere la proprietà predefinita dell'oggetto Punti.Punti(i3).x.</Issue>
            <Issue
                Type = "Runtime"
                Number = "1037"
            >Impossibile risolvere la proprietà predefinita dell'oggetto Punti.Punti(i1).x.</Issue>
            <Issue
                Type = "Runtime"
                Number = "1037"
            >Impossibile risolvere la proprietà predefinita dell'oggetto Punti.Punti(i3).y.</Issue>
            <Issue
                Type = "Runtime"
                Number = "1037"
            >Impossibile risolvere la proprietà predefinita dell'oggetto Punti.Punti(i1).y.</Issue>
            <Issue
                Type = "Runtime"
                Number = "1041"
            >Return ha un nuovo comportamento.</Issue>
        </Section>
        <Section Name = "DisTubiDir" >
            <Issue
                Type = "Runtime"
                Number = "1037"
            >Impossibile risolvere la proprietà predefinita dell'oggetto Oggetto.GenMem.posizione.SuChi.Spessore.</Issue>
            <Issue
                Type = "Runtime"
                Number = "1037"
            >Impossibile risolvere la proprietà predefinita dell'oggetto Oggetto.GenMem.posizione.SuChi.GenMem.</Issue>
            <Issue
                Type = "Compile"
                Number = "1014"
            >L'istruzione GoSub non è supportata.</Issue>
            <Issue
                Type = "Runtime"
                Number = "1041"
                PME = "Dir"
            >Dir ha un nuovo comportamento.</Issue>
            <Issue
                Type = "Runtime"
                Number = "1041"
            >Return ha un nuovo comportamento.</Issue>
            <Issue
                Type = "Runtime"
                Number = "1037"
                PME = "Abs"
            >Impossibile risolvere la proprietà predefinita dell'oggetto Ogg.GenMem.</Issue>
            <Issue
                Type = "Runtime"
                Number = "1037"
            >Impossibile risolvere la proprietà predefinita dell'oggetto PuntiS.Punti().x.</Issue>
            <Issue
                Type = "Runtime"
                Number = "1037"
            >Impossibile risolvere la proprietà predefinita dell'oggetto PuntiS.Punti().y.</Issue>
            <Issue
                Type = "Runtime"
                Number = "1037"
            >Impossibile risolvere la proprietà predefinita dell'oggetto PuntiS.Punti().</Issue>
        </Section>
        <Section Name = "DisPia" >
            <Issue
                Type = "Compile"
                Number = "1014"
            >L'istruzione GoSub non è supportata.</Issue>
            <Issue
                Type = "Runtime"
                Number = "1037"
            >Impossibile risolvere la proprietà predefinita dell'oggetto PuntiS.Punti().x.</Issue>
            <Issue
                Type = "Runtime"
                Number = "1037"
            >Impossibile risolvere la proprietà predefinita dell'oggetto PuntiS.Punti().y.</Issue>
            <Issue
                Type = "Runtime"
                Number = "1037"
            >Impossibile risolvere la proprietà predefinita dell'oggetto PuntiS.Punti(2).x.</Issue>
            <Issue
                Type = "Runtime"
                Number = "1037"
            >Impossibile risolvere la proprietà predefinita dell'oggetto PuntiS.Punti(3).x.</Issue>
            <Issue
                Type = "Runtime"
                Number = "1037"
            >Impossibile risolvere la proprietà predefinita dell'oggetto PuntiS.Punti(1).x.</Issue>
            <Issue
                Type = "Runtime"
                Number = "1037"
            >Impossibile risolvere la proprietà predefinita dell'oggetto PuntiS.Punti(1).y.</Issue>
            <Issue
                Type = "Runtime"
                Number = "1037"
            >Impossibile risolvere la proprietà predefinita dell'oggetto PuntiS.Punti(2).y.</Issue>
            <Issue
                Type = "Runtime"
                Number = "1037"
            >Impossibile risolvere la proprietà predefinita dell'oggetto PuntiS.Punti(3).y.</Issue>
            <Issue
                Type = "Runtime"
                Number = "1037"
            >Impossibile risolvere la proprietà predefinita dell'oggetto PuntiS.Punti(4).x.</Issue>
            <Issue
                Type = "Runtime"
                Number = "1037"
            >Impossibile risolvere la proprietà predefinita dell'oggetto PuntiS.Punti(5).x.</Issue>
            <Issue
                Type = "Runtime"
                Number = "1037"
            >Impossibile risolvere la proprietà predefinita dell'oggetto PuntiS.Punti(6).x.</Issue>
            <Issue
                Type = "Runtime"
                Number = "1037"
            >Impossibile risolvere la proprietà predefinita dell'oggetto PuntiS.Punti(7).x.</Issue>
            <Issue
                Type = "Runtime"
                Number = "1037"
            >Impossibile risolvere la proprietà predefinita dell'oggetto PuntiS.Punti(5).y.</Issue>
            <Issue
                Type = "Runtime"
                Number = "1037"
            >Impossibile risolvere la proprietà predefinita dell'oggetto PuntiS.Punti(7).y.</Issue>
            <Issue
                Type = "Runtime"
                Number = "1037"
            >Impossibile risolvere la proprietà predefinita dell'oggetto PuntiS.Punti(8).x.</Issue>
            <Issue
                Type = "Runtime"
                Number = "1037"
            >Impossibile risolvere la proprietà predefinita dell'oggetto PuntiS.Punti(9).x.</Issue>
            <Issue
                Type = "Runtime"
                Number = "1037"
            >Impossibile risolvere la proprietà predefinita dell'oggetto PuntiS.Punti(8).y.</Issue>
            <Issue
                Type = "Runtime"
                Number = "1037"
            >Impossibile risolvere la proprietà predefinita dell'oggetto PuntiS.Punti(10).x.</Issue>
            <Issue
                Type = "Runtime"
                Number = "1037"
            >Impossibile risolvere la proprietà predefinita dell'oggetto PuntiS.Punti(21 - i).y.</Issue>
            <Issue
                Type = "Runtime"
                Number = "1037"
            >Impossibile risolvere la proprietà predefinita dell'oggetto PuntiS.Punti(21 - i).x.</Issue>
            <Issue
                Type = "Runtime"
                Number = "1037"
            >Impossibile risolvere la proprietà predefinita dell'oggetto PuntiS.Punti(21).x.</Issue>
            <Issue
                Type = "Runtime"
                Number = "1037"
            >Impossibile risolvere la proprietà predefinita dell'oggetto PuntiS.Punti(21).y.</Issue>
            <Issue
                Type = "Runtime"
                Number = "1037"
            >Impossibile risolvere la proprietà predefinita dell'oggetto PuntiS.Punti(10).y.</Issue>
            <Issue
                Type = "Runtime"
                Number = "1037"
            >Impossibile risolvere la proprietà predefinita dell'oggetto PuntiS.Punti(11).x.</Issue>
            <Issue
                Type = "Runtime"
                Number = "1037"
            >Impossibile risolvere la proprietà predefinita dell'oggetto PuntiS.Punti(12).x.</Issue>
            <Issue
                Type = "Runtime"
                Number = "1037"
            >Impossibile risolvere la proprietà predefinita dell'oggetto PuntiS.Punti(11).y.</Issue>
            <Issue
                Type = "Runtime"
                Number = "1037"
            >Impossibile risolvere la proprietà predefinita dell'oggetto PuntiS.Punti(13).x.</Issue>
            <Issue
                Type = "Runtime"
                Number = "1037"
            >Impossibile risolvere la proprietà predefinita dell'oggetto PuntiS.Punti(13).y.</Issue>
            <Issue
                Type = "Runtime"
                Number = "1037"
            >Impossibile risolvere la proprietà predefinita dell'oggetto PuntiS.Punti(14).x.</Issue>
            <Issue
                Type = "Runtime"
                Number = "1037"
            >Impossibile risolvere la proprietà predefinita dell'oggetto PuntiS.Punti(14).y.</Issue>
            <Issue
                Type = "Runtime"
                Number = "1037"
            >Impossibile risolvere la proprietà predefinita dell'oggetto PuntiS.Punti(15).x.</Issue>
            <Issue
                Type = "Runtime"
                Number = "1037"
            >Impossibile risolvere la proprietà predefinita dell'oggetto PuntiS.Punti(15).y.</Issue>
            <Issue
                Type = "Runtime"
                Number = "1037"
            >Impossibile risolvere la proprietà predefinita dell'oggetto PuntiS.Punti(16).y.</Issue>
            <Issue
                Type = "Runtime"
                Number = "1037"
            >Impossibile risolvere la proprietà predefinita dell'oggetto PuntiS.Punti(17).x.</Issue>
            <Issue
                Type = "Runtime"
                Number = "1037"
            >Impossibile risolvere la proprietà predefinita dell'oggetto PuntiS.Punti(18).y.</Issue>
            <Issue
                Type = "Runtime"
                Number = "1037"
            >Impossibile risolvere la proprietà predefinita dell'oggetto PuntiS.Punti(16).x.</Issue>
            <Issue
                Type = "Runtime"
                Number = "1037"
            >Impossibile risolvere la proprietà predefinita dell'oggetto PuntiS.Punti(17).y.</Issue>
            <Issue
                Type = "Runtime"
                Number = "1037"
            >Impossibile risolvere la proprietà predefinita dell'oggetto PuntiS.Punti(k).x.</Issue>
            <Issue
                Type = "Runtime"
                Number = "1037"
            >Impossibile risolvere la proprietà predefinita dell'oggetto PuntiS.Punti(k).y.</Issue>
            <Issue
                Type = "Runtime"
                Number = "1037"
            >Impossibile risolvere la proprietà predefinita dell'oggetto PuntiS.Punti(19 + k).x.</Issue>
            <Issue
                Type = "Runtime"
                Number = "1037"
            >Impossibile risolvere la proprietà predefinita dell'oggetto PuntiS.Punti(20 + k).x.</Issue>
            <Issue
                Type = "Runtime"
                Number = "1037"
            >Impossibile risolvere la proprietà predefinita dell'oggetto PuntiS.Punti(21 + k).x.</Issue>
            <Issue
                Type = "Runtime"
                Number = "1037"
            >Impossibile risolvere la proprietà predefinita dell'oggetto PuntiS.Punti(21 + k).y.</Issue>
            <Issue
                Type = "Runtime"
                Number = "1037"
            >Impossibile risolvere la proprietà predefinita dell'oggetto PuntiS.Punti(20 + k).y.</Issue>
            <Issue
                Type = "Runtime"
                Number = "1037"
            >Impossibile risolvere la proprietà predefinita dell'oggetto PuntiS.Punti(19 + k).y.</Issue>
            <Issue
                Type = "Runtime"
                Number = "1037"
            >Impossibile risolvere la proprietà predefinita dell'oggetto PuntiS.Punti(22).x.</Issue>
            <Issue
                Type = "Runtime"
                Number = "1037"
            >Impossibile risolvere la proprietà predefinita dell'oggetto PuntiS.Punti(22).y.</Issue>
            <Issue
                Type = "Runtime"
                Number = "1037"
            >Impossibile risolvere la proprietà predefinita dell'oggetto PuntiS.Punti(23).x.</Issue>
            <Issue
                Type = "Runtime"
                Number = "1037"
            >Impossibile risolvere la proprietà predefinita dell'oggetto PuntiS.Punti(23).y.</Issue>
            <Issue
                Type = "Runtime"
                Number = "1037"
            >Impossibile risolvere la proprietà predefinita dell'oggetto PuntiS.Punti(24).x.</Issue>
            <Issue
                Type = "Runtime"
                Number = "1037"
            >Impossibile risolvere la proprietà predefinita dell'oggetto PuntiS.Punti(24).y.</Issue>
            <Issue
                Type = "Runtime"
                Number = "1037"
            >Impossibile risolvere la proprietà predefinita dell'oggetto PuntiS.Punti(27).x.</Issue>
            <Issue
                Type = "Runtime"
                Number = "1037"
            >Impossibile risolvere la proprietà predefinita dell'oggetto PuntiD.Punti(i + 1).x.</Issue>
            <Issue
                Type = "Runtime"
                Number = "1037"
            >Impossibile risolvere la proprietà predefinita dell'oggetto PuntiD.Punti(i + 1).y.</Issue>
            <Issue
                Type = "Runtime"
                Number = "1037"
            >Impossibile risolvere la proprietà predefinita dell'oggetto PuntiD.Punti().x.</Issue>
            <Issue
                Type = "Runtime"
                Number = "1037"
            >Impossibile risolvere la proprietà predefinita dell'oggetto PuntiD.Punti().y.</Issue>
            <Issue
                Type = "Runtime"
                Number = "1037"
            >Impossibile risolvere la proprietà predefinita dell'oggetto PuntiS.Punti().</Issue>
            <Issue
                Type = "Runtime"
                Number = "1037"
            >Impossibile risolvere la proprietà predefinita dell'oggetto PuntiD.Punti().</Issue>
            <Issue
                Type = "Runtime"
                Number = "1041"
            >Return ha un nuovo comportamento.</Issue>
            <Issue
                Type = "Runtime"
                Number = "1037"
            >Impossibile risolvere la proprietà predefinita dell'oggetto OrigiB().</Issue>
            <Issue
                Type = "Runtime"
                Number = "1037"
            >Impossibile risolvere la proprietà predefinita dell'oggetto DirB().</Issue>
            <Issue
                Type = "Runtime"
                Number = "1037"
            >Impossibile risolvere la proprietà predefinita dell'oggetto DirB().x.</Issue>
            <Issue
                Type = "Runtime"
                Number = "1037"
            >Impossibile risolvere la proprietà predefinita dell'oggetto DirB(j).y.</Issue>
            <Issue
                Type = "Runtime"
                Number = "1037"
            >Impossibile risolvere la proprietà predefinita dell'oggetto PuntiD.Punti(2).y.</Issue>
            <Issue
                Type = "Runtime"
                Number = "1037"
            >Impossibile risolvere la proprietà predefinita dell'oggetto PuntiD.Punti(3).y.</Issue>
            <Issue
                Type = "Runtime"
                Number = "1037"
            >Impossibile risolvere la proprietà predefinita dell'oggetto PuntiD.Punti(19).y.</Issue>
            <Issue
                Type = "Runtime"
                Number = "1037"
            >Impossibile risolvere la proprietà predefinita dell'oggetto PuntiD.Punti(20).y.</Issue>
            <Issue
                Type = "Runtime"
                Number = "1037"
            >Impossibile risolvere la proprietà predefinita dell'oggetto DirB().y.</Issue>
            <Issue
                Type = "Runtime"
                Number = "1037"
            >Impossibile risolvere la proprietà predefinita dell'oggetto OrigiB().x.</Issue>
            <Issue
                Type = "Runtime"
                Number = "1037"
            >Impossibile risolvere la proprietà predefinita dell'oggetto OrigiB().y.</Issue>
            <Issue
                Type = "Runtime"
                Number = "1037"
            >Impossibile risolvere la proprietà predefinita dell'oggetto PuntiS.Punti(Npunti + 1).x.</Issue>
        </Section>
        <Section Name = "DisGuar" >
            <Issue
                Type = "Runtime"
                Number = "1037"
            >Impossibile risolvere la proprietà predefinita dell'oggetto Oggetto.GenMem.</Issue>
            <Issue
                Type = "Runtime"
                Number = "1037"
            >Impossibile risolvere la proprietà predefinita dell'oggetto Oggetto.DiamExt.</Issue>
            <Issue
                Type = "Runtime"
                Number = "1037"
            >Impossibile risolvere la proprietà predefinita dell'oggetto Oggetto.DiamInt.</Issue>
            <Issue
                Type = "Runtime"
                Number = "1037"
            >Impossibile risolvere la proprietà predefinita dell'oggetto Oggetto.Spess.</Issue>
            <Issue
                Type = "Compile"
                Number = "1014"
            >L'istruzione GoSub non è supportata.</Issue>
            <Issue
                Type = "Runtime"
                Number = "1041"
            >Return ha un nuovo comportamento.</Issue>
        </Section>
        <Section Name = "DisPads" >
            <Issue
                Type = "Runtime"
                Number = "1037"
            >Impossibile risolvere la proprietà predefinita dell'oggetto Oggetto.GenMem.</Issue>
            <Issue
                Type = "Runtime"
                Number = "1037"
            >Impossibile risolvere la proprietà predefinita dell'oggetto Oggetto.DiamExt.</Issue>
            <Issue
                Type = "Runtime"
                Number = "1037"
            >Impossibile risolvere la proprietà predefinita dell'oggetto Oggetto.DiamInt.</Issue>
            <Issue
                Type = "Runtime"
                Number = "1037"
            >Impossibile risolvere la proprietà predefinita dell'oggetto Oggetto.Spess.</Issue>
            <Issue
                Type = "Runtime"
                Number = "1037"
            >Impossibile risolvere la proprietà predefinita dell'oggetto Oggetto.Dmant.</Issue>
            <Issue
                Type = "Compile"
                Number = "1014"
            >L'istruzione GoSub non è supportata.</Issue>
            <Issue
                Type = "Runtime"
                Number = "1037"
            >Impossibile risolvere la proprietà predefinita dell'oggetto Cil.GenMem.</Issue>
            <Issue
                Type = "Runtime"
                Number = "1037"
            >Impossibile risolvere la proprietà predefinita dell'oggetto Cil.Diametro.</Issue>
            <Issue
                Type = "Runtime"
                Number = "1037"
            >Impossibile risolvere la proprietà predefinita dell'oggetto Cil.Piedritto.</Issue>
            <Issue
                Type = "Runtime"
                Number = "1037"
            >Impossibile risolvere la proprietà predefinita dell'oggetto Punti.Punti().x.</Issue>
            <Issue
                Type = "Runtime"
                Number = "1037"
            >Impossibile risolvere la proprietà predefinita dell'oggetto Punti.Punti(1).y.</Issue>
            <Issue
                Type = "Runtime"
                Number = "1037"
            >Impossibile risolvere la proprietà predefinita dell'oggetto Punti.Punti(1).x.</Issue>
            <Issue
                Type = "Runtime"
                Number = "1037"
            >Impossibile risolvere la proprietà predefinita dell'oggetto Punti.Punti().y.</Issue>
            <Issue
                Type = "Runtime"
                Number = "1041"
            >Return ha un nuovo comportamento.</Issue>
        </Section>
        <Section Name = "DisCalDisc" >
            <Issue
                Type = "Compile"
                Number = "1014"
            >L'istruzione GoSub non è supportata.</Issue>
            <Issue
                Type = "Runtime"
                Number = "1037"
            >Impossibile risolvere la proprietà predefinita dell'oggetto Punti0.Punti().x.</Issue>
            <Issue
                Type = "Runtime"
                Number = "1037"
            >Impossibile risolvere la proprietà predefinita dell'oggetto Punti1.Punti(1).x.</Issue>
            <Issue
                Type = "Runtime"
                Number = "1037"
            >Impossibile risolvere la proprietà predefinita dell'oggetto Punti0.Punti(1).y.</Issue>
            <Issue
                Type = "Runtime"
                Number = "1037"
            >Impossibile risolvere la proprietà predefinita dell'oggetto Punti1.Punti(1).y.</Issue>
            <Issue
                Type = "Runtime"
                Number = "1037"
            >Impossibile risolvere la proprietà predefinita dell'oggetto Punti0.Punti(3).x.</Issue>
            <Issue
                Type = "Runtime"
                Number = "1037"
            >Impossibile risolvere la proprietà predefinita dell'oggetto Punti1.Punti(3).x.</Issue>
            <Issue
                Type = "Runtime"
                Number = "1037"
            >Impossibile risolvere la proprietà predefinita dell'oggetto Punti0.Punti(3).y.</Issue>
            <Issue
                Type = "Runtime"
                Number = "1037"
            >Impossibile risolvere la proprietà predefinita dell'oggetto Punti1.Punti(3).y.</Issue>
            <Issue
                Type = "Runtime"
                Number = "1037"
            >Impossibile risolvere la proprietà predefinita dell'oggetto Punti0.Punti().y.</Issue>
            <Issue
                Type = "Runtime"
                Number = "1041"
            >Return ha un nuovo comportamento.</Issue>
        </Section>
        <Section Name = "AggiustaLun" >
            <Issue
                Type = "Runtime"
                Number = "1037"
            >Impossibile risolvere la proprietà predefinita dell'oggetto Ind.GenMem.</Issue>
            <Issue
                Type = "Runtime"
                Number = "1037"
            >Impossibile risolvere la proprietà predefinita dell'oggetto Record.Parent.SottoTipo.</Issue>
            <Issue
                Type = "Runtime"
                Number = "1037"
            >Impossibile risolvere la proprietà predefinita dell'oggetto Record.Parent.SpessBase.</Issue>
            <Issue
                Type = "Runtime"
                Number = "1037"
            >Impossibile risolvere la proprietà predefinita dell'oggetto Record.Parent.H2.</Issue>
        </Section>
        <Section Name = "CercaForoS" >
            <Issue
                Type = "Runtime"
                Number = "1037"
            >Impossibile risolvere la proprietà predefinita dell'oggetto indice.posizione.</Issue>
            <Issue
                Type = "Runtime"
                Number = "1037"
            >Impossibile risolvere la proprietà predefinita dell'oggetto indice.Tipo.</Issue>
            <Issue
                Type = "Runtime"
                Number = "1037"
            >Impossibile risolvere la proprietà predefinita dell'oggetto Record.Parent.Dinst.</Issue>
            <Issue
                Type = "Runtime"
                Number = "1037"
            >Impossibile risolvere la proprietà predefinita dell'oggetto Record.Parent.Lunghezza.</Issue>
            <Issue
                Type = "Runtime"
                Number = "1037"
            >Impossibile risolvere la proprietà predefinita dell'oggetto Point3.Punti().</Issue>
            <Issue
                Type = "Runtime"
                Number = "1037"
            >Impossibile risolvere la proprietà predefinita dell'oggetto Point3.Punti().x.</Issue>
            <Issue
                Type = "Runtime"
                Number = "1037"
            >Impossibile risolvere la proprietà predefinita dell'oggetto Point3.Punti(2).x.</Issue>
            <Issue
                Type = "Runtime"
                Number = "1037"
            >Impossibile risolvere la proprietà predefinita dell'oggetto Point3.Punti().y.</Issue>
            <Issue
                Type = "Runtime"
                Number = "1037"
            >Impossibile risolvere la proprietà predefinita dell'oggetto Point3.Punti(2).y.</Issue>
            <Issue
                Type = "Runtime"
                Number = "1037"
            >Impossibile risolvere la proprietà predefinita dell'oggetto Point3.Punti().Z.</Issue>
            <Issue
                Type = "Runtime"
                Number = "1037"
            >Impossibile risolvere la proprietà predefinita dell'oggetto Point3.Punti(2).Z.</Issue>
            <Issue
                Type = "Runtime"
                Number = "1037"
            >Impossibile risolvere la proprietà predefinita dell'oggetto apparecchio_Renamed.Elementi().GenMem.</Issue>
            <Issue
                Type = "Runtime"
                Number = "1037"
            >Impossibile risolvere la proprietà predefinita dell'oggetto apparecchio_Renamed.Elementi().H.</Issue>
            <Issue
                Type = "Runtime"
                Number = "1037"
            >Impossibile risolvere la proprietà predefinita dell'oggetto apparecchio_Renamed.Elementi().SpessBase.</Issue>
            <Issue
                Type = "Runtime"
                Number = "1037"
            >Impossibile risolvere la proprietà predefinita dell'oggetto apparecchio_Renamed.Elementi(j).GenMem.</Issue>
            <Issue
                Type = "Runtime"
                Number = "1037"
            >Impossibile risolvere la proprietà predefinita dell'oggetto Point3.Punti(3).x.</Issue>
            <Issue
                Type = "Runtime"
                Number = "1037"
            >Impossibile risolvere la proprietà predefinita dell'oggetto Point3.Punti(3).y.</Issue>
            <Issue
                Type = "Runtime"
                Number = "1037"
            >Impossibile risolvere la proprietà predefinita dell'oggetto Point3.Punti(3).Z.</Issue>
            <Issue
                Type = "Runtime"
                Number = "1037"
            >Impossibile risolvere la proprietà predefinita dell'oggetto Point3.Punti(4).x.</Issue>
            <Issue
                Type = "Runtime"
                Number = "1037"
            >Impossibile risolvere la proprietà predefinita dell'oggetto Point3.Punti(4).y.</Issue>
            <Issue
                Type = "Runtime"
                Number = "1037"
            >Impossibile risolvere la proprietà predefinita dell'oggetto Point3.Punti(4).Z.</Issue>
            <Issue
                Type = "Compile"
                Number = "1014"
            >L'istruzione GoSub non è supportata.</Issue>
            <Issue
                Type = "Runtime"
                Number = "1037"
            >Impossibile risolvere la proprietà predefinita dell'oggetto apparecchio_Renamed.Elementi(j).DiamInt.</Issue>
            <Issue
                Type = "Runtime"
                Number = "1037"
            >Impossibile risolvere la proprietà predefinita dell'oggetto apparecchio_Renamed.Elementi(j).DiamExt.</Issue>
            <Issue
                Type = "Runtime"
                Number = "1037"
            >Impossibile risolvere la proprietà predefinita dell'oggetto apparecchio_Renamed.Elementi(j).SpessBase.</Issue>
            <Issue
                Type = "Runtime"
                Number = "1037"
            >Impossibile risolvere la proprietà predefinita dell'oggetto apparecchio_Renamed.Elementi(j).SottoTipo.</Issue>
            <Issue
                Type = "Runtime"
                Number = "1037"
            >Impossibile risolvere la proprietà predefinita dell'oggetto Record.Parent.DiamExt.</Issue>
            <Issue
                Type = "Runtime"
                Number = "1037"
            >Impossibile risolvere la proprietà predefinita dell'oggetto Point3.Punti(5).x.</Issue>
            <Issue
                Type = "Runtime"
                Number = "1037"
            >Impossibile risolvere la proprietà predefinita dell'oggetto Point3.Punti(5).y.</Issue>
            <Issue
                Type = "Runtime"
                Number = "1037"
            >Impossibile risolvere la proprietà predefinita dell'oggetto Point3.Punti(5).Z.</Issue>
            <Issue
                Type = "Runtime"
                Number = "1037"
            >Impossibile risolvere la proprietà predefinita dell'oggetto Point3.Punti(6).x.</Issue>
            <Issue
                Type = "Runtime"
                Number = "1037"
            >Impossibile risolvere la proprietà predefinita dell'oggetto Point3.Punti(6).y.</Issue>
            <Issue
                Type = "Runtime"
                Number = "1037"
            >Impossibile risolvere la proprietà predefinita dell'oggetto Point3.Punti(6).Z.</Issue>
            <Issue
                Type = "Runtime"
                Number = "1037"
            >Impossibile risolvere la proprietà predefinita dell'oggetto Point3.Punti().ProdScalar.</Issue>
            <Issue
                Type = "Runtime"
                Number = "1041"
            >Return ha un nuovo comportamento.</Issue>
        </Section>
        <Section Name = "VerifBordo" >
            <Issue
                Type = "Runtime"
                Number = "1037"
            >Impossibile risolvere la proprietà predefinita dell'oggetto Record.Parent.Standard.</Issue>
            <Issue
                Type = "Runtime"
                Number = "1037"
            >Impossibile risolvere la proprietà predefinita dell'oggetto Record.Parent.Diametro.</Issue>
            <Issue
                Type = "Runtime"
                Number = "1037"
            >Impossibile risolvere la proprietà predefinita dell'oggetto Recordv.Parent.Diametro.</Issue>
            <Issue
                Type = "Runtime"
                Number = "1037"
                PME = "Sqr"
            >Impossibile risolvere la proprietà predefinita dell'oggetto Punti.Punti().x.</Issue>
            <Issue
                Type = "Runtime"
                Number = "1037"
            >Impossibile risolvere la proprietà predefinita dell'oggetto Punti.Punti(1).y.</Issue>
            <Issue
                Type = "Runtime"
                Number = "1037"
            >Impossibile risolvere la proprietà predefinita dell'oggetto Punti.Punti(2).y.</Issue>
            <Issue
                Type = "Runtime"
                Number = "1037"
            >Impossibile risolvere la proprietà predefinita dell'oggetto Punti.Punti(1 + i1).x.</Issue>
            <Issue
                Type = "Runtime"
                Number = "1037"
            >Impossibile risolvere la proprietà predefinita dell'oggetto Punti.Punti(1 + i1).y.</Issue>
            <Issue
                Type = "Runtime"
                Number = "1037"
            >Impossibile risolvere la proprietà predefinita dell'oggetto Punti.Punti().y.</Issue>
            <Issue
                Type = "Runtime"
                Number = "1037"
            >Impossibile risolvere la proprietà predefinita dell'oggetto Punti.Punti(3 + i1).x.</Issue>
            <Issue
                Type = "Runtime"
                Number = "1037"
            >Impossibile risolvere la proprietà predefinita dell'oggetto Punti.Punti(3 + i1).y.</Issue>
            <Issue
                Type = "Runtime"
                Number = "1037"
            >Impossibile risolvere la proprietà predefinita dell'oggetto Recordv.Parent.AlfaCon.</Issue>
        </Section>
        <Section Name = "Intersect" >
            <Issue
                Type = "Runtime"
                Number = "1037"
            >Impossibile risolvere la proprietà predefinita dell'oggetto O.Bucante.</Issue>
            <Issue
                Type = "Runtime"
                Number = "1037"
            >Impossibile risolvere la proprietà predefinita dell'oggetto O.GenMem.</Issue>
            <Issue
                Type = "Compile"
                Number = "1014"
            >L'istruzione GoSub non è supportata.</Issue>
            <Issue
                Type = "Runtime"
                Number = "1037"
            >Impossibile risolvere la proprietà predefinita dell'oggetto Recordv.posizione.SuChi.GenMem.</Issue>
            <Issue
                Type = "Runtime"
                Number = "1037"
            >Impossibile risolvere la proprietà predefinita dell'oggetto Record.Parent.Diametro.</Issue>
            <Issue
                Type = "Runtime"
                Number = "1037"
            >Impossibile risolvere la proprietà predefinita dell'oggetto Record.Parent.SpessBase.</Issue>
            <Issue
                Type = "Runtime"
                Number = "1037"
            >Impossibile risolvere la proprietà predefinita dell'oggetto Recordv.Parent.Spessore.</Issue>
            <Issue
                Type = "Runtime"
                Number = "1037"
            >Impossibile risolvere la proprietà predefinita dell'oggetto Recordv.Parent.SpessBase.</Issue>
            <Issue
                Type = "Runtime"
                Number = "1041"
            >Return ha un nuovo comportamento.</Issue>
            <Issue
                Type = "Runtime"
                Number = "1037"
            >Impossibile risolvere la proprietà predefinita dell'oggetto Record.Parent.Standard.</Issue>
            <Issue
                Type = "Runtime"
                Number = "1037"
            >Impossibile risolvere la proprietà predefinita dell'oggetto Record.Parent.TipoF.</Issue>
            <Issue
                Type = "Runtime"
                Number = "1037"
            >Impossibile risolvere la proprietà predefinita dell'oggetto Recordv.Parent.Diametro.</Issue>
            <Issue
                Type = "Runtime"
                Number = "1037"
            >Impossibile risolvere la proprietà predefinita dell'oggetto Recordv.Parent.Piedritto.</Issue>
            <Issue
                Type = "Runtime"
                Number = "1037"
            >Impossibile risolvere la proprietà predefinita dell'oggetto RecTubi.Parent.DiamExt.</Issue>
            <Issue
                Type = "Runtime"
                Number = "1037"
            >Impossibile risolvere la proprietà predefinita dell'oggetto RecPiastra.Parent.SpessBase.</Issue>
            <Issue
                Type = "Runtime"
                Number = "1037"
            >Impossibile risolvere la proprietà predefinita dell'oggetto Recordv.Parent.DiamExt.</Issue>
            <Issue
                Type = "Runtime"
                Number = "1037"
            >Impossibile risolvere la proprietà predefinita dell'oggetto Recordv.Parent.Standard.</Issue>
            <Issue
                Type = "Runtime"
                Number = "1037"
            >Impossibile risolvere la proprietà predefinita dell'oggetto Recordv.Parent.SottoTipo.</Issue>
            <Issue
                Type = "Runtime"
                Number = "1037"
            >Impossibile risolvere la proprietà predefinita dell'oggetto Record.Parent.SpessGra.</Issue>
            <Issue
                Type = "Runtime"
                Number = "1037"
            >Impossibile risolvere la proprietà predefinita dell'oggetto Record.Parent.H.</Issue>
            <Issue
                Type = "Runtime"
                Number = "1037"
            >Impossibile risolvere la proprietà predefinita dell'oggetto Record.Parent.SottoTipo.</Issue>
            <Issue
                Type = "Runtime"
                Number = "1037"
            >Impossibile risolvere la proprietà predefinita dell'oggetto Record.Parent.H3.</Issue>
            <Issue
                Type = "Runtime"
                Number = "1037"
            >Impossibile risolvere la proprietà predefinita dell'oggetto Record.Parent.H1.</Issue>
            <Issue
                Type = "Runtime"
                Number = "1037"
            >Impossibile risolvere la proprietà predefinita dell'oggetto Record.Parent.H2.</Issue>
            <Issue
                Type = "Runtime"
                Number = "1037"
            >Impossibile risolvere la proprietà predefinita dell'oggetto Record.Parent.H4.</Issue>
        </Section>
        <Section Name = "CercaPos" >
            <Issue
                Type = "Runtime"
                Number = "1037"
            >Impossibile risolvere la proprietà predefinita dell'oggetto apparecchio_Renamed.Elementi(i).GenMem.</Issue>
            <Issue
                Type = "Runtime"
                Number = "1037"
            >Impossibile risolvere la proprietà predefinita dell'oggetto apparecchio_Renamed.Elementi().GenMem.</Issue>
            <Issue
                Type = "Compile"
                Number = "1014"
            >L'istruzione GoSub non è supportata.</Issue>
            <Issue
                Type = "Runtime"
                Number = "1041"
            >Return ha un nuovo comportamento.</Issue>
        </Section>
        <Section Name = "SetInsert" >
            <Issue
                Type = "Runtime"
                Number = "1037"
            >Impossibile risolvere la proprietà predefinita dell'oggetto t.SelLength.</Issue>
            <Issue
                Type = "Runtime"
                Number = "1037"
            >Impossibile risolvere la proprietà predefinita dell'oggetto t.SelStart.</Issue>
            <Issue
                Type = "Runtime"
                Number = "1037"
            >Impossibile risolvere la proprietà predefinita dell'oggetto InsertMode.</Issue>
        </Section>
        <Section Name = "TrattaCar" >
            <Issue
                Type = "Runtime"
                Number = "1037"
            >Impossibile risolvere la proprietà predefinita dell'oggetto InsertMode.</Issue>
        </Section>
        <Section Name = "DisTira" >
            <Issue
                Type = "Compile"
                Number = "1014"
            >L'istruzione GoSub non è supportata.</Issue>
            <Issue
                Type = "Runtime"
                Number = "1037"
            >Impossibile risolvere la proprietà predefinita dell'oggetto PuntiS.Punti(j + 1).x.</Issue>
            <Issue
                Type = "Runtime"
                Number = "1037"
            >Impossibile risolvere la proprietà predefinita dell'oggetto PuntiS.Punti(j + 1).y.</Issue>
            <Issue
                Type = "Runtime"
                Number = "1041"
            >Return ha un nuovo comportamento.</Issue>
        </Section>
        <Section Name = "DisTegola" >
            <Issue
                Type = "Compile"
                Number = "1014"
            >L'istruzione GoSub non è supportata.</Issue>
            <Issue
                Type = "Runtime"
                Number = "1041"
            >Return ha un nuovo comportamento.</Issue>
        </Section>
        <Section Name = "DisFlan" >
            <Issue
                Type = "Compile"
                Number = "1014"
            >L'istruzione GoSub non è supportata.</Issue>
            <Issue
                Type = "Runtime"
                Number = "1041"
            >Return ha un nuovo comportamento.</Issue>
        </Section>
        <Section Name = "Preleva" >
            <Issue
                Type = "Runtime"
                Number = "1037"
            >Impossibile risolvere la proprietà predefinita dell'oggetto OldInd.GenMem.</Issue>
        </Section>
        <Section Name = "Dispaccia" >
            <Issue
                Type = "Compile"
                Number = "1014"
            >L'istruzione GoSub non è supportata.</Issue>
            <Issue
                Type = "Runtime"
                Number = "1037"
            >Impossibile risolvere la proprietà predefinita dell'oggetto Membro.GenMem.</Issue>
            <Issue
                Type = "Runtime"
                Number = "1037"
            >Impossibile risolvere la proprietà predefinita dell'oggetto Membro.leggi.</Issue>
        </Section>
        <Section Name = "DeletaForiN" >
            <Issue
                Type = "Compile"
                Number = "1014"
            >L'istruzione GoSub non è supportata.</Issue>
            <Issue
                Type = "Runtime"
                Number = "1037"
            >Impossibile risolvere la proprietà predefinita dell'oggetto OldMembro.GenMem.</Issue>
            <Issue
                Type = "Runtime"
                Number = "1037"
            >Impossibile risolvere la proprietà predefinita dell'oggetto OldMembro.Bucante.</Issue>
            <Issue
                Type = "Runtime"
                Number = "1037"
            >Impossibile risolvere la proprietà predefinita dell'oggetto OldMembro.Quota.</Issue>
            <Issue
                Type = "Runtime"
                Number = "1037"
            >Impossibile risolvere la proprietà predefinita dell'oggetto OldMembro.Raggio.</Issue>
            <Issue
                Type = "Runtime"
                Number = "1037"
            >Impossibile risolvere la proprietà predefinita dell'oggetto OldMembro.anom.</Issue>
            <Issue
                Type = "Runtime"
                Number = "1041"
            >Return ha un nuovo comportamento.</Issue>
        </Section>
        <Section Name = "EditaPos" >
            <Issue
                Type = "Runtime"
                Number = "1037"
            >Impossibile risolvere la proprietà predefinita dell'oggetto OldInd.leggi.</Issue>
            <Issue
                Type = "Runtime"
                Number = "2065"
                ObjectName = "Screen"
                ObjectType = "Screen"
                PME = "MousePointer"
            >Screen proprietà Screen.MousePointer presenta un nuovo comportamento.</Issue>
            <Issue
                Type = "Runtime"
                Number = "1037"
            >Impossibile risolvere la proprietà predefinita dell'oggetto OldInd.GenMem.</Issue>
        </Section>
        <Section Name = "DuplicaPos" >
            <Issue
                Type = "Runtime"
                Number = "1037"
            >Impossibile risolvere la proprietà predefinita dell'oggetto Origine.GenMem.</Issue>
            <Issue
                Type = "Runtime"
                Number = "1037"
            >Impossibile risolvere la proprietà predefinita dell'oggetto Origine.Copia.</Issue>
            <Issue
                Type = "Runtime"
                Number = "1037"
            >Impossibile risolvere la proprietà predefinita dell'oggetto Copia.GenMem.</Issue>
        </Section>
        <Section Name = "CancPosN" >
            <Issue
                Type = "Runtime"
                Number = "1041"
                PME = "VarType"
            >VarType ha un nuovo comportamento.</Issue>
            <Issue
                Type = "Runtime"
                Number = "1037"
            >Impossibile risolvere la proprietà predefinita dell'oggetto Arg.</Issue>
            <Issue
                Type = "Runtime"
                Number = "1037"
                PME = "Str$"
            >Impossibile risolvere la proprietà predefinita dell'oggetto SopraMembro.GenMem.</Issue>
            <Issue
                Type = "Runtime"
                Number = "1037"
            >Impossibile risolvere la proprietà predefinita dell'oggetto OldMembro.GenMem.</Issue>
            <Issue
                Type = "Compile"
                Number = "1014"
            >L'istruzione GoSub non è supportata.</Issue>
            <Issue
                Type = "Runtime"
                Number = "1037"
            >Impossibile risolvere la proprietà predefinita dell'oggetto SopraMembro.RimuoviSpeciali.</Issue>
            <Issue
                Type = "Runtime"
                Number = "1041"
            >Return ha un nuovo comportamento.</Issue>
        </Section>
        <Section Name = "ResetFori" >
            <Issue
                Type = "Runtime"
                Number = "1037"
            >Impossibile risolvere la proprietà predefinita dell'oggetto apparecchio_Renamed.Elementi(j).GenMem.</Issue>
            <Issue
                Type = "Compile"
                Number = "1014"
            >L'istruzione GoSub non è supportata.</Issue>
            <Issue
                Type = "Runtime"
                Number = "1037"
            >Impossibile risolvere la proprietà predefinita dell'oggetto apparecchio_Renamed.Elementi().GenMem.</Issue>
            <Issue
                Type = "Runtime"
                Number = "1041"
            >Return ha un nuovo comportamento.</Issue>
        </Section>
        <Section Name = "BucoTirFlan" >
            <Issue
                Type = "Runtime"
                Number = "1037"
            >Impossibile risolvere la proprietà predefinita dell'oggetto Record.Parent.Standard.</Issue>
            <Issue
                Type = "Runtime"
                Number = "1037"
            >Impossibile risolvere la proprietà predefinita dell'oggetto Recordv.Parent.SottoTipo.</Issue>
            <Issue
                Type = "Runtime"
                Number = "1037"
            >Impossibile risolvere la proprietà predefinita dell'oggetto Recordv.Parent.SpessBase.</Issue>
            <Issue
                Type = "Runtime"
                Number = "1037"
            >Impossibile risolvere la proprietà predefinita dell'oggetto Recordv.Parent.SpessGra.</Issue>
            <Issue
                Type = "Runtime"
                Number = "1037"
            >Impossibile risolvere la proprietà predefinita dell'oggetto Recordv.Parent.H.</Issue>
            <Issue
                Type = "Runtime"
                Number = "1037"
            >Impossibile risolvere la proprietà predefinita dell'oggetto Recordv.Parent.H3.</Issue>
            <Issue
                Type = "Runtime"
                Number = "1037"
            >Impossibile risolvere la proprietà predefinita dell'oggetto Recordv.Parent.H2.</Issue>
            <Issue
                Type = "Runtime"
                Number = "1037"
            >Impossibile risolvere la proprietà predefinita dell'oggetto Recordv.Parent.H4.</Issue>
            <Issue
                Type = "Runtime"
                Number = "1037"
            >Impossibile risolvere la proprietà predefinita dell'oggetto Recordv.Parent.H1.</Issue>
        </Section>
        <Section Name = "RaggioBocN" >
            <Issue
                Type = "Runtime"
                Number = "1037"
            >Impossibile risolvere la proprietà predefinita dell'oggetto Rec.Parent.DiamInt.</Issue>
            <Issue
                Type = "Runtime"
                Number = "1037"
            >Impossibile risolvere la proprietà predefinita dell'oggetto Rec.Parent.Standard.</Issue>
            <Issue
                Type = "Runtime"
                Number = "1037"
            >Impossibile risolvere la proprietà predefinita dell'oggetto Rec.Parent.DiamExt.</Issue>
            <Issue
                Type = "Runtime"
                Number = "1037"
            >Impossibile risolvere la proprietà predefinita dell'oggetto Rec.Parent.DiamScarpa.</Issue>
            <Issue
                Type = "Runtime"
                Number = "1037"
            >Impossibile risolvere la proprietà predefinita dell'oggetto Rec.Parent.DiamRinf.</Issue>
        </Section>
        <Section Name = "SetTraversaN" >
            <Issue
                Type = "Compile"
                Number = "1014"
            >L'istruzione GoSub non è supportata.</Issue>
            <Issue
                Type = "Runtime"
                Number = "1037"
            >Impossibile risolvere la proprietà predefinita dell'oggetto Recordv.posizione.SuChi.GenMem.</Issue>
            <Issue
                Type = "Runtime"
                Number = "1041"
            >Return ha un nuovo comportamento.</Issue>
        </Section>
        <Section Name = "Dpic" >
            <Issue
                Type = "Runtime"
                Number = "1037"
            >Impossibile risolvere la proprietà predefinita dell'oggetto Recordv.Parent.Dgran.</Issue>
            <Issue
                Type = "Runtime"
                Number = "1037"
            >Impossibile risolvere la proprietà predefinita dell'oggetto Recordv.Parent.Dpic.</Issue>
            <Issue
                Type = "Runtime"
                Number = "1037"
            >Impossibile risolvere la proprietà predefinita dell'oggetto Punti.Punti(1).x.</Issue>
            <Issue
                Type = "Runtime"
                Number = "1037"
            >Impossibile risolvere la proprietà predefinita dell'oggetto Punti.Punti(1).y.</Issue>
            <Issue
                Type = "Runtime"
                Number = "1037"
                PME = "Sqr"
            >Impossibile risolvere la proprietà predefinita dell'oggetto Punti.Punti().x.</Issue>
            <Issue
                Type = "Runtime"
                Number = "1037"
            >Impossibile risolvere la proprietà predefinita dell'oggetto Punti.Punti(i1).x.</Issue>
            <Issue
                Type = "Runtime"
                Number = "1037"
            >Impossibile risolvere la proprietà predefinita dell'oggetto Punti.Punti(i1).y.</Issue>
        </Section>
        <Section Name = "SetDirittaN" >
            <Issue
                Type = "Runtime"
                Number = "1037"
            >Impossibile risolvere la proprietà predefinita dell'oggetto Recv.Parent.Apertura.</Issue>
            <Issue
                Type = "Runtime"
                Number = "1037"
            >Impossibile risolvere la proprietà predefinita dell'oggetto Recv.Parent.AlfaCon.</Issue>
            <Issue
                Type = "Runtime"
                Number = "1037"
                PME = "Atn"
            >Impossibile risolvere la proprietà predefinita dell'oggetto Recv.Parent.Dgran.</Issue>
            <Issue
                Type = "Runtime"
                Number = "1037"
            >Impossibile risolvere la proprietà predefinita dell'oggetto Recv.Parent.Altezza.</Issue>
            <Issue
                Type = "Runtime"
                Number = "1037"
            >Impossibile risolvere la proprietà predefinita dell'oggetto Recv.Parent.Dpicc.</Issue>
        </Section>
        <Section Name = "SetOriginN" >
            <Issue
                Type = "Compile"
                Number = "1014"
            >L'istruzione GoSub non è supportata.</Issue>
            <Issue
                Type = "Runtime"
                Number = "1041"
            >Return ha un nuovo comportamento.</Issue>
            <Issue
                Type = "Runtime"
                Number = "1037"
            >Impossibile risolvere la proprietà predefinita dell'oggetto Rec.Parent.SpostLat.</Issue>
        </Section>
        <Section Name = "SezRetFon" >
            <Issue
                Type = "Runtime"
                Number = "1037"
            >Impossibile risolvere la proprietà predefinita dell'oggetto Oggetto.GenMem.</Issue>
            <Issue
                Type = "Compile"
                Number = "1014"
            >L'istruzione GoSub non è supportata.</Issue>
            <Issue
                Type = "Runtime"
                Number = "1041"
            >Return ha un nuovo comportamento.</Issue>
        </Section>
        <Section Name = "DisFon" >
            <Issue
                Type = "Runtime"
                Number = "1033"
            >Il limite inferiore della matrice DesSin è stato cambiato da 1,0 a 0,0.</Issue>
            <Issue
                Type = "Compile"
                Number = "1014"
            >L'istruzione GoSub non è supportata.</Issue>
            <Issue
                Type = "Runtime"
                Number = "1041"
            >Return ha un nuovo comportamento.</Issue>
            <Issue
                Type = "Runtime"
                Number = "1037"
            >Impossibile risolvere la proprietà predefinita dell'oggetto PuntiS.Punti().x.</Issue>
            <Issue
                Type = "Runtime"
                Number = "1037"
            >Impossibile risolvere la proprietà predefinita dell'oggetto PuntiS.Punti().y.</Issue>
            <Issue
                Type = "Runtime"
                Number = "1037"
            >Impossibile risolvere la proprietà predefinita dell'oggetto PuntiS.Punti(2).y.</Issue>
            <Issue
                Type = "Runtime"
                Number = "1037"
            >Impossibile risolvere la proprietà predefinita dell'oggetto PuntiS.Punti(3).x.</Issue>
            <Issue
                Type = "Runtime"
                Number = "1037"
            >Impossibile risolvere la proprietà predefinita dell'oggetto PuntiS.Punti(3).y.</Issue>
            <Issue
                Type = "Runtime"
                Number = "1037"
            >Impossibile risolvere la proprietà predefinita dell'oggetto PuntiS.Punti(i + 1).x.</Issue>
            <Issue
                Type = "Runtime"
                Number = "1037"
            >Impossibile risolvere la proprietà predefinita dell'oggetto PuntiD.Punti(i + 1).x.</Issue>
            <Issue
                Type = "Runtime"
                Number = "1037"
            >Impossibile risolvere la proprietà predefinita dell'oggetto PuntiS.Punti(i + 1).y.</Issue>
            <Issue
                Type = "Runtime"
                Number = "1037"
            >Impossibile risolvere la proprietà predefinita dell'oggetto PuntiD.Punti(i + 1).y.</Issue>
            <Issue
                Type = "Runtime"
                Number = "1037"
            >Impossibile risolvere la proprietà predefinita dell'oggetto Punti1.Punti().x.</Issue>
            <Issue
                Type = "Runtime"
                Number = "1037"
            >Impossibile risolvere la proprietà predefinita dell'oggetto Punti1.Punti(i).y.</Issue>
            <Issue
                Type = "Runtime"
                Number = "1037"
            >Impossibile risolvere la proprietà predefinita dell'oggetto Punti2.Punti(i).x.</Issue>
            <Issue
                Type = "Runtime"
                Number = "1037"
            >Impossibile risolvere la proprietà predefinita dell'oggetto Punti2.Punti(i).y.</Issue>
            <Issue
                Type = "Runtime"
                Number = "1037"
            >Impossibile risolvere la proprietà predefinita dell'oggetto Rett2.</Issue>
            <Issue
                Type = "Runtime"
                Number = "1037"
                PME = "Sqr"
            >Impossibile risolvere la proprietà predefinita dell'oggetto Punti.Punti().x.</Issue>
            <Issue
                Type = "Runtime"
                Number = "1037"
            >Impossibile risolvere la proprietà predefinita dell'oggetto Punti.Punti(iAng).y.</Issue>
            <Issue
                Type = "Runtime"
                Number = "1037"
            >Impossibile risolvere la proprietà predefinita dell'oggetto Punti.Punti().y.</Issue>
            <Issue
                Type = "Runtime"
                Number = "1037"
            >Impossibile risolvere la proprietà predefinita dell'oggetto Punti.Punti().Copia.</Issue>
            <Issue
                Type = "Runtime"
                Number = "1037"
            >Impossibile risolvere la proprietà predefinita dell'oggetto Punti1.Punti(j).y.</Issue>
            <Issue
                Type = "Runtime"
                Number = "1037"
            >Impossibile risolvere la proprietà predefinita dell'oggetto Punti1.Punti().y.</Issue>
            <Issue
                Type = "Runtime"
                Number = "1037"
            >Impossibile risolvere la proprietà predefinita dell'oggetto Punti1.Punti(jj).y.</Issue>
            <Issue
                Type = "Runtime"
                Number = "1037"
                PME = "Sqr"
            >Impossibile risolvere la proprietà predefinita dell'oggetto Punti2.Punti().x.</Issue>
            <Issue
                Type = "Runtime"
                Number = "1037"
            >Impossibile risolvere la proprietà predefinita dell'oggetto Punti2.Punti(j).y.</Issue>
            <Issue
                Type = "Runtime"
                Number = "1037"
            >Impossibile risolvere la proprietà predefinita dell'oggetto Punti2.Punti().y.</Issue>
            <Issue
                Type = "Runtime"
                Number = "1037"
            >Impossibile risolvere la proprietà predefinita dell'oggetto Punti2.Punti(jj).y.</Issue>
            <Issue
                Type = "Runtime"
                Number = "1037"
                PME = "Sqr"
            >Impossibile risolvere la proprietà predefinita dell'oggetto Punti12.Punti().x.</Issue>
            <Issue
                Type = "Runtime"
                Number = "1037"
            >Impossibile risolvere la proprietà predefinita dell'oggetto Punti12.Punti(i + 1).y.</Issue>
            <Issue
                Type = "Runtime"
                Number = "1037"
            >Impossibile risolvere la proprietà predefinita dell'oggetto Punti12.Punti().y.</Issue>
            <Issue
                Type = "Runtime"
                Number = "1037"
            >Impossibile risolvere la proprietà predefinita dell'oggetto Punti12.Punti(i).y.</Issue>
        </Section>
        <Section Name = "LeggiBuchi" >
            <Issue
                Type = "Runtime"
                Number = "1037"
            >Impossibile risolvere la proprietà predefinita dell'oggetto ApparProv.Elementi().Quota.</Issue>
            <Issue
                Type = "Runtime"
                Number = "1037"
            >Impossibile risolvere la proprietà predefinita dell'oggetto ApparProv.Elementi().anom.</Issue>
            <Issue
                Type = "Runtime"
                Number = "1037"
            >Impossibile risolvere la proprietà predefinita dell'oggetto ApparProv.Elementi().Bucante.</Issue>
            <Issue
                Type = "Runtime"
                Number = "1037"
            >Impossibile risolvere la proprietà predefinita dell'oggetto Bucante.GenMem.</Issue>
            <Issue
                Type = "Runtime"
                Number = "1037"
            >Impossibile risolvere la proprietà predefinita dell'oggetto Bucante.DiamInt.</Issue>
            <Issue
                Type = "Runtime"
                Number = "1037"
            >Impossibile risolvere la proprietà predefinita dell'oggetto Bucante.Standard.</Issue>
            <Issue
                Type = "Runtime"
                Number = "1037"
            >Impossibile risolvere la proprietà predefinita dell'oggetto Bucante.DiamRinf.</Issue>
            <Issue
                Type = "Runtime"
                Number = "1037"
            >Impossibile risolvere la proprietà predefinita dell'oggetto Bucante.DiamScarpa.</Issue>
            <Issue
                Type = "Runtime"
                Number = "1037"
            >Impossibile risolvere la proprietà predefinita dell'oggetto Bucante.Diametro.</Issue>
            <Issue
                Type = "Runtime"
                Number = "1037"
            >Impossibile risolvere la proprietà predefinita dell'oggetto Bucante.Spessore.</Issue>
            <Issue
                Type = "Runtime"
                Number = "1037"
            >Impossibile risolvere la proprietà predefinita dell'oggetto Oggetto.GenMem.</Issue>
            <Issue
                Type = "Runtime"
                Number = "1037"
            >Impossibile risolvere la proprietà predefinita dell'oggetto ApparProv.Elementi(j).GenMem.</Issue>
        </Section>
        <Section Name = "DisSpicchi" >
            <Issue
                Type = "Compile"
                Number = "1014"
            >L'istruzione GoSub non è supportata.</Issue>
            <Issue
                Type = "Runtime"
                Number = "1041"
            >Return ha un nuovo comportamento.</Issue>
        </Section>
        <Section Name = "DisCon" >
            <Issue
                Type = "Runtime"
                Number = "1042"
            >È possibile che singoli elementi della matrice Rett debbano essere inizializzati.</Issue>
            <Issue
                Type = "Runtime"
                Number = "1033"
            >Il limite inferiore della matrice Rett è stato cambiato da 1 a 0.</Issue>
            <Issue
                Type = "Compile"
                Number = "1014"
            >L'istruzione GoSub non è supportata.</Issue>
            <Issue
                Type = "Runtime"
                Number = "1041"
            >Return ha un nuovo comportamento.</Issue>
            <Issue
                Type = "Runtime"
                Number = "1037"
                PME = "Sqr"
            >Impossibile risolvere la proprietà predefinita dell'oggetto Punti.Punti().x.</Issue>
            <Issue
                Type = "Runtime"
                Number = "1037"
            >Impossibile risolvere la proprietà predefinita dell'oggetto Punti.Punti(1).y.</Issue>
            <Issue
                Type = "Runtime"
                Number = "1037"
            >Impossibile risolvere la proprietà predefinita dell'oggetto Punti.Punti(2).y.</Issue>
        </Section>
        <Section Name = "SpotCil" >
            <Issue
                Type = "Runtime"
                Number = "1037"
            >Impossibile risolvere la proprietà predefinita dell'oggetto Oggetto.GenMem.</Issue>
        </Section>
        <Section Name = "DisCil" >
            <Issue
                Type = "Runtime"
                Number = "1037"
            >Impossibile risolvere la proprietà predefinita dell'oggetto Oggetto.GenMem.</Issue>
            <Issue
                Type = "Runtime"
                Number = "1037"
            >Impossibile risolvere la proprietà predefinita dell'oggetto Oggetto.Lunghezza.</Issue>
            <Issue
                Type = "Runtime"
                Number = "1037"
            >Impossibile risolvere la proprietà predefinita dell'oggetto Oggetto.Diametro.</Issue>
            <Issue
                Type = "Runtime"
                Number = "1037"
            >Impossibile risolvere la proprietà predefinita dell'oggetto Oggetto.SpessBase.</Issue>
            <Issue
                Type = "Runtime"
                Number = "1037"
            >Impossibile risolvere la proprietà predefinita dell'oggetto Oggetto.Tnear.</Issue>
            <Issue
                Type = "Runtime"
                Number = "1037"
            >Impossibile risolvere la proprietà predefinita dell'oggetto Oggetto.Tfar.</Issue>
            <Issue
                Type = "Runtime"
                Number = "1037"
            >Impossibile risolvere la proprietà predefinita dell'oggetto Oggetto.Hnear.</Issue>
            <Issue
                Type = "Runtime"
                Number = "1037"
            >Impossibile risolvere la proprietà predefinita dell'oggetto Oggetto.Hfar.</Issue>
            <Issue
                Type = "Runtime"
                Number = "1037"
            >Impossibile risolvere la proprietà predefinita dell'oggetto Oggetto.SpessRive.</Issue>
            <Issue
                Type = "Runtime"
                Number = "1037"
            >Impossibile risolvere la proprietà predefinita dell'oggetto Oggetto.TipoMat.</Issue>
            <Issue
                Type = "Compile"
                Number = "1014"
            >L'istruzione GoSub non è supportata.</Issue>
            <Issue
                Type = "Runtime"
                Number = "1037"
            >Impossibile risolvere la proprietà predefinita dell'oggetto Ogg5.GenMem.</Issue>
            <Issue
                Type = "Runtime"
                Number = "1041"
            >Return ha un nuovo comportamento.</Issue>
            <Issue
                Type = "Runtime"
                Number = "1037"
            >Impossibile risolvere la proprietà predefinita dell'oggetto Ogg4.GenMem.</Issue>
            <Issue
                Type = "Runtime"
                Number = "1037"
            >Impossibile risolvere la proprietà predefinita dell'oggetto Ogg4.Randa.</Issue>
            <Issue
                Type = "Runtime"
                Number = "1037"
            >Impossibile risolvere la proprietà predefinita dell'oggetto Ogg4.SpostLat.</Issue>
            <Issue
                Type = "Runtime"
                Number = "1037"
            >Impossibile risolvere la proprietà predefinita dell'oggetto Ogg4.DiamRinf.</Issue>
            <Issue
                Type = "Runtime"
                Number = "1037"
            >Impossibile risolvere la proprietà predefinita dell'oggetto Oggetto.Randa.</Issue>
            <Issue
                Type = "Runtime"
                Number = "1037"
            >Impossibile risolvere la proprietà predefinita dell'oggetto Oggetto.SpostLat.</Issue>
            <Issue
                Type = "Runtime"
                Number = "1037"
            >Impossibile risolvere la proprietà predefinita dell'oggetto Oggetto.Spessore.</Issue>
        </Section>
        <Section Name = "AzzeraSpot" >
            <Issue
                Type = "Runtime"
                Number = "1037"
            >Impossibile risolvere la proprietà predefinita dell'oggetto Appar.Elementi(i).GenMem.</Issue>
            <Issue
                Type = "Runtime"
                Number = "1037"
            >Impossibile risolvere la proprietà predefinita dell'oggetto Appar.Elementi().GenMem.</Issue>
        </Section>
        <Section Name = "RegisterSpot" >
            <Issue
                Type = "Runtime"
                Number = "1037"
            >Impossibile risolvere la proprietà predefinita dell'oggetto Obj.GenMem.</Issue>
        </Section>
        <Section Name = "TrasfGen" >
            <Issue
                Type = "Runtime"
                Number = "1037"
            >Impossibile risolvere la proprietà predefinita dell'oggetto PuntiS.Punti().x.</Issue>
            <Issue
                Type = "Runtime"
                Number = "1037"
            >Impossibile risolvere la proprietà predefinita dell'oggetto PuntiD.Punti(i).x.</Issue>
            <Issue
                Type = "Runtime"
                Number = "1037"
            >Impossibile risolvere la proprietà predefinita dell'oggetto PuntiS.Punti().y.</Issue>
            <Issue
                Type = "Runtime"
                Number = "1037"
            >Impossibile risolvere la proprietà predefinita dell'oggetto PuntiD.Punti(i).y.</Issue>
            <Issue
                Type = "Runtime"
                Number = "1037"
            >Impossibile risolvere la proprietà predefinita dell'oggetto PuntiS.Punti().</Issue>
            <Issue
                Type = "Runtime"
                Number = "1037"
            >Impossibile risolvere la proprietà predefinita dell'oggetto PuntiS.Punti(nzero).</Issue>
            <Issue
                Type = "Runtime"
                Number = "1037"
            >Impossibile risolvere la proprietà predefinita dell'oggetto PuntiD.Punti().</Issue>
            <Issue
                Type = "Runtime"
                Number = "1037"
            >Impossibile risolvere la proprietà predefinita dell'oggetto PuntiS.Punti(i).x.</Issue>
            <Issue
                Type = "Runtime"
                Number = "1037"
            >Impossibile risolvere la proprietà predefinita dell'oggetto PuntiS.Punti(i).y.</Issue>
            <Issue
                Type = "Runtime"
                Number = "1037"
            >Impossibile risolvere la proprietà predefinita dell'oggetto PuntiD.Punti().x.</Issue>
            <Issue
                Type = "Runtime"
                Number = "1037"
            >Impossibile risolvere la proprietà predefinita dell'oggetto PuntiD.Punti().y.</Issue>
        </Section>
        <Section Name = "Sovrap" >
            <Issue
                Type = "Runtime"
                Number = "1037"
            >Impossibile risolvere la proprietà predefinita dell'oggetto indice.GenMem.</Issue>
        </Section>
        <Section Name = "Guarda" >
            <Issue
                Type = "Compile"
                Number = "1014"
            >L'istruzione GoSub non è supportata.</Issue>
            <Issue
                Type = "Runtime"
                Number = "1037"
            >Impossibile risolvere la proprietà predefinita dell'oggetto Punto.</Issue>
            <Issue
                Type = "Runtime"
                Number = "1041"
            >Return ha un nuovo comportamento.</Issue>
        </Section>
        <Section Name = "Infilata" >
            <Issue
                Type = "Runtime"
                Number = "1037"
            >Impossibile risolvere la proprietà predefinita dell'oggetto ApparProv.Elementi(i).GenMem.</Issue>
            <Issue
                Type = "Runtime"
                Number = "1037"
            >Impossibile risolvere la proprietà predefinita dell'oggetto ApparProv.Elementi().GenMem.</Issue>
            <Issue
                Type = "Compile"
                Number = "1056"
            >La clausola As Object è stata rimossa dall'istruzione ReDim IndInMezzo(2 * InMezzo).</Issue>
            <Issue
                Type = "Runtime"
                Number = "1037"
            >Impossibile risolvere la proprietà predefinita dell'oggetto IndInMezzo(i).Quota.</Issue>
            <Issue
                Type = "Runtime"
                Number = "1037"
            >Impossibile risolvere la proprietà predefinita dell'oggetto IndInMezzo(j).Quota.</Issue>
            <Issue
                Type = "Runtime"
                Number = "1037"
            >Impossibile risolvere la proprietà predefinita dell'oggetto IndInMezzo().</Issue>
            <Issue
                Type = "Runtime"
                Number = "1037"
            >Impossibile risolvere la proprietà predefinita dell'oggetto IndInMezzo(j1).</Issue>
        </Section>
        <Section Name = "DisSpezPia" >
            <Issue
                Type = "Runtime"
                Number = "1037"
            >Impossibile risolvere la proprietà predefinita dell'oggetto Punti.Punti().x.</Issue>
            <Issue
                Type = "Runtime"
                Number = "1037"
            >Impossibile risolvere la proprietà predefinita dell'oggetto Punti.Punti(9).y.</Issue>
            <Issue
                Type = "Runtime"
                Number = "1037"
            >Impossibile risolvere la proprietà predefinita dell'oggetto Punti.Punti(12).x.</Issue>
            <Issue
                Type = "Runtime"
                Number = "1037"
            >Impossibile risolvere la proprietà predefinita dell'oggetto Punti.Punti(12).y.</Issue>
            <Issue
                Type = "Runtime"
                Number = "1037"
            >Impossibile risolvere la proprietà predefinita dell'oggetto Punti.Punti(8).y.</Issue>
            <Issue
                Type = "Runtime"
                Number = "1037"
            >Impossibile risolvere la proprietà predefinita dell'oggetto Punti.Punti(13).x.</Issue>
            <Issue
                Type = "Runtime"
                Number = "1037"
            >Impossibile risolvere la proprietà predefinita dell'oggetto Punti.Punti(13).y.</Issue>
            <Issue
                Type = "Runtime"
                Number = "1037"
            >Impossibile risolvere la proprietà predefinita dell'oggetto Punti.Punti(5).y.</Issue>
            <Issue
                Type = "Runtime"
                Number = "1037"
            >Impossibile risolvere la proprietà predefinita dell'oggetto Punti.Punti(11).x.</Issue>
            <Issue
                Type = "Runtime"
                Number = "1037"
            >Impossibile risolvere la proprietà predefinita dell'oggetto Punti.Punti(11).y.</Issue>
            <Issue
                Type = "Runtime"
                Number = "1037"
            >Impossibile risolvere la proprietà predefinita dell'oggetto Punti.Punti(4).y.</Issue>
            <Issue
                Type = "Runtime"
                Number = "1037"
            >Impossibile risolvere la proprietà predefinita dell'oggetto Punti.Punti(7).y.</Issue>
            <Issue
                Type = "Runtime"
                Number = "1037"
            >Impossibile risolvere la proprietà predefinita dell'oggetto Punti.Punti(6).y.</Issue>
            <Issue
                Type = "Runtime"
                Number = "1037"
            >Impossibile risolvere la proprietà predefinita dell'oggetto Punti.Punti(26).y.</Issue>
            <Issue
                Type = "Runtime"
                Number = "1037"
            >Impossibile risolvere la proprietà predefinita dell'oggetto Punti.Punti(27).x.</Issue>
            <Issue
                Type = "Runtime"
                Number = "1037"
            >Impossibile risolvere la proprietà predefinita dell'oggetto Punti.Punti(27).y.</Issue>
            <Issue
                Type = "Runtime"
                Number = "1037"
            >Impossibile risolvere la proprietà predefinita dell'oggetto Punti.Punti(2).y.</Issue>
            <Issue
                Type = "Runtime"
                Number = "1037"
            >Impossibile risolvere la proprietà predefinita dell'oggetto Punti.Punti(21).x.</Issue>
            <Issue
                Type = "Runtime"
                Number = "1037"
            >Impossibile risolvere la proprietà predefinita dell'oggetto Punti.Punti(21).y.</Issue>
            <Issue
                Type = "Runtime"
                Number = "1037"
            >Impossibile risolvere la proprietà predefinita dell'oggetto Punti.Punti(3).y.</Issue>
            <Issue
                Type = "Runtime"
                Number = "1037"
            >Impossibile risolvere la proprietà predefinita dell'oggetto Punti.Punti(20).x.</Issue>
            <Issue
                Type = "Runtime"
                Number = "1037"
            >Impossibile risolvere la proprietà predefinita dell'oggetto Punti.Punti(20).y.</Issue>
            <Issue
                Type = "Runtime"
                Number = "1037"
            >Impossibile risolvere la proprietà predefinita dell'oggetto Punti.Punti(19).x.</Issue>
            <Issue
                Type = "Runtime"
                Number = "1037"
            >Impossibile risolvere la proprietà predefinita dell'oggetto Punti.Punti(19).y.</Issue>
            <Issue
                Type = "Runtime"
                Number = "1037"
            >Impossibile risolvere la proprietà predefinita dell'oggetto Punti.Punti(18).x.</Issue>
            <Issue
                Type = "Runtime"
                Number = "1037"
            >Impossibile risolvere la proprietà predefinita dell'oggetto Punti.Punti(18).y.</Issue>
            <Issue
                Type = "Runtime"
                Number = "1037"
            >Impossibile risolvere la proprietà predefinita dell'oggetto Punti.Punti(Npunti).y.</Issue>
            <Issue
                Type = "Runtime"
                Number = "1037"
            >Impossibile risolvere la proprietà predefinita dell'oggetto Punti.Punti(Npunti + 1).x.</Issue>
            <Issue
                Type = "Runtime"
                Number = "1037"
            >Impossibile risolvere la proprietà predefinita dell'oggetto Punti.Punti(Npunti + 1).y.</Issue>
        </Section>
        <Section Name = "CercaTubi" >
            <Issue
                Type = "Runtime"
                Number = "1037"
                PME = "Abs"
            >Impossibile risolvere la proprietà predefinita dell'oggetto apparecchio_Renamed.Elementi().GenMem.</Issue>
            <Issue
                Type = "Runtime"
                Number = "1037"
            >Impossibile risolvere la proprietà predefinita dell'oggetto apparecchio_Renamed.Elementi().Tubi.</Issue>
            <Issue
                Type = "Runtime"
                Number = "1037"
            >Impossibile risolvere la proprietà predefinita dell'oggetto Oggetto.GenMem.</Issue>
        </Section>
        <Section Name = "CercaInt" >
            <Issue
                Type = "Runtime"
                Number = "1037"
            >Impossibile risolvere la proprietà predefinita dell'oggetto Ogg.GenMem.</Issue>
            <Issue
                Type = "Runtime"
                Number = "1037"
                PME = "Abs"
            >Impossibile risolvere la proprietà predefinita dell'oggetto Elem.GenMem.</Issue>
            <Issue
                Type = "Runtime"
                Number = "1037"
            >Impossibile risolvere la proprietà predefinita dell'oggetto Oggetto.GenMem.</Issue>
            <Issue
                Type = "Runtime"
                Number = "1037"
            >Impossibile risolvere la proprietà predefinita dell'oggetto Oggetto.Tubi.</Issue>
            <Issue
                Type = "Runtime"
                Number = "1037"
            >Impossibile risolvere la proprietà predefinita dell'oggetto Oggetto.Lunghezza.</Issue>
            <Issue
                Type = "Runtime"
                Number = "1037"
            >Impossibile risolvere la proprietà predefinita dell'oggetto Oggetto.Diametro.</Issue>
            <Issue
                Type = "Runtime"
                Number = "1037"
            >Impossibile risolvere la proprietà predefinita dell'oggetto Oggetto.Spessore.</Issue>
            <Issue
                Type = "Compile"
                Number = "1014"
            >L'istruzione GoSub non è supportata.</Issue>
            <Issue
                Type = "Runtime"
                Number = "1037"
            >Impossibile risolvere la proprietà predefinita dell'oggetto Oggetto.DiamMed.</Issue>
            <Issue
                Type = "Runtime"
                Number = "1037"
            >Impossibile risolvere la proprietà predefinita dell'oggetto Oggetto.Largh.</Issue>
            <Issue
                Type = "Runtime"
                Number = "1037"
            >Impossibile risolvere la proprietà predefinita dell'oggetto Oggetto.LarghExt.</Issue>
            <Issue
                Type = "Runtime"
                Number = "1037"
            >Impossibile risolvere la proprietà predefinita dell'oggetto Oggetto.Spess.</Issue>
            <Issue
                Type = "Runtime"
                Number = "1041"
            >Return ha un nuovo comportamento.</Issue>
        </Section>
        <Section Name = "CercaBocchelli" >
            <Issue
                Type = "Runtime"
                Number = "1037"
            >Impossibile risolvere la proprietà predefinita dell'oggetto apparecchio_Renamed.Elementi().Bucante.</Issue>
            <Issue
                Type = "Runtime"
                Number = "1037"
            >Impossibile risolvere la proprietà predefinita dell'oggetto Bucante.GenMem.</Issue>
            <Issue
                Type = "Runtime"
                Number = "1037"
            >Impossibile risolvere la proprietà predefinita dell'oggetto Oggetto.GenMem.</Issue>
            <Issue
                Type = "Runtime"
                Number = "1037"
            >Impossibile risolvere la proprietà predefinita dell'oggetto apparecchio_Renamed.Elementi().DiamFor.</Issue>
            <Issue
                Type = "Runtime"
                Number = "1037"
            >Impossibile risolvere la proprietà predefinita dell'oggetto OrigiB.Punti().x.</Issue>
            <Issue
                Type = "Runtime"
                Number = "1037"
            >Impossibile risolvere la proprietà predefinita dell'oggetto OrigiB.Punti().y.</Issue>
            <Issue
                Type = "Runtime"
                Number = "1037"
            >Impossibile risolvere la proprietà predefinita dell'oggetto DirB.Punti().x.</Issue>
            <Issue
                Type = "Runtime"
                Number = "1037"
            >Impossibile risolvere la proprietà predefinita dell'oggetto DirB.Punti().y.</Issue>
            <Issue
                Type = "Runtime"
                Number = "1037"
            >Impossibile risolvere la proprietà predefinita dell'oggetto apparecchio_Renamed.Elementi(j).GenMem.</Issue>
        </Section>
        <Section Name = "GeomNStd" >
            <Issue
                Type = "Runtime"
                Number = "1037"
            >Impossibile risolvere la proprietà predefinita dell'oggetto PuntiS.Punti0().</Issue>
        </Section>
        <Section Name = "GeomBocch" >
            <Issue
                Type = "Runtime"
                Number = "1037"
            >Impossibile risolvere la proprietà predefinita dell'oggetto PuntiS.Punti0().</Issue>
            <Issue
                Type = "Compile"
                Number = "1014"
            >L'istruzione GoSub non è supportata.</Issue>
            <Issue
                Type = "Runtime"
                Number = "1037"
            >Impossibile risolvere la proprietà predefinita dell'oggetto PuntiD.Punti0().</Issue>
            <Issue
                Type = "Runtime"
                Number = "1037"
            >Impossibile risolvere la proprietà predefinita dell'oggetto Oggetto.GenMem.posizione.SuChi.SpessBase.</Issue>
            <Issue
                Type = "Runtime"
                Number = "1041"
            >Return ha un nuovo comportamento.</Issue>
        </Section>
        <Section Name = "DisBocch" >
            <Issue
                Type = "Runtime"
                Number = "1037"
            >Impossibile risolvere la proprietà predefinita dell'oggetto Oggetto.GenMem.</Issue>
            <Issue
                Type = "Runtime"
                Number = "1037"
            >Impossibile risolvere la proprietà predefinita dell'oggetto Oggetto.</Issue>
            <Issue
                Type = "Runtime"
                Number = "1037"
            >Impossibile risolvere la proprietà predefinita dell'oggetto PuntiS.Punti().x.</Issue>
            <Issue
                Type = "Runtime"
                Number = "1037"
            >Impossibile risolvere la proprietà predefinita dell'oggetto PuntiS.Punti().y.</Issue>
            <Issue
                Type = "Runtime"
                Number = "1037"
            >Impossibile risolvere la proprietà predefinita dell'oggetto PuntiD.Punti().x.</Issue>
            <Issue
                Type = "Runtime"
                Number = "1037"
            >Impossibile risolvere la proprietà predefinita dell'oggetto PuntiD.Punti().y.</Issue>
            <Issue
                Type = "Runtime"
                Number = "1037"
            >Impossibile risolvere la proprietà predefinita dell'oggetto Oggetto.Standard.</Issue>
            <Issue
                Type = "Runtime"
                Number = "1037"
            >Impossibile risolvere la proprietà predefinita dell'oggetto Oggetto.DiamFl.</Issue>
            <Issue
                Type = "Compile"
                Number = "1014"
            >L'istruzione GoSub non è supportata.</Issue>
            <Issue
                Type = "Runtime"
                Number = "1041"
            >Return ha un nuovo comportamento.</Issue>
            <Issue
                Type = "Runtime"
                Number = "1037"
            >Impossibile risolvere la proprietà predefinita dell'oggetto PuntiS.Punti(8).y.</Issue>
            <Issue
                Type = "Runtime"
                Number = "1037"
            >Impossibile risolvere la proprietà predefinita dell'oggetto PuntiD.Punti(8).x.</Issue>
            <Issue
                Type = "Runtime"
                Number = "1037"
            >Impossibile risolvere la proprietà predefinita dell'oggetto PuntiD.Punti(8).y.</Issue>
            <Issue
                Type = "Runtime"
                Number = "1037"
            >Impossibile risolvere la proprietà predefinita dell'oggetto PuntiS.Punti(9).y.</Issue>
            <Issue
                Type = "Runtime"
                Number = "1037"
            >Impossibile risolvere la proprietà predefinita dell'oggetto PuntiD.Punti(9).x.</Issue>
            <Issue
                Type = "Runtime"
                Number = "1037"
            >Impossibile risolvere la proprietà predefinita dell'oggetto PuntiD.Punti(9).y.</Issue>
            <Issue
                Type = "Runtime"
                Number = "1037"
            >Impossibile risolvere la proprietà predefinita dell'oggetto PuntiS.Punti(18).y.</Issue>
            <Issue
                Type = "Runtime"
                Number = "1037"
            >Impossibile risolvere la proprietà predefinita dell'oggetto PuntiD.Punti(18).x.</Issue>
            <Issue
                Type = "Runtime"
                Number = "1037"
            >Impossibile risolvere la proprietà predefinita dell'oggetto PuntiD.Punti(18).y.</Issue>
            <Issue
                Type = "Runtime"
                Number = "1037"
            >Impossibile risolvere la proprietà predefinita dell'oggetto PuntiS.Punti(5).y.</Issue>
            <Issue
                Type = "Runtime"
                Number = "1037"
            >Impossibile risolvere la proprietà predefinita dell'oggetto PuntiS.Punti(12).x.</Issue>
            <Issue
                Type = "Runtime"
                Number = "1037"
            >Impossibile risolvere la proprietà predefinita dell'oggetto PuntiS.Punti(12).y.</Issue>
            <Issue
                Type = "Runtime"
                Number = "1037"
            >Impossibile risolvere la proprietà predefinita dell'oggetto PuntiD.Punti(5).y.</Issue>
            <Issue
                Type = "Runtime"
                Number = "1037"
            >Impossibile risolvere la proprietà predefinita dell'oggetto PuntiD.Punti(12).x.</Issue>
            <Issue
                Type = "Runtime"
                Number = "1037"
            >Impossibile risolvere la proprietà predefinita dell'oggetto PuntiD.Punti(12).y.</Issue>
            <Issue
                Type = "Runtime"
                Number = "1037"
            >Impossibile risolvere la proprietà predefinita dell'oggetto PuntiS.Punti(1).x.</Issue>
            <Issue
                Type = "Runtime"
                Number = "1037"
            >Impossibile risolvere la proprietà predefinita dell'oggetto PuntiS.Punti(1).y.</Issue>
            <Issue
                Type = "Runtime"
                Number = "1037"
            >Impossibile risolvere la proprietà predefinita dell'oggetto PuntiD.Punti(1).x.</Issue>
            <Issue
                Type = "Runtime"
                Number = "1037"
            >Impossibile risolvere la proprietà predefinita dell'oggetto PuntiD.Punti(1).y.</Issue>
            <Issue
                Type = "Runtime"
                Number = "1037"
            >Impossibile risolvere la proprietà predefinita dell'oggetto PuntiS.Punti(7).y.</Issue>
            <Issue
                Type = "Runtime"
                Number = "1037"
            >Impossibile risolvere la proprietà predefinita dell'oggetto PuntiS.Punti(10).x.</Issue>
            <Issue
                Type = "Runtime"
                Number = "1037"
            >Impossibile risolvere la proprietà predefinita dell'oggetto PuntiS.Punti(10).y.</Issue>
            <Issue
                Type = "Runtime"
                Number = "1037"
            >Impossibile risolvere la proprietà predefinita dell'oggetto PuntiD.Punti(7).y.</Issue>
            <Issue
                Type = "Runtime"
                Number = "1037"
            >Impossibile risolvere la proprietà predefinita dell'oggetto PuntiD.Punti(10).x.</Issue>
            <Issue
                Type = "Runtime"
                Number = "1037"
            >Impossibile risolvere la proprietà predefinita dell'oggetto PuntiD.Punti(10).y.</Issue>
            <Issue
                Type = "Runtime"
                Number = "1037"
            >Impossibile risolvere la proprietà predefinita dell'oggetto PuntiS.Punti(6).y.</Issue>
            <Issue
                Type = "Runtime"
                Number = "1037"
            >Impossibile risolvere la proprietà predefinita dell'oggetto PuntiS.Punti(11).x.</Issue>
            <Issue
                Type = "Runtime"
                Number = "1037"
            >Impossibile risolvere la proprietà predefinita dell'oggetto PuntiS.Punti(11).y.</Issue>
            <Issue
                Type = "Runtime"
                Number = "1037"
            >Impossibile risolvere la proprietà predefinita dell'oggetto PuntiD.Punti(6).y.</Issue>
            <Issue
                Type = "Runtime"
                Number = "1037"
            >Impossibile risolvere la proprietà predefinita dell'oggetto PuntiD.Punti(11).x.</Issue>
            <Issue
                Type = "Runtime"
                Number = "1037"
            >Impossibile risolvere la proprietà predefinita dell'oggetto PuntiD.Punti(11).y.</Issue>
            <Issue
                Type = "Runtime"
                Number = "1037"
            >Impossibile risolvere la proprietà predefinita dell'oggetto PuntiS.Punti(4).y.</Issue>
            <Issue
                Type = "Runtime"
                Number = "1037"
            >Impossibile risolvere la proprietà predefinita dell'oggetto PuntiD.Punti(4).x.</Issue>
            <Issue
                Type = "Runtime"
                Number = "1037"
            >Impossibile risolvere la proprietà predefinita dell'oggetto PuntiD.Punti(4).y.</Issue>
            <Issue
                Type = "Runtime"
                Number = "1037"
            >Impossibile risolvere la proprietà predefinita dell'oggetto PuntiS.Punti(21).y.</Issue>
            <Issue
                Type = "Runtime"
                Number = "1037"
            >Impossibile risolvere la proprietà predefinita dell'oggetto PuntiS.Punti(22).x.</Issue>
            <Issue
                Type = "Runtime"
                Number = "1037"
            >Impossibile risolvere la proprietà predefinita dell'oggetto PuntiS.Punti(22).y.</Issue>
            <Issue
                Type = "Runtime"
                Number = "1037"
            >Impossibile risolvere la proprietà predefinita dell'oggetto posspa.SuChi.GenMem.</Issue>
            <Issue
                Type = "Runtime"
                Number = "1037"
            >Impossibile risolvere la proprietà predefinita dell'oggetto PuntiS.Punti(19).y.</Issue>
            <Issue
                Type = "Runtime"
                Number = "1037"
            >Impossibile risolvere la proprietà predefinita dell'oggetto PuntiD.Punti(19).y.</Issue>
            <Issue
                Type = "Runtime"
                Number = "1037"
            >Impossibile risolvere la proprietà predefinita dell'oggetto PuntiS.Punti(i + 1).x.</Issue>
            <Issue
                Type = "Runtime"
                Number = "1037"
            >Impossibile risolvere la proprietà predefinita dell'oggetto PuntiS.Punti(i + 1).y.</Issue>
            <Issue
                Type = "Runtime"
                Number = "1037"
            >Impossibile risolvere la proprietà predefinita dell'oggetto PuntiD.Punti(i + 1).x.</Issue>
            <Issue
                Type = "Runtime"
                Number = "1037"
            >Impossibile risolvere la proprietà predefinita dell'oggetto PuntiD.Punti(i + 1).y.</Issue>
            <Issue
                Type = "Runtime"
                Number = "1037"
            >Impossibile risolvere la proprietà predefinita dell'oggetto Oggetto.TipoF.</Issue>
            <Issue
                Type = "Runtime"
                Number = "1037"
            >Impossibile risolvere la proprietà predefinita dell'oggetto PuntiS.Punti(14).x.</Issue>
            <Issue
                Type = "Runtime"
                Number = "1037"
            >Impossibile risolvere la proprietà predefinita dell'oggetto PuntiS.Punti(14).y.</Issue>
            <Issue
                Type = "Runtime"
                Number = "1037"
            >Impossibile risolvere la proprietà predefinita dell'oggetto PuntiS.Punti(13).x.</Issue>
            <Issue
                Type = "Runtime"
                Number = "1037"
            >Impossibile risolvere la proprietà predefinita dell'oggetto PuntiS.Punti(13).y.</Issue>
            <Issue
                Type = "Runtime"
                Number = "1037"
            >Impossibile risolvere la proprietà predefinita dell'oggetto PuntiD.Punti(14).x.</Issue>
            <Issue
                Type = "Runtime"
                Number = "1037"
            >Impossibile risolvere la proprietà predefinita dell'oggetto PuntiD.Punti(14).y.</Issue>
            <Issue
                Type = "Runtime"
                Number = "1037"
            >Impossibile risolvere la proprietà predefinita dell'oggetto PuntiD.Punti(13).x.</Issue>
            <Issue
                Type = "Runtime"
                Number = "1037"
            >Impossibile risolvere la proprietà predefinita dell'oggetto PuntiD.Punti(13).y.</Issue>
            <Issue
                Type = "Runtime"
                Number = "1037"
            >Impossibile risolvere la proprietà predefinita dell'oggetto PuntiS.Punti(24).y.</Issue>
            <Issue
                Type = "Runtime"
                Number = "1037"
            >Impossibile risolvere la proprietà predefinita dell'oggetto PuntiS.Punti(25).x.</Issue>
            <Issue
                Type = "Runtime"
                Number = "1037"
            >Impossibile risolvere la proprietà predefinita dell'oggetto PuntiS.Punti(25).y.</Issue>
            <Issue
                Type = "Runtime"
                Number = "1037"
            >Impossibile risolvere la proprietà predefinita dell'oggetto PuntiD.Punti(24).y.</Issue>
            <Issue
                Type = "Runtime"
                Number = "1037"
            >Impossibile risolvere la proprietà predefinita dell'oggetto PuntiD.Punti(25).x.</Issue>
            <Issue
                Type = "Runtime"
                Number = "1037"
            >Impossibile risolvere la proprietà predefinita dell'oggetto PuntiD.Punti(25).y.</Issue>
            <Issue
                Type = "Runtime"
                Number = "1037"
            >Impossibile risolvere la proprietà predefinita dell'oggetto PuntiS.Punti().</Issue>
            <Issue
                Type = "Runtime"
                Number = "1037"
            >Impossibile risolvere la proprietà predefinita dell'oggetto PuntiD.Punti().</Issue>
            <Issue
                Type = "Runtime"
                Number = "1037"
            >Impossibile risolvere la proprietà predefinita dell'oggetto PuntiS.Punti(27).x.</Issue>
            <Issue
                Type = "Runtime"
                Number = "1037"
            >Impossibile risolvere la proprietà predefinita dell'oggetto PuntiS.Punti(27).y.</Issue>
            <Issue
                Type = "Runtime"
                Number = "1037"
            >Impossibile risolvere la proprietà predefinita dell'oggetto PuntiD.Punti(27).x.</Issue>
            <Issue
                Type = "Runtime"
                Number = "1037"
            >Impossibile risolvere la proprietà predefinita dell'oggetto PuntiD.Punti(27).y.</Issue>
            <Issue
                Type = "Runtime"
                Number = "1037"
            >Impossibile risolvere la proprietà predefinita dell'oggetto PuntiS.Punti(2).y.</Issue>
            <Issue
                Type = "Runtime"
                Number = "1037"
            >Impossibile risolvere la proprietà predefinita dell'oggetto PuntiD.Punti(2).x.</Issue>
            <Issue
                Type = "Runtime"
                Number = "1037"
            >Impossibile risolvere la proprietà predefinita dell'oggetto PuntiD.Punti(2).y.</Issue>
            <Issue
                Type = "Runtime"
                Number = "1037"
            >Impossibile risolvere la proprietà predefinita dell'oggetto PuntiS.Punti(29).y.</Issue>
            <Issue
                Type = "Runtime"
                Number = "1037"
            >Impossibile risolvere la proprietà predefinita dell'oggetto PuntiS.Punti(30).x.</Issue>
            <Issue
                Type = "Runtime"
                Number = "1037"
            >Impossibile risolvere la proprietà predefinita dell'oggetto PuntiS.Punti(30).y.</Issue>
            <Issue
                Type = "Runtime"
                Number = "1037"
            >Impossibile risolvere la proprietà predefinita dell'oggetto Oggetto.Sporgenza.</Issue>
            <Issue
                Type = "Runtime"
                Number = "1037"
            >Impossibile risolvere la proprietà predefinita dell'oggetto Oggetto.DiamInt.</Issue>
            <Issue
                Type = "Runtime"
                Number = "1037"
            >Impossibile risolvere la proprietà predefinita dell'oggetto Oggetto.B3.</Issue>
            <Issue
                Type = "Runtime"
                Number = "1037"
            >Impossibile risolvere la proprietà predefinita dell'oggetto Oggetto.LC.</Issue>
            <Issue
                Type = "Runtime"
                Number = "1037"
            >Impossibile risolvere la proprietà predefinita dell'oggetto Oggetto.BoltCir.</Issue>
            <Issue
                Type = "Runtime"
                Number = "1037"
            >Impossibile risolvere la proprietà predefinita dell'oggetto Oggetto.DiamExt.</Issue>
        </Section>
        <Section Name = "Swap3" >
            <Issue
                Type = "Runtime"
                Number = "1037"
            >Impossibile risolvere la proprietà predefinita dell'oggetto sezioni_Renamed.</Issue>
        </Section>
        <Section Name = "AggCoordN" >
            <Issue
                Type = "Runtime"
                Number = "1037"
            >Impossibile risolvere la proprietà predefinita dell'oggetto Record.posizione.SuChi.GenMem.</Issue>
            <Issue
                Type = "Runtime"
                Number = "1037"
            >Impossibile risolvere la proprietà predefinita dell'oggetto Ogg.GenMem.</Issue>
        </Section>
        <Section Name = "DisAxes" >
            <Issue
                Type = "Runtime"
                Number = "1037"
            >Impossibile risolvere la proprietà predefinita dell'oggetto O.GenMem.</Issue>
        </Section>
        <Section Name = "DisFlangiaSola" >
            <Issue
                Type = "Runtime"
                Number = "1037"
            >Impossibile risolvere la proprietà predefinita dell'oggetto sezsalva.</Issue>
            <Issue
                Type = "Runtime"
                Number = "1037"
            >Impossibile risolvere la proprietà predefinita dell'oggetto sezvec.</Issue>
            <Issue
                Type = "Runtime"
                Number = "1037"
            >Impossibile risolvere la proprietà predefinita dell'oggetto sezioni_Renamed.</Issue>
        </Section>
        <Section Name = "Posiziona" >
            <Issue
                Type = "Runtime"
                Number = "1037"
            >Impossibile risolvere la proprietà predefinita dell'oggetto f1.Left.</Issue>
            <Issue
                Type = "Runtime"
                Number = "1037"
            >Impossibile risolvere la proprietà predefinita dell'oggetto f2.Left.</Issue>
            <Issue
                Type = "Runtime"
                Number = "1037"
            >Impossibile risolvere la proprietà predefinita dell'oggetto f1.Top.</Issue>
            <Issue
                Type = "Runtime"
                Number = "1037"
            >Impossibile risolvere la proprietà predefinita dell'oggetto f1.Height.</Issue>
            <Issue
                Type = "Runtime"
                Number = "1037"
            >Impossibile risolvere la proprietà predefinita dell'oggetto f2.Top.</Issue>
            <Issue
                Type = "Runtime"
                Number = "1037"
            >Impossibile risolvere la proprietà predefinita dell'oggetto f2.Width.</Issue>
            <Issue
                Type = "Runtime"
                Number = "1037"
            >Impossibile risolvere la proprietà predefinita dell'oggetto f2.Height.</Issue>
        </Section>
        <Section Name = "Set4Dir" >
            <Issue
                Type = "Runtime"
                Number = "1037"
            >Impossibile risolvere la proprietà predefinita dell'oggetto Membro.GenMem.</Issue>
        </Section>
        <Section Name = "GeneraApparecchio" >
            <Issue
                Type = "Runtime"
                Number = "2065"
                ObjectName = "Screen"
                ObjectType = "Screen"
                PME = "MousePointer"
            >Screen proprietà Screen.MousePointer presenta un nuovo comportamento.</Issue>
            <Issue
                Type = "Runtime"
                Number = "1037"
            >Impossibile risolvere la proprietà predefinita dell'oggetto Membro.GenMem.</Issue>
            <Issue
                Type = "Runtime"
                Number = "1041"
            >Get è stato aggiornato a FileGet e ha un nuovo comportamento.</Issue>
            <Issue
                Type = "Runtime"
                Number = "1037"
            >Impossibile risolvere la proprietà predefinita dell'oggetto Membro.Converti.</Issue>
            <Issue
                Type = "Compile"
                Number = "1014"
            >L'istruzione GoSub non è supportata.</Issue>
            <Issue
                Type = "Runtime"
                Number = "1037"
            >Impossibile risolvere la proprietà predefinita dell'oggetto Pila().GenMem.</Issue>
            <Issue
                Type = "Runtime"
                Number = "1041"
            >Return ha un nuovo comportamento.</Issue>
        </Section>
        <Section Name = "DisPolig" >
            <Issue
                Type = "Runtime"
                Number = "1037"
                PME = "Abs"
            >Impossibile risolvere la proprietà predefinita dell'oggetto Puntif.Punti().x.</Issue>
            <Issue
                Type = "Runtime"
                Number = "1037"
            >Impossibile risolvere la proprietà predefinita dell'oggetto Puntif.Punti(j).x.</Issue>
            <Issue
                Type = "Runtime"
                Number = "1037"
            >Impossibile risolvere la proprietà predefinita dell'oggetto Puntif.Punti(i).y.</Issue>
            <Issue
                Type = "Runtime"
                Number = "1037"
            >Impossibile risolvere la proprietà predefinita dell'oggetto Puntif.Punti(j).y.</Issue>
            <Issue
                Type = "Runtime"
                Number = "1037"
            >Impossibile risolvere la proprietà predefinita dell'oggetto Puntif.Punti().y.</Issue>
        </Section>
        <Section Name = "SecondaRiga" >
            <Issue
                Type = "Runtime"
                Number = "1037"
            >Impossibile risolvere la proprietà predefinita dell'oggetto Membro.TipoMat.</Issue>
            <Issue
                Type = "Runtime"
                Number = "1037"
            >Impossibile risolvere la proprietà predefinita dell'oggetto RecordD(jRec).</Issue>
            <Issue
                Type = "Runtime"
                Number = "1037"
                PME = "Str$"
            >Impossibile risolvere la proprietà predefinita dell'oggetto Membro.GenMem.</Issue>
            <Issue
                Type = "Runtime"
                Number = "1037"
                PME = "Str$"
            >Impossibile risolvere la proprietà predefinita dell'oggetto Membro.SpessRive.</Issue>
        </Section>
        <Section Name = "CheckVersion" >
            <Issue
                Type = "Compile"
                Number = "1014"
            >L'istruzione GoSub non è supportata.</Issue>
            <Issue
                Type = "Runtime"
                Number = "1041"
            >Get è stato aggiornato a FileGet e ha un nuovo comportamento.</Issue>
            <Issue
                Type = "Runtime"
                Number = "1041"
            >Put è stato aggiornato a FilePut e ha un nuovo comportamento.</Issue>
            <Issue
                Type = "Runtime"
                Number = "1041"
            >Return ha un nuovo comportamento.</Issue>
            <Issue
                Type = "Runtime"
                Number = "1037"
            >Impossibile risolvere la proprietà predefinita dell'oggetto RecordD().posspa.Origine.</Issue>
            <Issue
                Type = "Runtime"
                Number = "1037"
            >Impossibile risolvere la proprietà predefinita dell'oggetto RecordD().posspa.CosOrigine.</Issue>
            <Issue
                Type = "Runtime"
                Number = "1037"
            >Impossibile risolvere la proprietà predefinita dell'oggetto RecordD().posspa.CosDiritta.</Issue>
            <Issue
                Type = "Runtime"
                Number = "1037"
            >Impossibile risolvere la proprietà predefinita dell'oggetto RecordD().posspa.CosTraversa.</Issue>
            <Issue
                Type = "Runtime"
                Number = "1037"
            >Impossibile risolvere la proprietà predefinita dell'oggetto RecordD().posspa.CosTerza.</Issue>
            <Issue
                Type = "Runtime"
                Number = "1037"
            >Impossibile risolvere la proprietà predefinita dell'oggetto RecordD().posspa.BaricAss.</Issue>
            <Issue
                Type = "Runtime"
                Number = "1037"
            >Impossibile risolvere la proprietà predefinita dell'oggetto RecordD().posspa.BaricRel.</Issue>
        </Section>
        <Section Name = "SuperAppendi" >
            <Issue
                Type = "Runtime"
                Number = "1037"
            >Impossibile risolvere la proprietà predefinita dell'oggetto Oggetto.GenMem.</Issue>
        </Section>
        <Section Name = "FileDes" >
            <Issue
                Type = "Runtime"
                Number = "1037"
            >Impossibile risolvere la proprietà predefinita dell'oggetto job.Comm.Ind(job.Comm.indice).File.</Issue>
        </Section>
        <Section Name = "GetDes" >
            <Issue
                Type = "Runtime"
                Number = "1042"
            >È possibile che singoli elementi della matrice DatiPrg debbano essere inizializzati.</Issue>
            <Issue
                Type = "Runtime"
                Number = "1042"
            >È possibile che singoli elementi della matrice DatiSh0 debbano essere inizializzati.</Issue>
            <Issue
                Type = "Runtime"
                Number = "1042"
            >È possibile che singoli elementi della matrice DatiS1 debbano essere inizializzati.</Issue>
            <Issue
                Type = "Runtime"
                Number = "1042"
            >È possibile che singoli elementi della matrice DatiS2 debbano essere inizializzati.</Issue>
            <Issue
                Type = "Runtime"
                Number = "1041"
            >Get è stato aggiornato a FileGet e ha un nuovo comportamento.</Issue>
            <Issue
                Type = "Runtime"
                Number = "1041"
                PME = "Dir"
            >Dir ha un nuovo comportamento.</Issue>
        </Section>
        <Section Name = "PutDes" >
            <Issue
                Type = "Runtime"
                Number = "1041"
            >Put è stato aggiornato a FilePut e ha un nuovo comportamento.</Issue>
        </Section>
        <Section Name = "MembroDebug" >
            <Issue
                Type = "Runtime"
                Number = "1037"
            >Impossibile risolvere la proprietà predefinita dell'oggetto m.GenMem.</Issue>
        </Section>
        <Section Name = "ScaricaGrezzi" >
            <Issue
                Type = "Runtime"
                Number = "1037"
            >Impossibile risolvere la proprietà predefinita dell'oggetto job.Comm.Ind(job.Comm.indice).File.</Issue>
            <Issue
                Type = "Runtime"
                Number = "1037"
            >Impossibile risolvere la proprietà predefinita dell'oggetto apparecchio_Renamed.Elementi().GenMem.</Issue>
            <Issue
                Type = "Runtime"
                Number = "1037"
                PME = "Trim$"
            >Impossibile risolvere la proprietà predefinita dell'oggetto g.grezzi().Vartxt.</Issue>
            <Issue
                Type = "Runtime"
                Number = "1037"
            >Impossibile risolvere la proprietà predefinita dell'oggetto g.grezzi(j).Indmat.</Issue>
            <Issue
                Type = "Runtime"
                Number = "1037"
            >Impossibile risolvere la proprietà predefinita dell'oggetto g.grezzi().</Issue>
        </Section>
        <Section Name = "InizGre" >
            <Issue
                Type = "Runtime"
                Number = "1041"
                PME = "Dir"
            >Dir ha un nuovo comportamento.</Issue>
        </Section>
        <Section Name = "StampaDistinta" >
            <Issue
                Type = "Runtime"
                Number = "1037"
            >Impossibile risolvere la proprietà predefinita dell'oggetto Stub.sSaveAs.</Issue>
            <Issue
                Type = "Runtime"
                Number = "1037"
            >Impossibile risolvere la proprietà predefinita dell'oggetto Stub.VaiInizio.</Issue>
            <Issue
                Type = "Runtime"
                Number = "1037"
            >Impossibile risolvere la proprietà predefinita dell'oggetto Stub.IntestaGr.</Issue>
            <Issue
                Type = "Runtime"
                Number = "1037"
            >Impossibile risolvere la proprietà predefinita dell'oggetto job.Comm.Ind().Assieme.</Issue>
            <Issue
                Type = "Runtime"
                Number = "1037"
            >Impossibile risolvere la proprietà predefinita dell'oggetto O.GenMem.</Issue>
            <Issue
                Type = "Runtime"
                Number = "1037"
            >Impossibile risolvere la proprietà predefinita dell'oggetto Stub.TastoTab.</Issue>
            <Issue
                Type = "Runtime"
                Number = "1037"
            >Impossibile risolvere la proprietà predefinita dell'oggetto Stub.Testo.</Issue>
            <Issue
                Type = "Runtime"
                Number = "1037"
            >Impossibile risolvere la proprietà predefinita dell'oggetto Stub.MuoviCella.</Issue>
            <Issue
                Type = "Runtime"
                Number = "1037"
            >Impossibile risolvere la proprietà predefinita dell'oggetto Stub.sClose.</Issue>
        </Section>
        <Section Name = "CheckSetti" >
            <Issue
                Type = "Runtime"
                Number = "1037"
            >Impossibile risolvere la proprietà predefinita dell'oggetto O.GenMem.</Issue>
        </Section>
        <Section Name = "MostraAiuto" >
            <Issue
                Type = "Runtime"
                Number = "1037"
            >Impossibile risolvere la proprietà predefinita dell'oggetto Monitor_Renamed.Motore.Inizio.ConvertiCr().</Issue>
        </Section>
        <Section Name = "CercaFondo" >
            <Issue
                Type = "Runtime"
                Number = "1037"
            >Impossibile risolvere la proprietà predefinita dell'oggetto O.GenMem.</Issue>
            <Issue
                Type = "Runtime"
                Number = "1037"
            >Impossibile risolvere la proprietà predefinita dell'oggetto o2.GenMem.</Issue>
            <Issue
                Type = "Runtime"
                Number = "1037"
            >Impossibile risolvere la proprietà predefinita dell'oggetto o1.GenMem.</Issue>
        </Section>
        <Section Name = "PreparaProto" >
            <Issue
                Type = "Compile"
                Number = "1014"
            >L'istruzione GoSub non è supportata.</Issue>
            <Issue
                Type = "Runtime"
                Number = "1041"
                PME = "Dir"
            >Dir ha un nuovo comportamento.</Issue>
            <Issue
                Type = "Runtime"
                Number = "2065"
                ObjectName = "Screen"
                ObjectType = "Screen"
                PME = "MousePointer"
            >Screen proprietà Screen.MousePointer presenta un nuovo comportamento.</Issue>
            <Issue
                Type = "Runtime"
                Number = "1041"
            >Return ha un nuovo comportamento.</Issue>
        </Section>
        <Section Name = "CopiaSP" >
            <Issue
                Type = "Runtime"
                Number = "1037"
            >Impossibile risolvere la proprietà predefinita dell'oggetto SP().Add.</Issue>
            <Issue
                Type = "Runtime"
                Number = "1037"
            >Impossibile risolvere la proprietà predefinita dell'oggetto Spv(i + 1)(Spicchi).Count.</Issue>
            <Issue
                Type = "Runtime"
                Number = "1037"
            >Impossibile risolvere la proprietà predefinita dell'oggetto Spv()()().Copia.</Issue>
            <Issue
                Type = "Runtime"
                Number = "1037"
            >Impossibile risolvere la proprietà predefinita dell'oggetto SP()().Add.</Issue>
        </Section>
        <Section Name = "copiaCollSp" >
            <Issue
                Type = "Runtime"
                Number = "1037"
            >Impossibile risolvere la proprietà predefinita dell'oggetto Lv().Copia.</Issue>
        </Section>
        <Section Name = "IniziaSP" >
            <Issue
                Type = "Runtime"
                Number = "1037"
            >Impossibile risolvere la proprietà predefinita dell'oggetto SP().Add.</Issue>
        </Section>
        <Section Name = "PostPos" >
            <Issue
                Type = "Compile"
                Number = "1014"
            >L'istruzione GoSub non è supportata.</Issue>
            <Issue
                Type = "Runtime"
                Number = "1041"
            >Return ha un nuovo comportamento.</Issue>
        </Section>
        <Section Name = "RandaPossibile" >
            <Issue
                Type = "Runtime"
                Number = "1037"
            >Impossibile risolvere la proprietà predefinita dell'oggetto Oggetto.GenMem.</Issue>
            <Issue
                Type = "Runtime"
                Number = "1037"
                PME = "Abs"
            >Impossibile risolvere la proprietà predefinita dell'oggetto Ogg4.GenMem.</Issue>
        </Section>
        <Section Name = "DisCurvaG" >
            <Issue
                Type = "Compile"
                Number = "1014"
            >L'istruzione GoSub non è supportata.</Issue>
            <Issue
                Type = "Runtime"
                Number = "1041"
            >Return ha un nuovo comportamento.</Issue>
        </Section>
        <Section Name = "CercaFlangioni" >
            <Issue
                Type = "Runtime"
                Number = "1037"
            >Impossibile risolvere la proprietà predefinita dell'oggetto O.GenMem.</Issue>
            <Issue
                Type = "Runtime"
                Number = "1037"
            >Impossibile risolvere la proprietà predefinita dell'oggetto apparecchio_Renamed.Elementi().GenMem.</Issue>
            <Issue
                Type = "Runtime"
                Number = "1037"
            >Impossibile risolvere la proprietà predefinita dell'oggetto apparecchio_Renamed.Elementi(i).GenMem.</Issue>
        </Section>
        <Section Name = "SuperIntersezioni" >
            <Issue
                Type = "Runtime"
                Number = "1037"
            >Impossibile risolvere la proprietà predefinita dell'oggetto O.GenMem.</Issue>
            <Issue
                Type = "Runtime"
                Number = "1037"
            >Impossibile risolvere la proprietà predefinita dell'oggetto RecSopra.Parent.Tubi.</Issue>
        </Section>
        <Section Name = "Max6" >
            <Issue
                Type = "Runtime"
                Number = "1037"
            >Impossibile risolvere la proprietà predefinita dell'oggetto g.</Issue>
            <Issue
                Type = "Runtime"
                Number = "1037"
            >Impossibile risolvere la proprietà predefinita dell'oggetto A.</Issue>
            <Issue
                Type = "Runtime"
                Number = "1037"
            >Impossibile risolvere la proprietà predefinita dell'oggetto b.</Issue>
            <Issue
                Type = "Runtime"
                Number = "1037"
            >Impossibile risolvere la proprietà predefinita dell'oggetto c.</Issue>
            <Issue
                Type = "Runtime"
                Number = "1037"
            >Impossibile risolvere la proprietà predefinita dell'oggetto d.</Issue>
            <Issue
                Type = "Runtime"
                Number = "1037"
            >Impossibile risolvere la proprietà predefinita dell'oggetto E.</Issue>
            <Issue
                Type = "Runtime"
                Number = "1037"
            >Impossibile risolvere la proprietà predefinita dell'oggetto f.</Issue>
            <Issue
                Type = "Runtime"
                Number = "1037"
            >Impossibile risolvere la proprietà predefinita dell'oggetto Max6.</Issue>
        </Section>
        <Section Name = "Min6" >
            <Issue
                Type = "Runtime"
                Number = "1037"
            >Impossibile risolvere la proprietà predefinita dell'oggetto g.</Issue>
            <Issue
                Type = "Runtime"
                Number = "1037"
            >Impossibile risolvere la proprietà predefinita dell'oggetto A.</Issue>
            <Issue
                Type = "Runtime"
                Number = "1037"
            >Impossibile risolvere la proprietà predefinita dell'oggetto b.</Issue>
            <Issue
                Type = "Runtime"
                Number = "1037"
            >Impossibile risolvere la proprietà predefinita dell'oggetto c.</Issue>
            <Issue
                Type = "Runtime"
                Number = "1037"
            >Impossibile risolvere la proprietà predefinita dell'oggetto d.</Issue>
            <Issue
                Type = "Runtime"
                Number = "1037"
            >Impossibile risolvere la proprietà predefinita dell'oggetto E.</Issue>
            <Issue
                Type = "Runtime"
                Number = "1037"
            >Impossibile risolvere la proprietà predefinita dell'oggetto f.</Issue>
            <Issue
                Type = "Runtime"
                Number = "1037"
            >Impossibile risolvere la proprietà predefinita dell'oggetto Min6.</Issue>
        </Section>
        <Section Name = "IndiceDS" >
            <Issue
                Type = "Runtime"
                Number = "1037"
            >Impossibile risolvere la proprietà predefinita dell'oggetto g.Parent.Fitting.</Issue>
            <Issue
                Type = "Runtime"
                Number = "1037"
            >Impossibile risolvere la proprietà predefinita dell'oggetto IndiceDS.</Issue>
        </Section>
        <Section Name = "AccordoDS" >
            <Issue
                Type = "Runtime"
                Number = "1037"
            >Impossibile risolvere la proprietà predefinita dell'oggetto IndiceDS().</Issue>
            <Issue
                Type = "Runtime"
                Number = "1037"
            >Impossibile risolvere la proprietà predefinita dell'oggetto g.Parent.Tubi.</Issue>
            <Issue
                Type = "Runtime"
                Number = "1037"
            >Impossibile risolvere la proprietà predefinita dell'oggetto g.Parent.TipoMat.</Issue>
        </Section>
        <Section Name = "Esiste" >
            <Issue
                Type = "Runtime"
                Number = "1037"
            >Impossibile risolvere la proprietà predefinita dell'oggetto O.</Issue>
            <Issue
                Type = "Runtime"
                Number = "1037"
            >Impossibile risolvere la proprietà predefinita dell'oggetto t().</Issue>
            <Issue
                Type = "Runtime"
                Number = "1037"
            >Impossibile risolvere la proprietà predefinita dell'oggetto Esiste.</Issue>
        </Section>
    </File>
    <File
        OldPath = "E:\Programmi\MicroSoft Visual Studio\Fbm\LibGra\Monitor.cls"
        NewPath = "C:\Documenti\Visual Studio Projects\Lancio\Grafica.NET\Monitor.vb"
        FileType = "Class Module"
        Upgraded = "True"
    >
        <Section Name = "Motore_CancelInput" >
            <Issue
                Type = "Runtime"
                Number = "1037"
            >Impossibile risolvere la proprietà predefinita dell'oggetto sezioni_Renamed.</Issue>
        </Section>
        <Section Name = "Motore_dAiuClick" >
            <Issue
                Type = "Runtime"
                Number = "1037"
            >Impossibile risolvere la proprietà predefinita dell'oggetto Motore.InputForms(1).pNinput.</Issue>
            <Issue
                Type = "Compile"
                Number = "1014"
            >L'istruzione GoSub non è supportata.</Issue>
            <Issue
                Type = "Runtime"
                Number = "1037"
            >Impossibile risolvere la proprietà predefinita dell'oggetto sezvec.Spost(j).</Issue>
            <Issue
                Type = "Runtime"
                Number = "1041"
            >Return ha un nuovo comportamento.</Issue>
        </Section>
        <Section Name = "Motore_OkInput" >
            <Issue
                Type = "Compile"
                Number = "1014"
            >L'istruzione GoSub non è supportata.</Issue>
            <Issue
                Type = "Runtime"
                Number = "1041"
            >Return ha un nuovo comportamento.</Issue>
            <Issue
                Type = "Runtime"
                Number = "1037"
                PME = "Val"
            >Impossibile risolvere la proprietà predefinita dell'oggetto Motore.InputForms().pRisposte.</Issue>
            <Issue
                Type = "Runtime"
                Number = "1037"
            >Impossibile risolvere la proprietà predefinita dell'oggetto sezioni_Renamed.</Issue>
        </Section>
        <Section Name = "Motore_TestoCambia1" >
            <Issue
                Type = "Runtime"
                Number = "1037"
            >Impossibile risolvere la proprietà predefinita dell'oggetto Motore.InputForms(1).pNinput.</Issue>
            <Issue
                Type = "Runtime"
                Number = "1037"
            >Impossibile risolvere la proprietà predefinita dell'oggetto Motore.InputForms().pRisposte.</Issue>
        </Section>
    </File>
    <File
        OldPath = "E:\Programmi\MicroSoft Visual Studio\Fbm\LibGra\Apparecchio.cls"
        NewPath = "C:\Documenti\Visual Studio Projects\Lancio\Grafica.NET\Apparecchio.vb"
        FileType = "Class Module"
        Upgraded = "True"
    >
        <Section Name = "Class_Terminate" >
            <Issue
                Type = "Runtime"
                Number = "1037"
            >Impossibile risolvere la proprietà predefinita dell'oggetto Elementi().GenMem.</Issue>
        </Section>
        <Section Name = "LeggiApparecchio" >
            <Issue
                Type = "Runtime"
                Number = "1037"
            >Impossibile risolvere la proprietà predefinita dell'oggetto Membro.leggi.</Issue>
            <Issue
                Type = "Runtime"
                Number = "1037"
            >Impossibile risolvere la proprietà predefinita dell'oggetto Membro.GenMem.</Issue>
            <Issue
                Type = "Runtime"
                Number = "1037"
            >Impossibile risolvere la proprietà predefinita dell'oggetto Foro.GenMem.posizione.SuChi.GenMem.</Issue>
        </Section>
        <Section Name = "Add" >
            <Issue
                Type = "Runtime"
                Number = "1037"
                PME = "Trim"
            >Impossibile risolvere la proprietà predefinita dell'oggetto m.GenMem.</Issue>
            <Issue
                Type = "Runtime"
                Number = "1037"
            >Impossibile risolvere la proprietà predefinita dell'oggetto Elementi(i).GenMem.</Issue>
        </Section>
        <Section Name = "BaricGen" >
            <Issue
                Type = "Runtime"
                Number = "1037"
            >Impossibile risolvere la proprietà predefinita dell'oggetto Elementi().GenMem.</Issue>
            <Issue
                Type = "Runtime"
                Number = "1037"
                PME = "Abs"
            >Impossibile risolvere la proprietà predefinita dell'oggetto O.posizione.SuChi.GenMem.</Issue>
        </Section>
        <Section Name = "RemoveElem" >
            <Issue
                Type = "Runtime"
                Number = "1037"
                PME = "Trim$"
            >Impossibile risolvere la proprietà predefinita dell'oggetto Elementi().GenMem.</Issue>
        </Section>
        <Section Name = "CercaBul" >
            <Issue
                Type = "Runtime"
                Number = "1037"
            >Impossibile risolvere la proprietà predefinita dell'oggetto Elementi().GenMem.</Issue>
            <Issue
                Type = "Runtime"
                Number = "1037"
            >Impossibile risolvere la proprietà predefinita dell'oggetto Oggetto.GenMem.</Issue>
            <Issue
                Type = "Runtime"
                Number = "1037"
            >Impossibile risolvere la proprietà predefinita dell'oggetto Elementi().Dinst.</Issue>
            <Issue
                Type = "Runtime"
                Number = "1037"
            >Impossibile risolvere la proprietà predefinita dell'oggetto Elementi().Standard.</Issue>
        </Section>
        <Section Name = "CercaGuar" >
            <Issue
                Type = "Runtime"
                Number = "1037"
            >Impossibile risolvere la proprietà predefinita dell'oggetto O.GenMem.</Issue>
            <Issue
                Type = "Runtime"
                Number = "1037"
            >Impossibile risolvere la proprietà predefinita dell'oggetto SuChi.GenMem.</Issue>
            <Issue
                Type = "Runtime"
                Number = "1037"
            >Impossibile risolvere la proprietà predefinita dell'oggetto g.GenMem.</Issue>
        </Section>
        <Section Name = "CercaFlan" >
            <Issue
                Type = "Runtime"
                Number = "1037"
            >Impossibile risolvere la proprietà predefinita dell'oggetto O.GenMem.</Issue>
            <Issue
                Type = "Runtime"
                Number = "1037"
            >Impossibile risolvere la proprietà predefinita dell'oggetto g.GenMem.</Issue>
        </Section>
        <Section Name = "CercaTubi" >
            <Issue
                Type = "Runtime"
                Number = "1037"
                PME = "Abs"
            >Impossibile risolvere la proprietà predefinita dell'oggetto t.GenMem.</Issue>
        </Section>
        <Section Name = "CercaFascio" >
            <Issue
                Type = "Runtime"
                Number = "1037"
            >Impossibile risolvere la proprietà predefinita dell'oggetto t.GenMem.</Issue>
        </Section>
        <Section Name = "CercaForiPiastra" >
            <Issue
                Type = "Runtime"
                Number = "1037"
            >Impossibile risolvere la proprietà predefinita dell'oggetto Tubi.GenMem.posizione.SuChi.GenMem.</Issue>
            <Issue
                Type = "Runtime"
                Number = "1037"
            >Impossibile risolvere la proprietà predefinita dell'oggetto O.GenMem.</Issue>
        </Section>
        <Section Name = "ScaricaApparecchio" >
            <Issue
                Type = "Runtime"
                Number = "1037"
            >Impossibile risolvere la proprietà predefinita dell'oggetto Elementi().GenMem.</Issue>
            <Issue
                Type = "Runtime"
                Number = "1037"
            >Impossibile risolvere la proprietà predefinita dell'oggetto Elementi(i).GenMem.</Issue>
            <Issue
                Type = "Runtime"
                Number = "1037"
            >Impossibile risolvere la proprietà predefinita dell'oggetto Elementi().sConverti.</Issue>
            <Issue
                Type = "Runtime"
                Number = "1041"
            >Put è stato aggiornato a FilePut e ha un nuovo comportamento.</Issue>
            <Issue
                Type = "Runtime"
                Number = "1041"
            >Get è stato aggiornato a FileGet e ha un nuovo comportamento.</Issue>
        </Section>
        <Section Name = "CercaForo" >
            <Issue
                Type = "Runtime"
                Number = "1037"
            >Impossibile risolvere la proprietà predefinita dell'oggetto O.GenMem.</Issue>
        </Section>
        <Section Name = "Delete" >
            <Issue
                Type = "Runtime"
                Number = "1037"
            >Impossibile risolvere la proprietà predefinita dell'oggetto Elementi().GenMem.</Issue>
            <Issue
                Type = "Runtime"
                Number = "1037"
            >Impossibile risolvere la proprietà predefinita dell'oggetto Elementi().Bucante.</Issue>
            <Issue
                Type = "Runtime"
                Number = "1037"
            >Impossibile risolvere la proprietà predefinita dell'oggetto Elementi(i).Standard.</Issue>
            <Issue
                Type = "Runtime"
                Number = "1037"
            >Impossibile risolvere la proprietà predefinita dell'oggetto Elementi().Standard.</Issue>
            <Issue
                Type = "Runtime"
                Number = "1037"
            >Impossibile risolvere la proprietà predefinita dell'oggetto Elementi().Tronchetto.</Issue>
            <Issue
                Type = "Runtime"
                Number = "1037"
            >Impossibile risolvere la proprietà predefinita dell'oggetto Elementi().Tirante.</Issue>
            <Issue
                Type = "Runtime"
                Number = "1037"
            >Impossibile risolvere la proprietà predefinita dell'oggetto Elementi().Guarniz.</Issue>
            <Issue
                Type = "Runtime"
                Number = "1037"
            >Impossibile risolvere la proprietà predefinita dell'oggetto Elementi().ControFlangia.</Issue>
            <Issue
                Type = "Runtime"
                Number = "1037"
            >Impossibile risolvere la proprietà predefinita dell'oggetto Elementi().Pad.</Issue>
            <Issue
                Type = "Runtime"
                Number = "1037"
            >Impossibile risolvere la proprietà predefinita dell'oggetto Elementi(i).GenMem.</Issue>
            <Issue
                Type = "Runtime"
                Number = "1037"
            >Impossibile risolvere la proprietà predefinita dell'oggetto Elementi().Pipe.</Issue>
        </Section>
    </File>
    <File
        OldPath = "E:\Programmi\MicroSoft Visual Studio\Fbm\LibGra\Origine.cls"
        NewPath = "C:\Documenti\Visual Studio Projects\Lancio\Grafica.NET\Origine.vb"
        FileType = "Class Module"
        Upgraded = "True"
    />
    <File
        OldPath = "E:\Programmi\MicroSoft Visual Studio\Fbm\LibGra\spot.cls"
        NewPath = "C:\Documenti\Visual Studio Projects\Lancio\Grafica.NET\spot.vb"
        FileType = "Class Module"
        Upgraded = "True"
    />
    <File
        OldPath = "E:\Programmi\MicroSoft Visual Studio\Fbm\LibGra\Tubi.cls"
        NewPath = "C:\Documenti\Visual Studio Projects\Lancio\Grafica.NET\Tubi.vb"
        FileType = "Class Module"
        Upgraded = "True"
    >
        <Section Name = "StringMATE" >
            <Issue
                Type = "Runtime"
                Number = "1037"
                PME = "RTrim$"
            >Impossibile risolvere la proprietà predefinita dell'oggetto GenMem_Renamed.MaterNome().</Issue>
        </Section>
        <Section Name = "Pesi" >
            <Issue
                Type = "Runtime"
                Number = "1037"
            >Impossibile risolvere la proprietà predefinita dell'oggetto GenMem_Renamed.MaterNome().</Issue>
            <Issue
                Type = "Runtime"
                Number = "1041"
                PME = "Dir"
            >Dir ha un nuovo comportamento.</Issue>
        </Section>
        <Section Name = "Diametro" >
            <Issue
                Type = "Runtime"
                Number = "1037"
            >Impossibile risolvere la proprietà predefinita dell'oggetto Diametro.</Issue>
        </Section>
    </File>
    <File
        OldPath = "E:\Programmi\MicroSoft Visual Studio\Fbm\LibGra\clsLook.cls"
        NewPath = "C:\Documenti\Visual Studio Projects\Lancio\Grafica.NET\clsLook.vb"
        FileType = "Class Module"
        Upgraded = "True"
    />
    <File
        OldPath = "E:\Programmi\MicroSoft Visual Studio\Fbm\LibGra\CalDisc.cls"
        NewPath = "C:\Documenti\Visual Studio Projects\Lancio\Grafica.NET\CalDisc.vb"
        FileType = "Class Module"
        Upgraded = "True"
    >
        <Section Name = "StringMATE" >
            <Issue
                Type = "Runtime"
                Number = "1037"
                PME = "Trim"
            >Impossibile risolvere la proprietà predefinita dell'oggetto GenMem_Renamed.MaterNome().</Issue>
        </Section>
    </File>
    <File
        OldPath = "E:\Programmi\MicroSoft Visual Studio\Fbm\LibGra\Foratura.cls"
        NewPath = "C:\Documenti\Visual Studio Projects\Lancio\Grafica.NET\Foratura.vb"
        FileType = "Class Module"
        Upgraded = "True"
    />
    <File
        OldPath = "E:\Programmi\MicroSoft Visual Studio\Fbm\LibGra\Polig.cls"
        NewPath = "C:\Documenti\Visual Studio Projects\Lancio\Grafica.NET\Polig.vb"
        FileType = "Class Module"
        Upgraded = "True"
    >
        <Section Name = "CopyMemory" >
            <Issue
                Type = "Compile"
                Number = "1016"
            >La dichiarazione di un parametro &amp;quot;As Any&amp;quot; non è supportata.</Issue>
        </Section>
        <Section Name = "Converti" >
            <Issue
                Type = "Runtime"
                Number = "1041"
            >Get è stato aggiornato a FileGet e ha un nuovo comportamento.</Issue>
            <Issue
                Type = "Runtime"
                Number = "1037"
            >Impossibile risolvere la proprietà predefinita dell'oggetto R.</Issue>
            <Issue
                Type = "Runtime"
                Number = "1037"
            >Impossibile risolvere la proprietà predefinita dell'oggetto RecordD().</Issue>
            <Issue
                Type = "Compile"
                Number = "1040"
                PME = "LenB"
            >La funzione LenB non è supportata.</Issue>
            <Issue
                Type = "Runtime"
                Number = "1037"
            >Impossibile risolvere la proprietà predefinita dell'oggetto Vertici.Punti(i).x.</Issue>
            <Issue
                Type = "Runtime"
                Number = "1037"
            >Impossibile risolvere la proprietà predefinita dell'oggetto Vertici.Punti(i).y.</Issue>
            <Issue
                Type = "Runtime"
                Number = "1037"
            >Impossibile risolvere la proprietà predefinita dell'oggetto Centri.Punti(i).x.</Issue>
            <Issue
                Type = "Runtime"
                Number = "1037"
            >Impossibile risolvere la proprietà predefinita dell'oggetto Centri.Punti(i).y.</Issue>
        </Section>
        <Section Name = "sConverti" >
            <Issue
                Type = "Runtime"
                Number = "1037"
            >Impossibile risolvere la proprietà predefinita dell'oggetto R.</Issue>
            <Issue
                Type = "Runtime"
                Number = "1037"
            >Impossibile risolvere la proprietà predefinita dell'oggetto RecordD().</Issue>
            <Issue
                Type = "Compile"
                Number = "1040"
                PME = "LenB"
            >La funzione LenB non è supportata.</Issue>
            <Issue
                Type = "Runtime"
                Number = "1037"
            >Impossibile risolvere la proprietà predefinita dell'oggetto Vertici.Punti().x.</Issue>
            <Issue
                Type = "Runtime"
                Number = "1037"
            >Impossibile risolvere la proprietà predefinita dell'oggetto Vertici.Punti().y.</Issue>
            <Issue
                Type = "Runtime"
                Number = "1037"
            >Impossibile risolvere la proprietà predefinita dell'oggetto Centri.Punti().x.</Issue>
            <Issue
                Type = "Runtime"
                Number = "1037"
            >Impossibile risolvere la proprietà predefinita dell'oggetto Centri.Punti().y.</Issue>
            <Issue
                Type = "Runtime"
                Number = "1037"
            >Impossibile risolvere la proprietà predefinita dell'oggetto Raggi().</Issue>
        </Section>
        <Section Name = "Area" >
            <Issue
                Type = "Runtime"
                Number = "1037"
            >Impossibile risolvere la proprietà predefinita dell'oggetto Vertici.Punti().y.</Issue>
            <Issue
                Type = "Runtime"
                Number = "1037"
            >Impossibile risolvere la proprietà predefinita dell'oggetto Vertici.Punti(i + 1).y.</Issue>
            <Issue
                Type = "Runtime"
                Number = "1037"
            >Impossibile risolvere la proprietà predefinita dell'oggetto Vertici.Punti(i + 1).x.</Issue>
            <Issue
                Type = "Runtime"
                Number = "1037"
            >Impossibile risolvere la proprietà predefinita dell'oggetto Vertici.Punti(i).x.</Issue>
            <Issue
                Type = "Runtime"
                Number = "1037"
            >Impossibile risolvere la proprietà predefinita dell'oggetto Vertici.Punti().distpunpun.</Issue>
            <Issue
                Type = "Runtime"
                Number = "1037"
                PME = "Abs"
            >Impossibile risolvere la proprietà predefinita dell'oggetto Raggi().</Issue>
            <Issue
                Type = "Runtime"
                Number = "1037"
            >Impossibile risolvere la proprietà predefinita dell'oggetto Area.</Issue>
            <Issue
                Type = "Runtime"
                Number = "1037"
            >Impossibile risolvere la proprietà predefinita dell'oggetto Raggi(i).</Issue>
        </Section>
        <Section Name = "CalcInscritto" >
            <Issue
                Type = "Runtime"
                Number = "1037"
            >Impossibile risolvere la proprietà predefinita dell'oggetto Raggi(i1).</Issue>
            <Issue
                Type = "Runtime"
                Number = "1037"
            >Impossibile risolvere la proprietà predefinita dell'oggetto Vertici.Punti().x.</Issue>
            <Issue
                Type = "Runtime"
                Number = "1037"
            >Impossibile risolvere la proprietà predefinita dell'oggetto Vertici.Punti().y.</Issue>
            <Issue
                Type = "Runtime"
                Number = "1037"
            >Impossibile risolvere la proprietà predefinita dell'oggetto Vertici.Punti().</Issue>
            <Issue
                Type = "Compile"
                Number = "1014"
            >L'istruzione GoSub non è supportata.</Issue>
            <Issue
                Type = "Runtime"
                Number = "1037"
            >Impossibile risolvere la proprietà predefinita dell'oggetto Raggi(iprima).</Issue>
            <Issue
                Type = "Runtime"
                Number = "1037"
            >Impossibile risolvere la proprietà predefinita dell'oggetto Raggi(imax).</Issue>
            <Issue
                Type = "Runtime"
                Number = "1037"
            >Impossibile risolvere la proprietà predefinita dell'oggetto Raggi(i).</Issue>
            <Issue
                Type = "Runtime"
                Number = "1037"
            >Impossibile risolvere la proprietà predefinita dell'oggetto Vertici.Punti().distpunpun.</Issue>
            <Issue
                Type = "Runtime"
                Number = "1037"
                PME = "Abs"
            >Impossibile risolvere la proprietà predefinita dell'oggetto Raggi().</Issue>
            <Issue
                Type = "Runtime"
                Number = "1037"
            >Impossibile risolvere la proprietà predefinita dell'oggetto Centri.Punti().x.</Issue>
            <Issue
                Type = "Runtime"
                Number = "1037"
            >Impossibile risolvere la proprietà predefinita dell'oggetto Centri.Punti().y.</Issue>
            <Issue
                Type = "Runtime"
                Number = "1037"
            >Impossibile risolvere la proprietà predefinita dell'oggetto Raggi(ii1).</Issue>
            <Issue
                Type = "Runtime"
                Number = "1037"
            >Impossibile risolvere la proprietà predefinita dell'oggetto Vertici.Punti(ii1).y.</Issue>
            <Issue
                Type = "Runtime"
                Number = "1037"
            >Impossibile risolvere la proprietà predefinita dell'oggetto Vertici.Punti(ii2).y.</Issue>
            <Issue
                Type = "Runtime"
                Number = "1041"
            >Return ha un nuovo comportamento.</Issue>
        </Section>
        <Section Name = "ShowOid" >
            <Issue
                Type = "Runtime"
                Number = "1037"
            >Impossibile risolvere la proprietà predefinita dell'oggetto SubRect.x().</Issue>
            <Issue
                Type = "Runtime"
                Number = "1037"
            >Impossibile risolvere la proprietà predefinita dell'oggetto SubRect.y().</Issue>
            <Issue
                Type = "Runtime"
                Number = "1037"
            >Impossibile risolvere la proprietà predefinita dell'oggetto SubRect.y(4).</Issue>
            <Issue
                Type = "Runtime"
                Number = "1037"
            >Impossibile risolvere la proprietà predefinita dell'oggetto SubRect.y(1).</Issue>
            <Issue
                Type = "Runtime"
                Number = "1037"
            >Impossibile risolvere la proprietà predefinita dell'oggetto SubRect.x(2).</Issue>
            <Issue
                Type = "Runtime"
                Number = "1037"
            >Impossibile risolvere la proprietà predefinita dell'oggetto SubRect.x(1).</Issue>
        </Section>
    </File>
    <File
        OldPath = "E:\Programmi\MicroSoft Visual Studio\Fbm\LibGra\Striscia.cls"
        NewPath = "C:\Documenti\Visual Studio Projects\Lancio\Grafica.NET\Striscia.vb"
        FileType = "Class Module"
        Upgraded = "True"
    >
        <Section Name = "StringMATE" >
            <Issue
                Type = "Runtime"
                Number = "1037"
                PME = "RTrim$"
            >Impossibile risolvere la proprietà predefinita dell'oggetto GenMem_Renamed.MaterNome().</Issue>
        </Section>
    </File>
    <File
        OldPath = "E:\Programmi\MicroSoft Visual Studio\Fbm\LibGra\Diaframma.cls"
        NewPath = "C:\Documenti\Visual Studio Projects\Lancio\Grafica.NET\Diaframma.vb"
        FileType = "Class Module"
        Upgraded = "True"
    >
        <Section Name = "(Dichiarazioni)" >
            <Issue
                Type = "Runtime"
                Number = "1045"
            >Impossibile dichiarare matrici con New.</Issue>
        </Section>
        <Section Name = "Pesi" >
            <Issue
                Type = "Compile"
                Number = "1014"
            >L'istruzione GoSub non è supportata.</Issue>
            <Issue
                Type = "Runtime"
                Number = "1037"
            >Impossibile risolvere la proprietà predefinita dell'oggetto Polig.Vertici.Punti().X.</Issue>
            <Issue
                Type = "Runtime"
                Number = "1037"
            >Impossibile risolvere la proprietà predefinita dell'oggetto Polig.Vertici.Punti().Y.</Issue>
            <Issue
                Type = "Runtime"
                Number = "1041"
            >Return ha un nuovo comportamento.</Issue>
        </Section>
        <Section Name = "StringMATE" >
            <Issue
                Type = "Runtime"
                Number = "1037"
                PME = "RTrim$"
            >Impossibile risolvere la proprietà predefinita dell'oggetto GenMem_Renamed.MaterNome().</Issue>
        </Section>
        <Section Name = "Unsupported" >
            <Issue
                Type = "Runtime"
                Number = "1037"
            >Impossibile risolvere la proprietà predefinita dell'oggetto GenMem_Renamed.posizione.SuChi.DiamExt.</Issue>
            <Issue
                Type = "Runtime"
                Number = "1037"
                PME = "Abs"
            >Impossibile risolvere la proprietà predefinita dell'oggetto GenMem_Renamed.posizione.SuChi.GenMem.</Issue>
        </Section>
        <Section Name = "NumDiaf" >
            <Issue
                Type = "Runtime"
                Number = "1037"
            >Impossibile risolvere la proprietà predefinita dell'oggetto f.GenMem.</Issue>
        </Section>
        <Section Name = "Appendi" >
            <Issue
                Type = "Runtime"
                Number = "1037"
            >Impossibile risolvere la proprietà predefinita dell'oggetto apparecchio_Renamed.Elementi(i).GenMem.</Issue>
        </Section>
    </File>
    <File
        OldPath = "E:\Programmi\MicroSoft Visual Studio\Fbm\LibGra\Caland1.bas"
        NewPath = "C:\Documenti\Visual Studio Projects\Lancio\Grafica.NET\Caland1.vb"
        FileType = "Module"
        Upgraded = "True"
    >
        <Section Name = "MensFBM" >
            <Issue
                Type = "Runtime"
                Number = "1037"
            >Impossibile risolvere la proprietà predefinita dell'oggetto AddDistinta.</Issue>
            <Issue
                Type = "Runtime"
                Number = "1041"
            >Return ha un nuovo comportamento.</Issue>
        </Section>
    </File>
    <File
        OldPath = "E:\Programmi\MicroSoft Visual Studio\Fbm\LibGra\Dilat.cls"
        NewPath = "C:\Documenti\Visual Studio Projects\Lancio\Grafica.NET\Dilat.vb"
        FileType = "Class Module"
        Upgraded = "True"
    >
        <Section Name = "StringMATE" >
            <Issue
                Type = "Runtime"
                Number = "1037"
                PME = "RTrim$"
            >Impossibile risolvere la proprietà predefinita dell'oggetto GenMem_Renamed.MaterNome().</Issue>
        </Section>
        <Section Name = "PreparaR" >
            <Issue
                Type = "Runtime"
                Number = "1037"
            >Impossibile risolvere la proprietà predefinita dell'oggetto Membro.MatColl.</Issue>
            <Issue
                Type = "Runtime"
                Number = "1037"
            >Impossibile risolvere la proprietà predefinita dell'oggetto Membro.MatAnel.</Issue>
            <Issue
                Type = "Runtime"
                Number = "1037"
            >Impossibile risolvere la proprietà predefinita dell'oggetto Membro.MatBull.</Issue>
        </Section>
        <Section Name = "Appendi" >
            <Issue
                Type = "Compile"
                Number = "1014"
            >L'istruzione GoSub non è supportata.</Issue>
            <Issue
                Type = "Runtime"
                Number = "1037"
            >Impossibile risolvere la proprietà predefinita dell'oggetto Ogg.GenMem.</Issue>
            <Issue
                Type = "Runtime"
                Number = "1037"
            >Impossibile risolvere la proprietà predefinita dell'oggetto GenMem_Renamed.Appesi(i).GenMem.</Issue>
            <Issue
                Type = "Runtime"
                Number = "1041"
            >Return ha un nuovo comportamento.</Issue>
        </Section>
        <Section Name = "Diametro" >
            <Issue
                Type = "Runtime"
                Number = "1037"
            >Impossibile risolvere la proprietà predefinita dell'oggetto Diametro.</Issue>
        </Section>
    </File>
    <File
        OldPath = "E:\Programmi\MicroSoft Visual Studio\Fbm\LibGra\SellaMod.cls"
        NewPath = "C:\Documenti\Visual Studio Projects\Lancio\Grafica.NET\SellaMod.vb"
        FileType = "Class Module"
        Upgraded = "True"
    >
        <Section Name = "StringMATE" >
            <Issue
                Type = "Runtime"
                Number = "1037"
                PME = "RTrim$"
            >Impossibile risolvere la proprietà predefinita dell'oggetto GenMem_Renamed.MaterNome().</Issue>
        </Section>
        <Section Name = "leggi" >
            <Issue
                Type = "Runtime"
                Number = "1037"
            >Impossibile risolvere la proprietà predefinita dell'oggetto MaterRinf.Mat(1).MatStr.</Issue>
        </Section>
        <Section Name = "Pesi" >
            <Issue
                Type = "Runtime"
                Number = "1037"
            >Impossibile risolvere la proprietà predefinita dell'oggetto MaterRinf.Mat().Indmat.</Issue>
            <Issue
                Type = "Runtime"
                Number = "1037"
            >Impossibile risolvere la proprietà predefinita dell'oggetto MaterRinf.Mat().RecupMat.</Issue>
            <Issue
                Type = "Runtime"
                Number = "1037"
            >Impossibile risolvere la proprietà predefinita dell'oggetto MaterRinf.Mat(1).Indmat.</Issue>
            <Issue
                Type = "Runtime"
                Number = "1037"
            >Impossibile risolvere la proprietà predefinita dell'oggetto Obj.Pesi.</Issue>
            <Issue
                Type = "Runtime"
                Number = "1037"
            >Impossibile risolvere la proprietà predefinita dell'oggetto Obj.GenMem.</Issue>
        </Section>
        <Section Name = "CalcGrezzi" >
            <Issue
                Type = "Runtime"
                Number = "1037"
            >Impossibile risolvere la proprietà predefinita dell'oggetto O.CalcGrezzi.</Issue>
        </Section>
        <Section Name = "Appendi" >
            <Issue
                Type = "Compile"
                Number = "1014"
            >L'istruzione GoSub non è supportata.</Issue>
            <Issue
                Type = "Runtime"
                Number = "1037"
            >Impossibile risolvere la proprietà predefinita dell'oggetto Ogg.GenMem.</Issue>
            <Issue
                Type = "Runtime"
                Number = "1037"
            >Impossibile risolvere la proprietà predefinita dell'oggetto GenMem_Renamed.Appesi(i).GenMem.</Issue>
            <Issue
                Type = "Runtime"
                Number = "1037"
            >Impossibile risolvere la proprietà predefinita dell'oggetto Ogg.Tipo.</Issue>
            <Issue
                Type = "Runtime"
                Number = "1037"
            >Impossibile risolvere la proprietà predefinita dell'oggetto Diametro.</Issue>
            <Issue
                Type = "Runtime"
                Number = "1041"
            >Return ha un nuovo comportamento.</Issue>
            <Issue
                Type = "Runtime"
                Number = "1037"
            >Impossibile risolvere la proprietà predefinita dell'oggetto Costola.Vertici.Punti().X.</Issue>
            <Issue
                Type = "Runtime"
                Number = "1037"
            >Impossibile risolvere la proprietà predefinita dell'oggetto Costola.Vertici.Punti().Y.</Issue>
        </Section>
        <Section Name = "Diametro" >
            <Issue
                Type = "Runtime"
                Number = "1037"
            >Impossibile risolvere la proprietà predefinita dell'oggetto Diametro.</Issue>
            <Issue
                Type = "Runtime"
                Number = "1037"
            >Impossibile risolvere la proprietà predefinita dell'oggetto O.GenMem.</Issue>
            <Issue
                Type = "Runtime"
                Number = "1037"
            >Impossibile risolvere la proprietà predefinita dell'oggetto O.Diametro.</Issue>
            <Issue
                Type = "Runtime"
                Number = "1037"
            >Impossibile risolvere la proprietà predefinita dell'oggetto O.Spessore.</Issue>
            <Issue
                Type = "Runtime"
                Number = "1037"
            >Impossibile risolvere la proprietà predefinita dell'oggetto O.Dgran.</Issue>
            <Issue
                Type = "Runtime"
                Number = "1037"
            >Impossibile risolvere la proprietà predefinita dell'oggetto O.Dpicc.</Issue>
            <Issue
                Type = "Runtime"
                Number = "1037"
            >Impossibile risolvere la proprietà predefinita dell'oggetto O.Altezza.</Issue>
        </Section>
        <Section Name = "AltriDati" >
            <Issue
                Type = "Runtime"
                Number = "1037"
            >Impossibile risolvere la proprietà predefinita dell'oggetto Diametro.</Issue>
        </Section>
    </File>
    <File
        OldPath = "E:\Programmi\MicroSoft Visual Studio\Fbm\LibGra\FormRibsFBM.frm"
        NewPath = "C:\Documenti\Visual Studio Projects\Lancio\Grafica.NET\FormRibsFBM.vb"
        FileType = "Form"
        Upgraded = "True"
    >
        <Section Name = "(Layout)" >
            <Issue
                Type = "Design"
                Number = "2045"
                ObjectName = "Label6"
                ObjectType = "Label"
                PME = "Font"
            >Nei Windows Form sono supportati solo tipi di carattere TrueType e OpenType.</Issue>
            <Issue
                Type = "Design"
                Number = "2045"
                ObjectName = "Labely"
                ObjectType = "Label"
                PME = "Font"
            >Nei Windows Form sono supportati solo tipi di carattere TrueType e OpenType.</Issue>
            <Issue
                Type = "Design"
                Number = "2045"
                ObjectName = "Labelx"
                ObjectType = "Label"
                PME = "Font"
            >Nei Windows Form sono supportati solo tipi di carattere TrueType e OpenType.</Issue>
            <Issue
                Type = "Design"
                Number = "2020"
                ObjectName = "Timer1"
                ObjectType = "Timer"
                PME = "Interval"
            >La proprietà di Timer Timer1.Interval non può avere il valore 0.</Issue>
        </Section>
        <Section Name = "Command1_Click" >
            <Issue
                Type = "Runtime"
                Number = "1037"
            >Impossibile risolvere la proprietà predefinita dell'oggetto Membro.DistRib1.</Issue>
            <Issue
                Type = "Runtime"
                Number = "1037"
            >Impossibile risolvere la proprietà predefinita dell'oggetto Membro.DistRib2.</Issue>
            <Issue
                Type = "Runtime"
                Number = "1037"
            >Impossibile risolvere la proprietà predefinita dell'oggetto Membro.DistRib3.</Issue>
        </Section>
        <Section Name = "Form_DblClick" >
            <Issue
                Type = "Runtime"
                Number = "1037"
            >Impossibile risolvere la proprietà predefinita dell'oggetto Membro.nribs.</Issue>
            <Issue
                Type = "Runtime"
                Number = "1033"
            >Il limite inferiore della matrice ForiCLLun è stato cambiato da 1,1 a 0,0.</Issue>
            <Issue
                Type = "Runtime"
                Number = "1037"
            >Impossibile risolvere la proprietà predefinita dell'oggetto Membro.sempor.</Issue>
        </Section>
        <Section Name = "Form_Load" >
            <Issue
                Type = "Runtime"
                Number = "1037"
            >Impossibile risolvere la proprietà predefinita dell'oggetto Membro.nribs.</Issue>
        </Section>
        <Section Name = "Text1_Change" >
            <Issue
                Type = "Runtime"
                Number = "1037"
            >Impossibile risolvere la proprietà predefinita dell'oggetto nl.</Issue>
            <Issue
                Type = "Runtime"
                Number = "1037"
            >Impossibile risolvere la proprietà predefinita dell'oggetto Membro.nribs.</Issue>
            <Issue
                Type = "Runtime"
                Number = "2075"
            >L'evento Text1.TextChanged può essere generato quando il form è inizializzato.</Issue>
        </Section>
        <Section Name = "Text2_Change" >
            <Issue
                Type = "Runtime"
                Number = "1037"
            >Impossibile risolvere la proprietà predefinita dell'oggetto nl.</Issue>
            <Issue
                Type = "Runtime"
                Number = "2075"
            >L'evento Text2.TextChanged può essere generato quando il form è inizializzato.</Issue>
        </Section>
        <Section Name = "Text3_Change" >
            <Issue
                Type = "Runtime"
                Number = "1037"
            >Impossibile risolvere la proprietà predefinita dell'oggetto nl.</Issue>
            <Issue
                Type = "Runtime"
                Number = "2075"
            >L'evento Text3.TextChanged può essere generato quando il form è inizializzato.</Issue>
        </Section>
        <Section Name = "Timer1_Timer" >
            <Issue
                Type = "Runtime"
                Number = "1037"
            >Impossibile risolvere la proprietà predefinita dell'oggetto Membro.nribs.</Issue>
        </Section>
    </File>
    <File
        OldPath = "E:\Programmi\MicroSoft Visual Studio\Fbm\LibGra\Lamiera.cls"
        NewPath = "C:\Documenti\Visual Studio Projects\Lancio\Grafica.NET\Lamiera.vb"
        FileType = "Class Module"
        Upgraded = "True"
    />
    <File
        OldPath = "E:\Programmi\MicroSoft Visual Studio\Fbm\LibGra\clsGrezzo1.cls"
        NewPath = "C:\Documenti\Visual Studio Projects\Lancio\Grafica.NET\clsGrezzo1.vb"
        FileType = "Class Module"
        Upgraded = "True"
    >
        <Section Name = "(Dichiarazioni)" >
            <Issue
                Type = "Runtime"
                Number = "1033"
            >Il limite inferiore della matrice pVariab è stato cambiato da 1 a 0.</Issue>
            <Issue
                Type = "Compile"
                Number = "1051"
            >Tipo di dichiarazione non supportato: Matrici di stringhe di lunghezza fissa.</Issue>
            <Issue
                Type = "Runtime"
                Number = "1033"
            >Il limite inferiore della matrice pDimens è stato cambiato da 1 a 0.</Issue>
        </Section>
    </File>
    <File
        OldPath = "E:\Programmi\MicroSoft Visual Studio\Fbm\LibGra\modSezioni.bas"
        NewPath = "C:\Documenti\Visual Studio Projects\Lancio\Grafica.NET\modSezioni.vb"
        FileType = "Module"
        Upgraded = "True"
    >
        <Section Name = "MostraSezioni" >
            <Issue
                Type = "Compile"
                Number = "2064"
                ObjectName = "pictAssieme"
                ObjectType = "PictureBox"
                PME = "Line"
            >PictureBox metodo pictAssieme.Line non è stato aggiornato.</Issue>
        </Section>
        <Section Name = "Nascondi" >
            <Issue
                Type = "Compile"
                Number = "2064"
                ObjectName = "pictAssieme"
                ObjectType = "PictureBox"
                PME = "Line"
            >PictureBox metodo pictAssieme.Line non è stato aggiornato.</Issue>
        </Section>
        <Section Name = "EditSezioni" >
            <Issue
                Type = "Compile"
                Number = "2064"
                ObjectName = "pictAssieme"
                ObjectType = "PictureBox"
                PME = "DrawMode"
            >PictureBox proprietà pictAssieme.DrawMode non è stato aggiornato.</Issue>
            <Issue
                Type = "Compile"
                Number = "2070"
                ObjectName = "pictAssieme"
                ObjectType = "PictureBox"
                PME = "vbInvert"
            >La costante vbInvert non è stata aggiornata.</Issue>
            <Issue
                Type = "Compile"
                Number = "2064"
                ObjectName = "pictAssieme"
                ObjectType = "PictureBox"
                PME = "DrawStyle"
            >PictureBox proprietà pictAssieme.DrawStyle non è stato aggiornato.</Issue>
            <Issue
                Type = "Compile"
                Number = "2070"
                ObjectName = "pictAssieme"
                ObjectType = "PictureBox"
                PME = "vbDashDot"
            >La costante vbDashDot non è stata aggiornata.</Issue>
            <Issue
                Type = "Compile"
                Number = "2064"
                ObjectName = "pictAssieme"
                ObjectType = "PictureBox"
                PME = "Line"
            >PictureBox metodo pictAssieme.Line non è stato aggiornato.</Issue>
            <Issue
                Type = "Compile"
                Number = "2070"
                ObjectName = "pictAssieme"
                ObjectType = "PictureBox"
                PME = "vbCopyPen"
            >La costante vbCopyPen non è stata aggiornata.</Issue>
            <Issue
                Type = "Compile"
                Number = "2070"
                ObjectName = "pictAssieme"
                ObjectType = "PictureBox"
                PME = "vbSolid"
            >La costante vbSolid non è stata aggiornata.</Issue>
        </Section>
        <Section Name = "EditSezioni1" >
            <Issue
                Type = "Compile"
                Number = "1014"
            >L'istruzione GoSub non è supportata.</Issue>
            <Issue
                Type = "Runtime"
                Number = "1037"
            >Impossibile risolvere la proprietà predefinita dell'oggetto sezioni_Renamed.</Issue>
            <Issue
                Type = "Runtime"
                Number = "1041"
            >Return ha un nuovo comportamento.</Issue>
        </Section>
        <Section Name = "LeggiSezioni" >
            <Issue
                Type = "Runtime"
                Number = "1041"
                PME = "Dir"
            >Dir ha un nuovo comportamento.</Issue>
            <Issue
                Type = "Runtime"
                Number = "1041"
            >Get è stato aggiornato a FileGet e ha un nuovo comportamento.</Issue>
            <Issue
                Type = "Runtime"
                Number = "1037"
            >Impossibile risolvere la proprietà predefinita dell'oggetto sezvec.</Issue>
        </Section>
        <Section Name = "SalvaSezioni" >
            <Issue
                Type = "Runtime"
                Number = "1041"
            >Put è stato aggiornato a FilePut e ha un nuovo comportamento.</Issue>
        </Section>
        <Section Name = "CercaY" >
            <Issue
                Type = "Runtime"
                Number = "1037"
            >Impossibile risolvere la proprietà predefinita dell'oggetto O.GenMem.</Issue>
            <Issue
                Type = "Compile"
                Number = "2064"
                ObjectName = "pictAssieme"
                ObjectType = "PictureBox"
                PME = "ScaleTop"
            >PictureBox proprietà pictAssieme.ScaleTop non è stato aggiornato.</Issue>
        </Section>
        <Section Name = "CercaX" >
            <Issue
                Type = "Runtime"
                Number = "1037"
            >Impossibile risolvere la proprietà predefinita dell'oggetto O.GenMem.</Issue>
            <Issue
                Type = "Compile"
                Number = "2064"
                ObjectName = "pictAssieme"
                ObjectType = "PictureBox"
                PME = "ScaleLeft"
            >PictureBox proprietà pictAssieme.ScaleLeft non è stato aggiornato.</Issue>
            <Issue
                Type = "Compile"
                Number = "2064"
                ObjectName = "pictAssieme"
                ObjectType = "PictureBox"
                PME = "ScaleTop"
            >PictureBox proprietà pictAssieme.ScaleTop non è stato aggiornato.</Issue>
        </Section>
    </File>
    <File
        OldPath = "E:\Programmi\MicroSoft Visual Studio\Fbm\LibGra\ShowForm.bas"
        NewPath = "C:\Documenti\Visual Studio Projects\Lancio\Grafica.NET\ShowForm.vb"
        FileType = "Module"
        Upgraded = "True"
    >
        <Section Name = "Disposiz" >
            <Issue
                Type = "Runtime"
                Number = "1037"
            >Impossibile risolvere la proprietà predefinita dell'oggetto SP()().LARG.</Issue>
            <Issue
                Type = "Runtime"
                Number = "1037"
            >Impossibile risolvere la proprietà predefinita dell'oggetto SP()().y.</Issue>
            <Issue
                Type = "Runtime"
                Number = "1037"
            >Impossibile risolvere la proprietà predefinita dell'oggetto SP(2)(NSpicchi).</Issue>
            <Issue
                Type = "Runtime"
                Number = "1037"
            >Impossibile risolvere la proprietà predefinita dell'oggetto SP()().x.</Issue>
            <Issue
                Type = "Runtime"
                Number = "1037"
            >Impossibile risolvere la proprietà predefinita dell'oggetto SP(i + 1)(NSpicchi).</Issue>
            <Issue
                Type = "Runtime"
                Number = "1037"
            >Impossibile risolvere la proprietà predefinita dell'oggetto SP()()().Origin.</Issue>
            <Issue
                Type = "Runtime"
                Number = "1037"
            >Impossibile risolvere la proprietà predefinita dell'oggetto SP(i + 1)(Spicchi)(j).Origin.</Issue>
            <Issue
                Type = "Runtime"
                Number = "1037"
            >Impossibile risolvere la proprietà predefinita dell'oggetto SP(j + 1)(NSpicchi).</Issue>
            <Issue
                Type = "Runtime"
                Number = "1037"
            >Impossibile risolvere la proprietà predefinita dell'oggetto SP(1)(NSpicchi).</Issue>
            <Issue
                Type = "Runtime"
                Number = "1037"
            >Impossibile risolvere la proprietà predefinita dell'oggetto SP(1)(Spicchi)(j).Origin.</Issue>
        </Section>
        <Section Name = "ShowLam" >
            <Issue
                Type = "Runtime"
                Number = "1037"
            >Impossibile risolvere la proprietà predefinita dell'oggetto SP()().RettGraf.</Issue>
            <Issue
                Type = "Runtime"
                Number = "1037"
            >Impossibile risolvere la proprietà predefinita dell'oggetto SP(iLam + 1)(NSpicchi).</Issue>
            <Issue
                Type = "Runtime"
                Number = "1037"
            >Impossibile risolvere la proprietà predefinita dell'oggetto SP()()().SpicGraf.</Issue>
            <Issue
                Type = "Runtime"
                Number = "1037"
            >Impossibile risolvere la proprietà predefinita dell'oggetto SP()().y.</Issue>
            <Issue
                Type = "Runtime"
                Number = "1037"
            >Impossibile risolvere la proprietà predefinita dell'oggetto Funzioni.DisRut.dove.TextHeight.</Issue>
            <Issue
                Type = "Runtime"
                Number = "1037"
            >Impossibile risolvere la proprietà predefinita dell'oggetto SP()().x.</Issue>
        </Section>
        <Section Name = "ShowLamS" >
            <Issue
                Type = "Runtime"
                Number = "1037"
            >Impossibile risolvere la proprietà predefinita dell'oggetto SP()().RettGraf.</Issue>
            <Issue
                Type = "Runtime"
                Number = "1037"
            >Impossibile risolvere la proprietà predefinita dell'oggetto SP(iLam)(NSpicchi).</Issue>
            <Issue
                Type = "Runtime"
                Number = "1037"
            >Impossibile risolvere la proprietà predefinita dell'oggetto SP()().y.</Issue>
            <Issue
                Type = "Runtime"
                Number = "1037"
            >Impossibile risolvere la proprietà predefinita dell'oggetto SP()().x.</Issue>
        </Section>
        <Section Name = "NumSpicGen" >
            <Issue
                Type = "Runtime"
                Number = "1037"
                PME = "Abs"
            >Impossibile risolvere la proprietà predefinita dell'oggetto Membro.GenMem.</Issue>
            <Issue
                Type = "Runtime"
                Number = "1037"
            >Impossibile risolvere la proprietà predefinita dell'oggetto NumSpicGen.</Issue>
        </Section>
    </File>
    <File
        OldPath = "E:\Programmi\MicroSoft Visual Studio\Fbm\LibGra\frmShowForm.frm"
        NewPath = "C:\Documenti\Visual Studio Projects\Lancio\Grafica.NET\frmShowForm.vb"
        FileType = "Form"
        Upgraded = "True"
    >
        <Section Name = "(Layout)" >
            <Issue
                Type = "Design"
                Number = "2045"
                ObjectName = "Label2"
                ObjectType = "Label"
                PME = "Font"
            >Nei Windows Form sono supportati solo tipi di carattere TrueType e OpenType.</Issue>
            <Issue
                Type = "Design"
                Number = "2064"
                ObjectName = "pctShow"
                ObjectType = "PictureBox"
                PME = "AutoRedraw"
            >PictureBox proprietà pctShow.AutoRedraw non è stato aggiornato.</Issue>
            <Issue
                Type = "Design"
                Number = "2064"
                ObjectName = "pctForm"
                ObjectType = "PictureBox"
                PME = "AutoRedraw"
            >PictureBox proprietà pctForm.AutoRedraw non è stato aggiornato.</Issue>
            <Issue
                Type = "Design"
                Number = "2067"
                ObjectName = "object"
                ObjectType = "MSComCtl2.UpDown"
            >Il controllo MSComCtl2.UpDown object non è stato aggiornato.</Issue>
        </Section>
        <Section Name = "Scrivi" >
            <Issue
                Type = "Runtime"
                Number = "1037"
            >Impossibile risolvere la proprietà predefinita dell'oggetto PunVir.</Issue>
            <Issue
                Type = "Compile"
                Number = "2064"
                ObjectName = "pctForm"
                ObjectType = "PictureBox"
                PME = "CurrentY"
            >PictureBox proprietà pctForm.CurrentY non è stato aggiornato.</Issue>
            <Issue
                Type = "Runtime"
                Number = "1037"
            >Impossibile risolvere la proprietà predefinita dell'oggetto y.</Issue>
            <Issue
                Type = "Compile"
                Number = "2064"
                ObjectName = "pctForm"
                ObjectType = "PictureBox"
                PME = "CurrentX"
            >PictureBox proprietà pctForm.CurrentX non è stato aggiornato.</Issue>
            <Issue
                Type = "Runtime"
                Number = "1037"
            >Impossibile risolvere la proprietà predefinita dell'oggetto x.</Issue>
            <Issue
                Type = "Compile"
                Number = "2064"
                ObjectName = "pctForm"
                ObjectType = "PictureBox"
                PME = "Line"
            >PictureBox metodo pctForm.Line non è stato aggiornato.</Issue>
            <Issue
                Type = "Runtime"
                Number = "1037"
            >Impossibile risolvere la proprietà predefinita dell'oggetto Mode.</Issue>
            <Issue
                Type = "Compile"
                Number = "2064"
                ObjectName = "pctForm"
                ObjectType = "PictureBox"
                PME = "TextWidth"
            >PictureBox metodo pctForm.TextWidth non è stato aggiornato.</Issue>
            <Issue
                Type = "Compile"
                Number = "2064"
                ObjectName = "pctForm"
                ObjectType = "PictureBox"
                PME = "Print"
            >PictureBox metodo pctForm.Print non è stato aggiornato.</Issue>
        </Section>
    </File>
    <File
        OldPath = "E:\Programmi\MicroSoft Visual Studio\Fbm\LibGra\LamQuadr.cls"
        NewPath = "C:\Documenti\Visual Studio Projects\Lancio\Grafica.NET\LamQuadr.vb"
        FileType = "Class Module"
        Upgraded = "True"
    >
        <Section Name = "DrawRE" >
            <Issue
                Type = "Runtime"
                Number = "1037"
            >Impossibile risolvere la proprietà predefinita dell'oggetto SubRect.X(2).</Issue>
            <Issue
                Type = "Runtime"
                Number = "1037"
            >Impossibile risolvere la proprietà predefinita dell'oggetto SubRect.X(1).</Issue>
            <Issue
                Type = "Runtime"
                Number = "1037"
            >Impossibile risolvere la proprietà predefinita dell'oggetto SubRect.Y(3).</Issue>
            <Issue
                Type = "Runtime"
                Number = "1037"
            >Impossibile risolvere la proprietà predefinita dell'oggetto SubRect.Y(1).</Issue>
            <Issue
                Type = "Runtime"
                Number = "1037"
            >Impossibile risolvere la proprietà predefinita dell'oggetto SubRect.X().</Issue>
            <Issue
                Type = "Runtime"
                Number = "1037"
            >Impossibile risolvere la proprietà predefinita dell'oggetto SubRect.Y(2).</Issue>
        </Section>
        <Section Name = "MakeRectQuadro" >
            <Issue
                Type = "Runtime"
                Number = "1037"
            >Impossibile risolvere la proprietà predefinita dell'oggetto SubRect.X().</Issue>
            <Issue
                Type = "Runtime"
                Number = "1037"
            >Impossibile risolvere la proprietà predefinita dell'oggetto SubRect.Y().</Issue>
        </Section>
    </File>
    <File
        OldPath = "E:\Programmi\MicroSoft Visual Studio\Fbm\LibGra\Cilindro.cls"
        NewPath = "C:\Documenti\Visual Studio Projects\Lancio\Grafica.NET\Cilindro.vb"
        FileType = "Class Module"
        Upgraded = "True"
    >
        <Section Name = "Pesi" >
            <Issue
                Type = "Compile"
                Number = "1014"
            >L'istruzione GoSub non è supportata.</Issue>
            <Issue
                Type = "Runtime"
                Number = "1041"
            >Return ha un nuovo comportamento.</Issue>
        </Section>
        <Section Name = "StringMATE" >
            <Issue
                Type = "Runtime"
                Number = "1037"
                PME = "RTrim$"
            >Impossibile risolvere la proprietà predefinita dell'oggetto GenMem_Renamed.MaterNome().</Issue>
        </Section>
    </File>
    <File
        OldPath = "E:\Programmi\MicroSoft Visual Studio\Fbm\LibGra\Frmmnu3.frm"
        NewPath = "C:\Documenti\Visual Studio Projects\Lancio\Grafica.NET\Frmmnu3.vb"
        FileType = "Form"
        Upgraded = "True"
    >
        <Section Name = "(Layout)" >
            <Issue
                Type = "Design"
                Number = "2045"
                ObjectName = "frmLato_3"
                ObjectType = "Frame"
                PME = "Font"
            >Nei Windows Form sono supportati solo tipi di carattere TrueType e OpenType.</Issue>
            <Issue
                Type = "Design"
                Number = "2045"
                ObjectName = "frmLato_2"
                ObjectType = "Frame"
                PME = "Font"
            >Nei Windows Form sono supportati solo tipi di carattere TrueType e OpenType.</Issue>
            <Issue
                Type = "Design"
                Number = "2045"
                ObjectName = "frmLato_1"
                ObjectType = "Frame"
                PME = "Font"
            >Nei Windows Form sono supportati solo tipi di carattere TrueType e OpenType.</Issue>
            <Issue
                Type = "Design"
                Number = "2045"
                ObjectName = "frmLato_0"
                ObjectType = "Frame"
                PME = "Font"
            >Nei Windows Form sono supportati solo tipi di carattere TrueType e OpenType.</Issue>
            <Issue
                Type = "Design"
                Number = "2064"
                ObjectName = "frmMnuMemb3"
                ObjectType = "Form"
                PME = "PaletteMode"
            >Form proprietà frmMnuMemb3.PaletteMode non è stato aggiornato.</Issue>
        </Section>
        <Section Name = "Form_Activate" >
            <Issue
                Type = "Runtime"
                Number = "2065"
                ObjectName = "frmMnuMemb3"
                ObjectType = "Form"
                PME = "Activate"
            >Form evento frmMnuMemb3.Activate presenta un nuovo comportamento.</Issue>
        </Section>
        <Section Name = "Option1_Click" >
            <Issue
                Type = "Compile"
                Number = "2064"
                ObjectName = "f"
                ObjectType = "Frame"
                PME = "Index"
            >Frame proprietà f.Index non è stato aggiornato.</Issue>
            <Issue
                Type = "Runtime"
                Number = "2075"
            >L'evento Option1.CheckedChanged può essere generato quando il form è inizializzato.</Issue>
        </Section>
    </File>
    <File
        OldPath = "E:\Programmi\MicroSoft Visual Studio\Fbm\LibGra\Frmdisti.frm"
        NewPath = "C:\Documenti\Visual Studio Projects\Lancio\Grafica.NET\Frmdisti.vb"
        FileType = "Form"
        Upgraded = "True"
    >
        <Section Name = "(Layout)" >
            <Issue
                Type = "Design"
                Number = "2064"
                ObjectName = "frmDistinta"
                ObjectType = "Form"
                PME = "PaletteMode"
            >Form proprietà frmDistinta.PaletteMode non è stato aggiornato.</Issue>
            <Issue
                Type = "Design"
                Number = "2064"
                ObjectName = "frmDistinta"
                ObjectType = "Form"
                PME = "WhatsThisHelp"
            >Form proprietà frmDistinta.WhatsThisHelp non è stato aggiornato.</Issue>
            <Issue
                Type = "Design"
                Number = "2064"
                ObjectName = "pictAssieme"
                ObjectType = "PictureBox"
                PME = "AutoRedraw"
            >PictureBox proprietà pictAssieme.AutoRedraw non è stato aggiornato.</Issue>
        </Section>
        <Section Name = "OSWinHelp" >
            <Issue
                Type = "Compile"
                Number = "1016"
            >La dichiarazione di un parametro &amp;quot;As Any&amp;quot; non è supportata.</Issue>
        </Section>
        <Section Name = "cmdCreaDaProto_Click" >
            <Issue
                Type = "Runtime"
                Number = "2065"
                ObjectName = "Screen"
                ObjectType = "Screen"
                PME = "MousePointer"
            >Screen proprietà Screen.MousePointer presenta un nuovo comportamento.</Issue>
        </Section>
        <Section Name = "cmdFori_Click" >
            <Issue
                Type = "Runtime"
                Number = "2065"
                ObjectName = "Screen"
                ObjectType = "Screen"
                PME = "MousePointer"
            >Screen proprietà Screen.MousePointer presenta un nuovo comportamento.</Issue>
        </Section>
        <Section Name = "Frame1_MouseDown" >
            <Issue
                Type = "Runtime"
                Number = "2050"
                ObjectName = "Frame1"
                ObjectType = "Frame"
                PME = "MouseDown"
            >L'evento di Frame Frame1.MouseDown non è stato aggiornato.</Issue>
        </Section>
        <Section Name = "Frame1_MouseMove" >
            <Issue
                Type = "Runtime"
                Number = "2050"
                ObjectName = "Frame1"
                ObjectType = "Frame"
                PME = "MouseMove"
            >L'evento di Frame Frame1.MouseMove non è stato aggiornato.</Issue>
        </Section>
        <Section Name = "Frame1_MouseUp" >
            <Issue
                Type = "Runtime"
                Number = "2050"
                ObjectName = "Frame1"
                ObjectType = "Frame"
                PME = "MouseUp"
            >L'evento di Frame Frame1.MouseUp non è stato aggiornato.</Issue>
        </Section>
        <Section Name = "Frame2_MouseDown" >
            <Issue
                Type = "Runtime"
                Number = "2050"
                ObjectName = "Frame2"
                ObjectType = "Frame"
                PME = "MouseDown"
            >L'evento di Frame Frame2.MouseDown non è stato aggiornato.</Issue>
        </Section>
        <Section Name = "Frame2_MouseMove" >
            <Issue
                Type = "Runtime"
                Number = "2050"
                ObjectName = "Frame2"
                ObjectType = "Frame"
                PME = "MouseMove"
            >L'evento di Frame Frame2.MouseMove non è stato aggiornato.</Issue>
        </Section>
        <Section Name = "Frame2_MouseUp" >
            <Issue
                Type = "Runtime"
                Number = "2050"
                ObjectName = "Frame2"
                ObjectType = "Frame"
                PME = "MouseUp"
            >L'evento di Frame Frame2.MouseUp non è stato aggiornato.</Issue>
        </Section>
        <Section Name = "Frame3_MouseDown" >
            <Issue
                Type = "Runtime"
                Number = "2050"
                ObjectName = "Frame3"
                ObjectType = "Frame"
                PME = "MouseDown"
            >L'evento di Frame Frame3.MouseDown non è stato aggiornato.</Issue>
        </Section>
        <Section Name = "Frame3_MouseMove" >
            <Issue
                Type = "Runtime"
                Number = "2050"
                ObjectName = "Frame3"
                ObjectType = "Frame"
                PME = "MouseMove"
            >L'evento di Frame Frame3.MouseMove non è stato aggiornato.</Issue>
        </Section>
        <Section Name = "Frame3_MouseUp" >
            <Issue
                Type = "Runtime"
                Number = "2050"
                ObjectName = "Frame3"
                ObjectType = "Frame"
                PME = "MouseUp"
            >L'evento di Frame Frame3.MouseUp non è stato aggiornato.</Issue>
        </Section>
        <Section Name = "ListView1_AfterLabelEdit" >
            <Issue
                Type = "Runtime"
                Number = "1037"
            >Impossibile risolvere la proprietà predefinita dell'oggetto apparecchio_Renamed.Elementi(Ind).GenMem.</Issue>
        </Section>
        <Section Name = "mnuHelpContents_Click" >
            <Issue
                Type = "Compile"
                Number = "2069"
                ObjectName = "App"
                ObjectType = "App"
                PME = "HelpFile"
            >App proprietà App.HelpFile non è stato aggiornato.</Issue>
        </Section>
        <Section Name = "mnuHelpSearch_Click" >
            <Issue
                Type = "Compile"
                Number = "2069"
                ObjectName = "App"
                ObjectType = "App"
                PME = "HelpFile"
            >App proprietà App.HelpFile non è stato aggiornato.</Issue>
        </Section>
        <Section Name = "DrawPos" >
            <Issue
                Type = "Runtime"
                Number = "1037"
            >Impossibile risolvere la proprietà predefinita dell'oggetto Ind.GenMem.</Issue>
        </Section>
        <Section Name = "chkListaCompleta_Click" >
            <Issue
                Type = "Runtime"
                Number = "2075"
            >L'evento chkListaCompleta.CheckStateChanged può essere generato quando il form è inizializzato.</Issue>
        </Section>
        <Section Name = "cmdAuto_Click" >
            <Issue
                Type = "Runtime"
                Number = "2065"
                ObjectName = "Screen"
                ObjectType = "Screen"
                PME = "MousePointer"
            >Screen proprietà Screen.MousePointer presenta un nuovo comportamento.</Issue>
            <Issue
                Type = "Compile"
                Number = "2064"
                ObjectName = "pictAssieme"
                ObjectType = "PictureBox"
                PME = "ScaleMode"
            >PictureBox proprietà pictAssieme.ScaleMode non è stato aggiornato.</Issue>
            <Issue
                Type = "Compile"
                Number = "2070"
                ObjectName = "pictAssieme"
                ObjectType = "PictureBox"
                PME = "vbTwips"
            >La costante vbTwips non è stata aggiornata.</Issue>
        </Section>
        <Section Name = "cmdGrande_Click" >
            <Issue
                Type = "Runtime"
                Number = "2065"
                ObjectName = "Screen"
                ObjectType = "Screen"
                PME = "MousePointer"
            >Screen proprietà Screen.MousePointer presenta un nuovo comportamento.</Issue>
            <Issue
                Type = "Compile"
                Number = "2064"
                ObjectName = "pictAssieme"
                ObjectType = "PictureBox"
                PME = "Scale"
            >PictureBox metodo pictAssieme.Scale non è stato aggiornato.</Issue>
            <Issue
                Type = "Compile"
                Number = "2064"
                ObjectName = "pictAssieme"
                ObjectType = "PictureBox"
                PME = "Cls"
            >PictureBox metodo pictAssieme.Cls non è stato aggiornato.</Issue>
        </Section>
        <Section Name = "cmdSezioni_Click" >
            <Issue
                Type = "Compile"
                Number = "2064"
                ObjectName = "pictAssieme"
                ObjectType = "PictureBox"
                PME = "DrawMode"
            >PictureBox proprietà pictAssieme.DrawMode non è stato aggiornato.</Issue>
            <Issue
                Type = "Compile"
                Number = "2070"
                ObjectName = "pictAssieme"
                ObjectType = "PictureBox"
                PME = "vbInvert"
            >La costante vbInvert non è stata aggiornata.</Issue>
            <Issue
                Type = "Compile"
                Number = "2064"
                ObjectName = "pictAssieme"
                ObjectType = "PictureBox"
                PME = "DrawStyle"
            >PictureBox proprietà pictAssieme.DrawStyle non è stato aggiornato.</Issue>
            <Issue
                Type = "Compile"
                Number = "2070"
                ObjectName = "pictAssieme"
                ObjectType = "PictureBox"
                PME = "vbDashDot"
            >La costante vbDashDot non è stata aggiornata.</Issue>
            <Issue
                Type = "Compile"
                Number = "2070"
                ObjectName = "pictAssieme"
                ObjectType = "PictureBox"
                PME = "vbCopyPen"
            >La costante vbCopyPen non è stata aggiornata.</Issue>
            <Issue
                Type = "Compile"
                Number = "2070"
                ObjectName = "pictAssieme"
                ObjectType = "PictureBox"
                PME = "vbSolid"
            >La costante vbSolid non è stata aggiornata.</Issue>
        </Section>
        <Section Name = "cmdZoom_Click" >
            <Issue
                Type = "Runtime"
                Number = "2065"
                ObjectName = "Screen"
                ObjectType = "Screen"
                PME = "MousePointer"
            >Screen proprietà Screen.MousePointer presenta un nuovo comportamento.</Issue>
        </Section>
        <Section Name = "Combo1_Change" >
            <Issue
                Type = "Runtime"
                Number = "1037"
                PME = "Trim"
            >Impossibile risolvere la proprietà predefinita dell'oggetto job.Comm.Ind().Assieme.</Issue>
            <Issue
                Type = "Runtime"
                Number = "1037"
                PME = "Trim"
            >Impossibile risolvere la proprietà predefinita dell'oggetto job.Comm.Ind().File.</Issue>
            <Issue
                Type = "Runtime"
                Number = "2075"
            >L'evento Combo1.TextChanged può essere generato quando il form è inizializzato.</Issue>
            <Issue
                Type = "Runtime"
                Number = "2074"
            >ComboBox evento Combo1.Change è stato aggiornato a Combo1.TextChanged che presenta un nuovo comportamento.</Issue>
        </Section>
        <Section Name = "Form_Activate" >
            <Issue
                Type = "Runtime"
                Number = "2065"
                ObjectName = "Screen"
                ObjectType = "Screen"
                PME = "MousePointer"
            >Screen proprietà Screen.MousePointer presenta un nuovo comportamento.</Issue>
            <Issue
                Type = "Compile"
                Number = "2064"
                ObjectName = "pictAssieme"
                ObjectType = "PictureBox"
                PME = "ScaleMode"
            >PictureBox proprietà pictAssieme.ScaleMode non è stato aggiornato.</Issue>
            <Issue
                Type = "Compile"
                Number = "2070"
                ObjectName = "pictAssieme"
                ObjectType = "PictureBox"
                PME = "vbTwips"
            >La costante vbTwips non è stata aggiornata.</Issue>
            <Issue
                Type = "Runtime"
                Number = "2065"
                ObjectName = "frmDistinta"
                ObjectType = "Form"
                PME = "Activate"
            >Form evento frmDistinta.Activate presenta un nuovo comportamento.</Issue>
        </Section>
        <Section Name = "Form_Load" >
            <Issue
                Type = "Runtime"
                Number = "1037"
                PME = "Trim"
            >Impossibile risolvere la proprietà predefinita dell'oggetto job.Coll().</Issue>
            <Issue
                Type = "Runtime"
                Number = "1037"
                PME = "Trim"
            >Impossibile risolvere la proprietà predefinita dell'oggetto job.Comm.Ind().Assieme.</Issue>
            <Issue
                Type = "Runtime"
                Number = "1037"
                PME = "Trim"
            >Impossibile risolvere la proprietà predefinita dell'oggetto job.Comm.Ind().File.</Issue>
        </Section>
        <Section Name = "Form_QueryUnload" >
            <Issue
                Type = "Runtime"
                Number = "2065"
                ObjectName = "frmDistinta"
                ObjectType = "Form"
                PME = "QueryUnload"
            >Form evento frmDistinta.QueryUnload presenta un nuovo comportamento.</Issue>
        </Section>
        <Section Name = "Form_Unload" >
            <Issue
                Type = "Runtime"
                Number = "2065"
                ObjectName = "frmDistinta"
                ObjectType = "Form"
                PME = "Unload"
            >Form evento frmDistinta.Unload presenta un nuovo comportamento.</Issue>
        </Section>
        <Section Name = "pictAssieme_MouseMove" >
            <Issue
                Type = "Compile"
                Number = "2064"
                ObjectName = "pictAssieme"
                ObjectType = "PictureBox"
                PME = "DrawMode"
            >PictureBox proprietà pictAssieme.DrawMode non è stato aggiornato.</Issue>
            <Issue
                Type = "Compile"
                Number = "2070"
                ObjectName = "pictAssieme"
                ObjectType = "PictureBox"
                PME = "vbInvert"
            >La costante vbInvert non è stata aggiornata.</Issue>
            <Issue
                Type = "Compile"
                Number = "2064"
                ObjectName = "pictAssieme"
                ObjectType = "PictureBox"
                PME = "Line"
            >PictureBox metodo pictAssieme.Line non è stato aggiornato.</Issue>
            <Issue
                Type = "Compile"
                Number = "2070"
                ObjectName = "pictAssieme"
                ObjectType = "PictureBox"
                PME = "vbCopyPen"
            >La costante vbCopyPen non è stata aggiornata.</Issue>
            <Issue
                Type = "Compile"
                Number = "2064"
                ObjectName = "pictAssieme"
                ObjectType = "PictureBox"
                PME = "ScaleLeft"
            >PictureBox proprietà pictAssieme.ScaleLeft non è stato aggiornato.</Issue>
            <Issue
                Type = "Compile"
                Number = "2064"
                ObjectName = "pictAssieme"
                ObjectType = "PictureBox"
                PME = "ScaleTop"
            >PictureBox proprietà pictAssieme.ScaleTop non è stato aggiornato.</Issue>
        </Section>
        <Section Name = "pictAssieme_MouseUp" >
            <Issue
                Type = "Compile"
                Number = "2064"
                ObjectName = "pictAssieme"
                ObjectType = "PictureBox"
                PME = "Cls"
            >PictureBox metodo pictAssieme.Cls non è stato aggiornato.</Issue>
            <Issue
                Type = "Compile"
                Number = "2064"
                ObjectName = "pictAssieme"
                ObjectType = "PictureBox"
                PME = "Line"
            >PictureBox metodo pictAssieme.Line non è stato aggiornato.</Issue>
            <Issue
                Type = "Runtime"
                Number = "2065"
                ObjectName = "Screen"
                ObjectType = "Screen"
                PME = "MousePointer"
            >Screen proprietà Screen.MousePointer presenta un nuovo comportamento.</Issue>
        </Section>
        <Section Name = "AggLista" >
            <Issue
                Type = "Compile"
                Number = "1014"
            >L'istruzione GoSub non è supportata.</Issue>
            <Issue
                Type = "Runtime"
                Number = "1037"
            >Impossibile risolvere la proprietà predefinita dell'oggetto apparecchio_Renamed.Elementi(j).GenMem.</Issue>
            <Issue
                Type = "Runtime"
                Number = "1037"
            >Impossibile risolvere la proprietà predefinita dell'oggetto apparecchio_Renamed.Elementi().GenMem.</Issue>
            <Issue
                Type = "Runtime"
                Number = "1037"
            >Impossibile risolvere la proprietà predefinita dell'oggetto job.Comm.Ind(job.Comm.indice).File.</Issue>
            <Issue
                Type = "Runtime"
                Number = "1041"
                PME = "Dir"
            >Dir ha un nuovo comportamento.</Issue>
            <Issue
                Type = "Runtime"
                Number = "1041"
            >Return ha un nuovo comportamento.</Issue>
        </Section>
        <Section Name = "Riordina" >
            <Issue
                Type = "Runtime"
                Number = "2065"
                ObjectName = "Screen"
                ObjectType = "Screen"
                PME = "MousePointer"
            >Screen proprietà Screen.MousePointer presenta un nuovo comportamento.</Issue>
            <Issue
                Type = "Runtime"
                Number = "1037"
            >Impossibile risolvere la proprietà predefinita dell'oggetto n.GenMem.</Issue>
            <Issue
                Type = "Runtime"
                Number = "1037"
            >Impossibile risolvere la proprietà predefinita dell'oggetto m.GenMem.</Issue>
            <Issue
                Type = "Runtime"
                Number = "1037"
            >Impossibile risolvere la proprietà predefinita dell'oggetto apparecchio_Renamed.Elementi(j).GenMem.</Issue>
            <Issue
                Type = "Runtime"
                Number = "1037"
            >Impossibile risolvere la proprietà predefinita dell'oggetto apparecchio_Renamed.Elementi(k).GenMem.</Issue>
        </Section>
    </File>
    <File
        OldPath = "E:\Programmi\MicroSoft Visual Studio\Fbm\LibGra\frmDati.frm"
        NewPath = "C:\Documenti\Visual Studio Projects\Lancio\Grafica.NET\frmDati.vb"
        FileType = "Form"
        Upgraded = "True"
    >
        <Section Name = "(Layout)" >
            <Issue
                Type = "Design"
                Number = "2067"
                ObjectName = "Data1"
                ObjectType = "Data"
            >Il controllo Data Data1 non è stato aggiornato.</Issue>
            <Issue
                Type = "Design"
                Number = "2064"
                ObjectName = "DBcmbTipo"
                ObjectType = "DBCombo"
            >DBCombo proprietà DBcmbTipo.DataSource non è stato aggiornato.</Issue>
            <Issue
                Type = "Design"
                Number = "2064"
                ObjectName = "frmDati"
                ObjectType = "Form"
                PME = "HelpContextID"
            >Form proprietà frmDati.HelpContextID non è stato aggiornato.</Issue>
            <Issue
                Type = "Design"
                Number = "2064"
                ObjectName = "frmDati"
                ObjectType = "Form"
                PME = "PaletteMode"
            >Form proprietà frmDati.PaletteMode non è stato aggiornato.</Issue>
            <Issue
                Type = "Design"
                Number = "2064"
                ObjectName = "frmDati"
                ObjectType = "Form"
                PME = "WhatsThisHelp"
            >Form proprietà frmDati.WhatsThisHelp non è stato aggiornato.</Issue>
            <Issue
                Type = "Design"
                Number = "2064"
                ObjectName = "Frame4"
                ObjectType = "Frame"
                PME = "HelpContextID"
            >Frame proprietà Frame4.HelpContextID non è stato aggiornato.</Issue>
            <Issue
                Type = "Design"
                Number = "2064"
                ObjectName = "cmbFinoA"
                ObjectType = "ComboBox"
                PME = "HelpContextID"
            >ComboBox proprietà cmbFinoA.HelpContextID non è stato aggiornato.</Issue>
            <Issue
                Type = "Design"
                Number = "2064"
                ObjectName = "cmbLato"
                ObjectType = "ComboBox"
                PME = "HelpContextID"
            >ComboBox proprietà cmbLato.HelpContextID non è stato aggiornato.</Issue>
            <Issue
                Type = "Design"
                Number = "2064"
                ObjectName = "cmbPredef"
                ObjectType = "ComboBox"
                PME = "HelpContextID"
            >ComboBox proprietà cmbPredef.HelpContextID non è stato aggiornato.</Issue>
            <Issue
                Type = "Design"
                Number = "2064"
                ObjectName = "_cmbCodPos_4"
                ObjectType = "ComboBox"
                PME = "HelpContextID"
            >ComboBox proprietà _cmbCodPos_4.HelpContextID non è stato aggiornato.</Issue>
            <Issue
                Type = "Design"
                Number = "2064"
                ObjectName = "_cmbCodPos_3"
                ObjectType = "ComboBox"
                PME = "HelpContextID"
            >ComboBox proprietà _cmbCodPos_3.HelpContextID non è stato aggiornato.</Issue>
            <Issue
                Type = "Design"
                Number = "2064"
                ObjectName = "_cmbCodPos_2"
                ObjectType = "ComboBox"
                PME = "HelpContextID"
            >ComboBox proprietà _cmbCodPos_2.HelpContextID non è stato aggiornato.</Issue>
            <Issue
                Type = "Design"
                Number = "2064"
                ObjectName = "_cmbCodPos_1"
                ObjectType = "ComboBox"
                PME = "HelpContextID"
            >ComboBox proprietà _cmbCodPos_1.HelpContextID non è stato aggiornato.</Issue>
            <Issue
                Type = "Design"
                Number = "2064"
                ObjectName = "_cmbCodPos_0"
                ObjectType = "ComboBox"
                PME = "HelpContextID"
            >ComboBox proprietà _cmbCodPos_0.HelpContextID non è stato aggiornato.</Issue>
            <Issue
                Type = "Design"
                Number = "2064"
                ObjectName = "cmbSuChi"
                ObjectType = "ComboBox"
                PME = "HelpContextID"
            >ComboBox proprietà cmbSuChi.HelpContextID non è stato aggiornato.</Issue>
            <Issue
                Type = "Design"
                Number = "2064"
                ObjectName = "Picture1"
                ObjectType = "PictureBox"
                PME = "AutoRedraw"
            >PictureBox proprietà Picture1.AutoRedraw non è stato aggiornato.</Issue>
            <Issue
                Type = "Design"
                Number = "2064"
                ObjectName = "Picture1"
                ObjectType = "PictureBox"
                PME = "ScaleMode"
            >PictureBox proprietà Picture1.ScaleMode non è stato aggiornato.</Issue>
            <Issue
                Type = "Design"
                Number = "2068"
            >oggetto Data non aggiornato.</Issue>
        </Section>
        <Section Name = "cmbCodPos_Change" >
            <Issue
                Type = "Runtime"
                Number = "1037"
            >Impossibile risolvere la proprietà predefinita dell'oggetto Membro.Variato.</Issue>
            <Issue
                Type = "Runtime"
                Number = "2075"
            >L'evento cmbCodPos.TextChanged può essere generato quando il form è inizializzato.</Issue>
            <Issue
                Type = "Runtime"
                Number = "2074"
            >ComboBox evento cmbCodPos.Change è stato aggiornato a cmbCodPos.TextChanged che presenta un nuovo comportamento.</Issue>
        </Section>
        <Section Name = "cmbCodPos_Click" >
            <Issue
                Type = "Runtime"
                Number = "1037"
            >Impossibile risolvere la proprietà predefinita dell'oggetto Membro.Variato.</Issue>
            <Issue
                Type = "Runtime"
                Number = "2075"
            >L'evento cmbCodPos.SelectedIndexChanged può essere generato quando il form è inizializzato.</Issue>
        </Section>
        <Section Name = "cmbCodPos_LostFocus" >
            <Issue
                Type = "Runtime"
                Number = "1037"
            >Impossibile risolvere la proprietà predefinita dell'oggetto Membro.GenMem.</Issue>
        </Section>
        <Section Name = "cmbFinoA_Click" >
            <Issue
                Type = "Runtime"
                Number = "2075"
            >L'evento cmbFinoA.SelectedIndexChanged può essere generato quando il form è inizializzato.</Issue>
        </Section>
        <Section Name = "cmbLato_Click" >
            <Issue
                Type = "Runtime"
                Number = "1037"
            >Impossibile risolvere la proprietà predefinita dell'oggetto Membro.GenMem.</Issue>
            <Issue
                Type = "Runtime"
                Number = "2075"
            >L'evento cmbLato.SelectedIndexChanged può essere generato quando il form è inizializzato.</Issue>
        </Section>
        <Section Name = "cmbLE_Click" >
            <Issue
                Type = "Runtime"
                Number = "1037"
            >Impossibile risolvere la proprietà predefinita dell'oggetto Membro.GenMem.</Issue>
            <Issue
                Type = "Runtime"
                Number = "2075"
            >L'evento cmbLE.SelectedIndexChanged può essere generato quando il form è inizializzato.</Issue>
        </Section>
        <Section Name = "cmbPara_Click" >
            <Issue
                Type = "Runtime"
                Number = "1037"
            >Impossibile risolvere la proprietà predefinita dell'oggetto Membro.GenMem.</Issue>
            <Issue
                Type = "Runtime"
                Number = "1037"
            >Impossibile risolvere la proprietà predefinita dell'oggetto Membro.Tolleranza.</Issue>
            <Issue
                Type = "Runtime"
                Number = "1037"
            >Impossibile risolvere la proprietà predefinita dell'oggetto Membro.TipoFascio.</Issue>
            <Issue
                Type = "Runtime"
                Number = "1037"
            >Impossibile risolvere la proprietà predefinita dell'oggetto Membro.Tubi.</Issue>
            <Issue
                Type = "Runtime"
                Number = "1037"
            >Impossibile risolvere la proprietà predefinita dell'oggetto Membro.ClassTEMA.</Issue>
            <Issue
                Type = "Runtime"
                Number = "1037"
            >Impossibile risolvere la proprietà predefinita dell'oggetto Membro.TipoDiafr.</Issue>
            <Issue
                Type = "Runtime"
                Number = "1037"
            >Impossibile risolvere la proprietà predefinita dell'oggetto Membro.SottoTipo.</Issue>
            <Issue
                Type = "Runtime"
                Number = "1037"
            >Impossibile risolvere la proprietà predefinita dell'oggetto Membro.DirezVert.</Issue>
            <Issue
                Type = "Runtime"
                Number = "1037"
            >Impossibile risolvere la proprietà predefinita dell'oggetto Membro.Variato.</Issue>
            <Issue
                Type = "Runtime"
                Number = "2065"
                ObjectName = "Screen"
                ObjectType = "Screen"
                PME = "MousePointer"
            >Screen proprietà Screen.MousePointer presenta un nuovo comportamento.</Issue>
            <Issue
                Type = "Runtime"
                Number = "1037"
            >Impossibile risolvere la proprietà predefinita dell'oggetto Membro.leggi.</Issue>
            <Issue
                Type = "Runtime"
                Number = "2075"
            >L'evento cmbPara.SelectedIndexChanged può essere generato quando il form è inizializzato.</Issue>
        </Section>
        <Section Name = "cmbParaO_Click" >
            <Issue
                Type = "Runtime"
                Number = "1037"
                PME = "Abs"
            >Impossibile risolvere la proprietà predefinita dell'oggetto Membro.GenMem.</Issue>
            <Issue
                Type = "Runtime"
                Number = "1037"
            >Impossibile risolvere la proprietà predefinita dell'oggetto Membro.Serie.</Issue>
            <Issue
                Type = "Runtime"
                Number = "1037"
            >Impossibile risolvere la proprietà predefinita dell'oggetto Membro.sempor.</Issue>
            <Issue
                Type = "Runtime"
                Number = "1037"
            >Impossibile risolvere la proprietà predefinita dell'oggetto Membro.FixSlid.</Issue>
            <Issue
                Type = "Runtime"
                Number = "1037"
            >Impossibile risolvere la proprietà predefinita dell'oggetto Membro.CI.</Issue>
            <Issue
                Type = "Runtime"
                Number = "2075"
            >L'evento cmbParaO.SelectedIndexChanged può essere generato quando il form è inizializzato.</Issue>
        </Section>
        <Section Name = "cmbPredef_Change" >
            <Issue
                Type = "Runtime"
                Number = "1037"
            >Impossibile risolvere la proprietà predefinita dell'oggetto Membro.Variato.</Issue>
            <Issue
                Type = "Runtime"
                Number = "2075"
            >L'evento cmbPredef.TextChanged può essere generato quando il form è inizializzato.</Issue>
            <Issue
                Type = "Runtime"
                Number = "2074"
            >ComboBox evento cmbPredef.Change è stato aggiornato a cmbPredef.TextChanged che presenta un nuovo comportamento.</Issue>
        </Section>
        <Section Name = "cmbPredef_Click" >
            <Issue
                Type = "Runtime"
                Number = "1037"
            >Impossibile risolvere la proprietà predefinita dell'oggetto Membro.Variato.</Issue>
            <Issue
                Type = "Runtime"
                Number = "2075"
            >L'evento cmbPredef.SelectedIndexChanged può essere generato quando il form è inizializzato.</Issue>
        </Section>
        <Section Name = "cmbSuChi_Click" >
            <Issue
                Type = "Runtime"
                Number = "2075"
            >L'evento cmbSuChi.SelectedIndexChanged può essere generato quando il form è inizializzato.</Issue>
        </Section>
        <Section Name = "cmbTipo_Click" >
            <Issue
                Type = "Runtime"
                Number = "1037"
            >Impossibile risolvere la proprietà predefinita dell'oggetto Membro.Variato.</Issue>
            <Issue
                Type = "Runtime"
                Number = "1037"
            >Impossibile risolvere la proprietà predefinita dell'oggetto Membro.GenMem.</Issue>
            <Issue
                Type = "Runtime"
                Number = "1037"
            >Impossibile risolvere la proprietà predefinita dell'oggetto Membro.Tubi.</Issue>
            <Issue
                Type = "Runtime"
                Number = "1037"
            >Impossibile risolvere la proprietà predefinita dell'oggetto Membro.SottoTipo.</Issue>
            <Issue
                Type = "Runtime"
                Number = "1037"
            >Impossibile risolvere la proprietà predefinita dell'oggetto Membro.TipoF.</Issue>
            <Issue
                Type = "Runtime"
                Number = "1037"
            >Impossibile risolvere la proprietà predefinita dell'oggetto Membro.Appendi.</Issue>
            <Issue
                Type = "Runtime"
                Number = "1037"
            >Impossibile risolvere la proprietà predefinita dell'oggetto Membro.DiamScarpa.</Issue>
            <Issue
                Type = "Runtime"
                Number = "1037"
            >Impossibile risolvere la proprietà predefinita dell'oggetto Membro.DiamRinf.</Issue>
            <Issue
                Type = "Runtime"
                Number = "1037"
            >Impossibile risolvere la proprietà predefinita dell'oggetto Membro.Tipo.</Issue>
            <Issue
                Type = "Runtime"
                Number = "1037"
            >Impossibile risolvere la proprietà predefinita dell'oggetto Membro.TipoS.</Issue>
            <Issue
                Type = "Runtime"
                Number = "1037"
            >Impossibile risolvere la proprietà predefinita dell'oggetto Membro.Numero.</Issue>
            <Issue
                Type = "Runtime"
                Number = "2075"
            >L'evento cmbTipo.SelectedIndexChanged può essere generato quando il form è inizializzato.</Issue>
        </Section>
        <Section Name = "cmdAggiorna_Click" >
            <Issue
                Type = "Runtime"
                Number = "2065"
                ObjectName = "Screen"
                ObjectType = "Screen"
                PME = "MousePointer"
            >Screen proprietà Screen.MousePointer presenta un nuovo comportamento.</Issue>
            <Issue
                Type = "Compile"
                Number = "2064"
                ObjectName = "t"
                ObjectType = "TextBox"
                PME = "Index"
            >TextBox proprietà t.Index non è stato aggiornato.</Issue>
        </Section>
        <Section Name = "Scarica" >
            <Issue
                Type = "Compile"
                Number = "2029"
                PME = "Unload"
            >Il codice scaricato l non è stato aggiornato.</Issue>
            <Issue
                Type = "Compile"
                Number = "2064"
                ObjectName = "l"
                ObjectType = "Label"
                PME = "Index"
            >Label proprietà l.Index non è stato aggiornato.</Issue>
            <Issue
                Type = "Compile"
                Number = "2029"
                PME = "Unload"
            >Il codice scaricato t non è stato aggiornato.</Issue>
            <Issue
                Type = "Compile"
                Number = "2064"
                ObjectName = "t"
                ObjectType = "TextBox"
                PME = "Index"
            >TextBox proprietà t.Index non è stato aggiornato.</Issue>
            <Issue
                Type = "Compile"
                Number = "2029"
                PME = "Unload"
            >Il codice scaricato c non è stato aggiornato.</Issue>
            <Issue
                Type = "Compile"
                Number = "2064"
                ObjectName = "c"
                ObjectType = "ComboBox"
                PME = "Index"
            >ComboBox proprietà c.Index non è stato aggiornato.</Issue>
            <Issue
                Type = "Compile"
                Number = "2029"
                PME = "Unload"
            >Il codice scaricato lb non è stato aggiornato.</Issue>
            <Issue
                Type = "Compile"
                Number = "2064"
                ObjectName = "lb"
                ObjectType = "VBControlExtender"
                PME = "Index"
            >VBControlExtender proprietà lb.Index non è stato aggiornato.</Issue>
        </Section>
        <Section Name = "cmdMat_Click" >
            <Issue
                Type = "Runtime"
                Number = "1037"
            >Impossibile risolvere la proprietà predefinita dell'oggetto Membro.Variato.</Issue>
            <Issue
                Type = "Runtime"
                Number = "1037"
            >Impossibile risolvere la proprietà predefinita dell'oggetto Membro.TipoMat.</Issue>
            <Issue
                Type = "Runtime"
                Number = "1037"
            >Impossibile risolvere la proprietà predefinita dell'oggetto Membro.GenMem.</Issue>
            <Issue
                Type = "Runtime"
                Number = "1037"
            >Impossibile risolvere la proprietà predefinita dell'oggetto Mat.Mat().Indmat.</Issue>
            <Issue
                Type = "Runtime"
                Number = "1037"
            >Impossibile risolvere la proprietà predefinita dell'oggetto Membro.IndMatRinf.</Issue>
            <Issue
                Type = "Runtime"
                Number = "1037"
            >Impossibile risolvere la proprietà predefinita dell'oggetto Membro.Fitting.</Issue>
            <Issue
                Type = "Runtime"
                Number = "1037"
            >Impossibile risolvere la proprietà predefinita dell'oggetto Mat.Mat().Classe.</Issue>
            <Issue
                Type = "Runtime"
                Number = "1037"
            >Impossibile risolvere la proprietà predefinita dell'oggetto Mat.Mat().PSP.</Issue>
            <Issue
                Type = "Runtime"
                Number = "1037"
            >Impossibile risolvere la proprietà predefinita dell'oggetto Mat.Mat().prezzo.</Issue>
            <Issue
                Type = "Runtime"
                Number = "1037"
            >Impossibile risolvere la proprietà predefinita dell'oggetto Mat.Mat(1).Classe.</Issue>
            <Issue
                Type = "Runtime"
                Number = "1037"
            >Impossibile risolvere la proprietà predefinita dell'oggetto Mat.Mat(2).Classe.</Issue>
            <Issue
                Type = "Runtime"
                Number = "1037"
            >Impossibile risolvere la proprietà predefinita dell'oggetto O.TipoMat.</Issue>
            <Issue
                Type = "Runtime"
                Number = "1037"
            >Impossibile risolvere la proprietà predefinita dell'oggetto O.GenMem.</Issue>
            <Issue
                Type = "Runtime"
                Number = "1037"
            >Impossibile risolvere la proprietà predefinita dell'oggetto O.CalcGrezzi.</Issue>
        </Section>
        <Section Name = "cmdOK_Click" >
            <Issue
                Type = "Runtime"
                Number = "2065"
                ObjectName = "Screen"
                ObjectType = "Screen"
                PME = "MousePointer"
            >Screen proprietà Screen.MousePointer presenta un nuovo comportamento.</Issue>
            <Issue
                Type = "Runtime"
                Number = "1037"
            >Impossibile risolvere la proprietà predefinita dell'oggetto Membro.GenMem.</Issue>
            <Issue
                Type = "Runtime"
                Number = "1037"
            >Impossibile risolvere la proprietà predefinita dell'oggetto Membro.Convalida.</Issue>
        </Section>
        <Section Name = "cmdPrezzo_Click" >
            <Issue
                Type = "Runtime"
                Number = "1037"
            >Impossibile risolvere la proprietà predefinita dell'oggetto Membro.TipoMat.</Issue>
            <Issue
                Type = "Runtime"
                Number = "1037"
            >Impossibile risolvere la proprietà predefinita dell'oggetto Membro.GenMem.</Issue>
            <Issue
                Type = "Runtime"
                Number = "1037"
            >Impossibile risolvere la proprietà predefinita dell'oggetto Mat.Mat().Indmat.</Issue>
            <Issue
                Type = "Runtime"
                Number = "1037"
            >Impossibile risolvere la proprietà predefinita dell'oggetto Membro.Code7.</Issue>
            <Issue
                Type = "Runtime"
                Number = "1037"
            >Impossibile risolvere la proprietà predefinita dell'oggetto Membro.Param1.</Issue>
            <Issue
                Type = "Runtime"
                Number = "1037"
            >Impossibile risolvere la proprietà predefinita dell'oggetto Mat.Mat().MostraPrezzi.</Issue>
            <Issue
                Type = "Runtime"
                Number = "1037"
            >Impossibile risolvere la proprietà predefinita dell'oggetto Membro.Variato.</Issue>
            <Issue
                Type = "Runtime"
                Number = "1037"
            >Impossibile risolvere la proprietà predefinita dell'oggetto Membro.leggi.</Issue>
        </Section>
        <Section Name = "cmdSvil_Click" >
            <Issue
                Type = "Runtime"
                Number = "1037"
            >Impossibile risolvere la proprietà predefinita dell'oggetto Membro.Mostrasviluppi.</Issue>
        </Section>
        <Section Name = "cmdZoom_Click" >
            <Issue
                Type = "Runtime"
                Number = "2065"
                ObjectName = "Screen"
                ObjectType = "Screen"
                PME = "MousePointer"
            >Screen proprietà Screen.MousePointer presenta un nuovo comportamento.</Issue>
            <Issue
                Type = "Runtime"
                Number = "1037"
            >Impossibile risolvere la proprietà predefinita dell'oggetto Membro.GenMem.</Issue>
        </Section>
        <Section Name = "DBcmbTipo_Click" >
            <Issue
                Type = "Runtime"
                Number = "1037"
            >Impossibile risolvere la proprietà predefinita dell'oggetto Membro.Standard.</Issue>
            <Issue
                Type = "Compile"
                Number = "2069"
                ObjectName = "Data1"
                ObjectType = "Data"
                PME = "Recordset"
            >Data proprietà Data1.Recordset non è stato aggiornato.</Issue>
            <Issue
                Type = "Runtime"
                Number = "1037"
            >Impossibile risolvere la proprietà predefinita dell'oggetto Membro.AltriDati.</Issue>
        </Section>
        <Section Name = "Direzione_Click" >
            <Issue
                Type = "Runtime"
                Number = "2075"
            >L'evento Direzione.SelectedIndexChanged può essere generato quando il form è inizializzato.</Issue>
        </Section>
        <Section Name = "Form_Activate" >
            <Issue
                Type = "Runtime"
                Number = "2065"
                ObjectName = "frmDati"
                ObjectType = "Form"
                PME = "Activate"
            >Form evento frmDati.Activate presenta un nuovo comportamento.</Issue>
        </Section>
        <Section Name = "Form_Load" >
            <Issue
                Type = "Runtime"
                Number = "1037"
                ObjectName = "frmDati"
                ObjectType = "Form"
                PME = "Caption"
            >Impossibile risolvere la proprietà predefinita dell'oggetto Membro.GenMem.</Issue>
        </Section>
        <Section Name = "Form_QueryUnload" >
            <Issue
                Type = "Runtime"
                Number = "2065"
                ObjectName = "frmDati"
                ObjectType = "Form"
                PME = "QueryUnload"
            >Form evento frmDati.QueryUnload presenta un nuovo comportamento.</Issue>
        </Section>
        <Section Name = "Form_Unload" >
            <Issue
                Type = "Runtime"
                Number = "2065"
                ObjectName = "frmDati"
                ObjectType = "Form"
                PME = "Unload"
            >Form evento frmDati.Unload presenta un nuovo comportamento.</Issue>
        </Section>
        <Section Name = "GeomPara" >
            <Issue
                Type = "Runtime"
                Number = "1037"
                PME = "Abs"
            >Impossibile risolvere la proprietà predefinita dell'oggetto Membro.GenMem.</Issue>
        </Section>
        <Section Name = "SpostaaSinistra" >
            <Issue
                Type = "Runtime"
                Number = "1037"
            >Impossibile risolvere la proprietà predefinita dell'oggetto Membro.GenMem.</Issue>
            <Issue
                Type = "Runtime"
                Number = "1037"
            >Impossibile risolvere la proprietà predefinita dell'oggetto Rec.posizione.SuChi.GenMem.</Issue>
            <Issue
                Type = "Runtime"
                Number = "1037"
            >Impossibile risolvere la proprietà predefinita dell'oggetto Membrov.SottoTipo.</Issue>
        </Section>
        <Section Name = "GenMemInText" >
            <Issue
                Type = "Runtime"
                Number = "1037"
            >Impossibile risolvere la proprietà predefinita dell'oggetto Membro.GenMem.</Issue>
            <Issue
                Type = "Runtime"
                Number = "1037"
            >Impossibile risolvere la proprietà predefinita dell'oggetto Rec.posizione.SuChi.GenMem.</Issue>
        </Section>
        <Section Name = "Frame1_MouseMove" >
            <Issue
                Type = "Runtime"
                Number = "2050"
                ObjectName = "Frame1"
                ObjectType = "Frame"
                PME = "MouseMove"
            >L'evento di Frame Frame1.MouseMove non è stato aggiornato.</Issue>
        </Section>
        <Section Name = "Frame2_MouseMove" >
            <Issue
                Type = "Runtime"
                Number = "2050"
                ObjectName = "Frame2"
                ObjectType = "Frame"
                PME = "MouseMove"
            >L'evento di Frame Frame2.MouseMove non è stato aggiornato.</Issue>
        </Section>
        <Section Name = "Frame3_MouseMove" >
            <Issue
                Type = "Runtime"
                Number = "2050"
                ObjectName = "Frame3"
                ObjectType = "Frame"
                PME = "MouseMove"
            >L'evento di Frame Frame3.MouseMove non è stato aggiornato.</Issue>
        </Section>
        <Section Name = "Frame4_MouseMove" >
            <Issue
                Type = "Runtime"
                Number = "2050"
                ObjectName = "Frame4"
                ObjectType = "Frame"
                PME = "MouseMove"
            >L'evento di Frame Frame4.MouseMove non è stato aggiornato.</Issue>
        </Section>
        <Section Name = "Librerie_Click" >
            <Issue
                Type = "Runtime"
                Number = "1037"
                PME = "Abs"
            >Impossibile risolvere la proprietà predefinita dell'oggetto Membro.GenMem.</Issue>
            <Issue
                Type = "Runtime"
                Number = "1037"
            >Impossibile risolvere la proprietà predefinita dell'oggetto Membro.StandardG.</Issue>
            <Issue
                Type = "Runtime"
                Number = "1037"
            >Impossibile risolvere la proprietà predefinita dell'oggetto Membro.StandardP.</Issue>
            <Issue
                Type = "Runtime"
                Number = "1037"
            >Impossibile risolvere la proprietà predefinita dell'oggetto Membro.Standard.</Issue>
            <Issue
                Type = "Runtime"
                Number = "1037"
            >Impossibile risolvere la proprietà predefinita dell'oggetto Membro.DiamInt.</Issue>
            <Issue
                Type = "Runtime"
                Number = "1037"
            >Impossibile risolvere la proprietà predefinita dell'oggetto Membro.Pad.</Issue>
            <Issue
                Type = "Runtime"
                Number = "1037"
            >Impossibile risolvere la proprietà predefinita dell'oggetto Membro.Pipe.</Issue>
            <Issue
                Type = "Runtime"
                Number = "1037"
            >Impossibile risolvere la proprietà predefinita dell'oggetto Membro.DiamExt.</Issue>
            <Issue
                Type = "Runtime"
                Number = "1037"
            >Impossibile risolvere la proprietà predefinita dell'oggetto Membro.SpessFl.</Issue>
            <Issue
                Type = "Runtime"
                Number = "1037"
            >Impossibile risolvere la proprietà predefinita dell'oggetto Membro.DiamFl.</Issue>
            <Issue
                Type = "Runtime"
                Number = "1037"
            >Impossibile risolvere la proprietà predefinita dell'oggetto Membro.BoltCir.</Issue>
            <Issue
                Type = "Runtime"
                Number = "1037"
            >Impossibile risolvere la proprietà predefinita dell'oggetto Membro.B3.</Issue>
            <Issue
                Type = "Runtime"
                Number = "1037"
            >Impossibile risolvere la proprietà predefinita dell'oggetto Membro.LC.</Issue>
            <Issue
                Type = "Runtime"
                Number = "1037"
            >Impossibile risolvere la proprietà predefinita dell'oggetto Membro.TipoF.</Issue>
            <Issue
                Type = "Runtime"
                Number = "1037"
            >Impossibile risolvere la proprietà predefinita dell'oggetto Membro.AG.</Issue>
            <Issue
                Type = "Runtime"
                Number = "1037"
            >Impossibile risolvere la proprietà predefinita dell'oggetto Membro.TG.</Issue>
            <Issue
                Type = "Runtime"
                Number = "1037"
            >Impossibile risolvere la proprietà predefinita dell'oggetto Membro.SovraMet.</Issue>
            <Issue
                Type = "Runtime"
                Number = "1037"
            >Impossibile risolvere la proprietà predefinita dell'oggetto Membro.MatColl.</Issue>
            <Issue
                Type = "Runtime"
                Number = "1037"
            >Impossibile risolvere la proprietà predefinita dell'oggetto TextArr(i).</Issue>
            <Issue
                Type = "Runtime"
                Number = "1037"
            >Impossibile risolvere la proprietà predefinita dell'oggetto Membro.MatAnel.</Issue>
            <Issue
                Type = "Runtime"
                Number = "1037"
            >Impossibile risolvere la proprietà predefinita dell'oggetto Membro.MatBull.</Issue>
            <Issue
                Type = "Runtime"
                Number = "1037"
            >Impossibile risolvere la proprietà predefinita dell'oggetto Membro.LayOut.</Issue>
            <Issue
                Type = "Runtime"
                Number = "1037"
            >Impossibile risolvere la proprietà predefinita dell'oggetto Membro.LeggiDT.</Issue>
            <Issue
                Type = "Runtime"
                Number = "1037"
            >Impossibile risolvere la proprietà predefinita dell'oggetto Membro.Genera.</Issue>
            <Issue
                Type = "Runtime"
                Number = "1037"
            >Impossibile risolvere la proprietà predefinita dell'oggetto Membro.FileTrac.</Issue>
            <Issue
                Type = "Runtime"
                Number = "1037"
            >Impossibile risolvere la proprietà predefinita dell'oggetto Membro.Unsupported.</Issue>
            <Issue
                Type = "Runtime"
                Number = "1037"
                PME = "Str$"
            >Impossibile risolvere la proprietà predefinita dell'oggetto Membro.Spessore.</Issue>
            <Issue
                Type = "Runtime"
                Number = "1037"
            >Impossibile risolvere la proprietà predefinita dell'oggetto Membro.NumDiaf.</Issue>
            <Issue
                Type = "Runtime"
                Number = "1037"
            >Impossibile risolvere la proprietà predefinita dell'oggetto Membro.PrSeFinDil.</Issue>
            <Issue
                Type = "Runtime"
                Number = "1037"
            >Impossibile risolvere la proprietà predefinita dell'oggetto Membro.StringDIME.</Issue>
            <Issue
                Type = "Runtime"
                Number = "1037"
            >Impossibile risolvere la proprietà predefinita dell'oggetto Membro.StringNOTE.</Issue>
        </Section>
        <Section Name = "lstCodPos_Click" >
            <Issue
                Type = "Runtime"
                Number = "2075"
            >L'evento lstCodPos.SelectedIndexChanged può essere generato quando il form è inizializzato.</Issue>
        </Section>
        <Section Name = "Option1_Click" >
            <Issue
                Type = "Runtime"
                Number = "1037"
                PME = "Abs"
            >Impossibile risolvere la proprietà predefinita dell'oggetto Membro.GenMem.</Issue>
            <Issue
                Type = "Runtime"
                Number = "1037"
            >Impossibile risolvere la proprietà predefinita dell'oggetto Membro.Accoppiata.</Issue>
            <Issue
                Type = "Runtime"
                Number = "1037"
            >Impossibile risolvere la proprietà predefinita dell'oggetto Membro.Cieca.</Issue>
            <Issue
                Type = "Runtime"
                Number = "1037"
            >Impossibile risolvere la proprietà predefinita dell'oggetto Membro.ForoCentrale.</Issue>
            <Issue
                Type = "Runtime"
                Number = "1037"
            >Impossibile risolvere la proprietà predefinita dell'oggetto Membro.Variato.</Issue>
            <Issue
                Type = "Runtime"
                Number = "2075"
            >L'evento Option1.CheckStateChanged può essere generato quando il form è inizializzato.</Issue>
        </Section>
        <Section Name = "Option3_Click" >
            <Issue
                Type = "Runtime"
                Number = "1037"
                PME = "Abs"
            >Impossibile risolvere la proprietà predefinita dell'oggetto Membro.GenMem.</Issue>
            <Issue
                Type = "Runtime"
                Number = "1037"
            >Impossibile risolvere la proprietà predefinita dell'oggetto Membro.Cieca.</Issue>
            <Issue
                Type = "Runtime"
                Number = "1037"
            >Impossibile risolvere la proprietà predefinita dell'oggetto Membro.Variato.</Issue>
            <Issue
                Type = "Runtime"
                Number = "2075"
            >L'evento Option3.CheckStateChanged può essere generato quando il form è inizializzato.</Issue>
        </Section>
        <Section Name = "Picture1_MouseMove" >
            <Issue
                Type = "Compile"
                Number = "2064"
                ObjectName = "Picture1"
                ObjectType = "PictureBox"
                PME = "DrawMode"
            >PictureBox proprietà Picture1.DrawMode non è stato aggiornato.</Issue>
            <Issue
                Type = "Compile"
                Number = "2070"
                ObjectName = "Picture1"
                ObjectType = "PictureBox"
                PME = "vbInvert"
            >La costante vbInvert non è stata aggiornata.</Issue>
            <Issue
                Type = "Compile"
                Number = "2064"
                ObjectName = "Picture1"
                ObjectType = "PictureBox"
                PME = "Line"
            >PictureBox metodo Picture1.Line non è stato aggiornato.</Issue>
            <Issue
                Type = "Compile"
                Number = "2070"
                ObjectName = "Picture1"
                ObjectType = "PictureBox"
                PME = "vbCopyPen"
            >La costante vbCopyPen non è stata aggiornata.</Issue>
        </Section>
        <Section Name = "Picture1_MouseUp" >
            <Issue
                Type = "Compile"
                Number = "2064"
                ObjectName = "Picture1"
                ObjectType = "PictureBox"
                PME = "Line"
            >PictureBox metodo Picture1.Line non è stato aggiornato.</Issue>
            <Issue
                Type = "Runtime"
                Number = "2065"
                ObjectName = "Screen"
                ObjectType = "Screen"
                PME = "MousePointer"
            >Screen proprietà Screen.MousePointer presenta un nuovo comportamento.</Issue>
        </Section>
        <Section Name = "txtDen_Change" >
            <Issue
                Type = "Runtime"
                Number = "1037"
            >Impossibile risolvere la proprietà predefinita dell'oggetto Membro.GenMem.</Issue>
            <Issue
                Type = "Runtime"
                Number = "1037"
            >Impossibile risolvere la proprietà predefinita dell'oggetto Membro.Variato.</Issue>
            <Issue
                Type = "Runtime"
                Number = "2075"
            >L'evento txtDen.TextChanged può essere generato quando il form è inizializzato.</Issue>
        </Section>
        <Section Name = "AggSuChi" >
            <Issue
                Type = "Runtime"
                Number = "1037"
            >Impossibile risolvere la proprietà predefinita dell'oggetto apparecchio_Renamed.Elementi().GenMem.</Issue>
            <Issue
                Type = "Runtime"
                Number = "1037"
            >Impossibile risolvere la proprietà predefinita dell'oggetto Membro.GenMem.</Issue>
        </Section>
        <Section Name = "Ammazza" >
            <Issue
                Type = "Compile"
                Number = "2029"
                PME = "Unload"
            >Il codice scaricato TextArr() non è stato aggiornato.</Issue>
        </Section>
        <Section Name = "txtDes_Change" >
            <Issue
                Type = "Runtime"
                Number = "1037"
            >Impossibile risolvere la proprietà predefinita dell'oggetto Membro.GenMem.</Issue>
            <Issue
                Type = "Runtime"
                Number = "1037"
            >Impossibile risolvere la proprietà predefinita dell'oggetto Membro.Variato.</Issue>
            <Issue
                Type = "Runtime"
                Number = "2075"
            >L'evento txtDes.TextChanged può essere generato quando il form è inizializzato.</Issue>
        </Section>
        <Section Name = "txtNot_Change" >
            <Issue
                Type = "Runtime"
                Number = "1037"
            >Impossibile risolvere la proprietà predefinita dell'oggetto Membro.GenMem.</Issue>
            <Issue
                Type = "Runtime"
                Number = "1037"
            >Impossibile risolvere la proprietà predefinita dell'oggetto Membro.Variato.</Issue>
            <Issue
                Type = "Runtime"
                Number = "2075"
            >L'evento txtNot.TextChanged può essere generato quando il form è inizializzato.</Issue>
        </Section>
        <Section Name = "txtPara_Change" >
            <Issue
                Type = "Runtime"
                Number = "1037"
            >Impossibile risolvere la proprietà predefinita dell'oggetto Membro.Variato.</Issue>
            <Issue
                Type = "Runtime"
                Number = "2075"
            >L'evento txtPara.TextChanged può essere generato quando il form è inizializzato.</Issue>
        </Section>
        <Section Name = "txtPos_Change" >
            <Issue
                Type = "Runtime"
                Number = "1037"
            >Impossibile risolvere la proprietà predefinita dell'oggetto Membro.GenMem.</Issue>
            <Issue
                Type = "Runtime"
                Number = "2075"
            >L'evento txtPos.TextChanged può essere generato quando il form è inizializzato.</Issue>
        </Section>
        <Section Name = "txtPos_LostFocus" >
            <Issue
                Type = "Runtime"
                Number = "1037"
            >Impossibile risolvere la proprietà predefinita dell'oggetto Membro.GenMem.</Issue>
        </Section>
        <Section Name = "txtPsp_Change" >
            <Issue
                Type = "Runtime"
                Number = "1037"
            >Impossibile risolvere la proprietà predefinita dell'oggetto Membro.Variato.</Issue>
            <Issue
                Type = "Runtime"
                Number = "1037"
            >Impossibile risolvere la proprietà predefinita dell'oggetto Membro.GenMem.</Issue>
            <Issue
                Type = "Runtime"
                Number = "1037"
            >Impossibile risolvere la proprietà predefinita dell'oggetto Membro.Pesi.</Issue>
            <Issue
                Type = "Compile"
                Number = "1014"
            >L'istruzione GoSub non è supportata.</Issue>
            <Issue
                Type = "Runtime"
                Number = "1041"
            >Return ha un nuovo comportamento.</Issue>
            <Issue
                Type = "Runtime"
                Number = "2075"
            >L'evento txtPsp.TextChanged può essere generato quando il form è inizializzato.</Issue>
        </Section>
        <Section Name = "AggTxtPsp" >
            <Issue
                Type = "Runtime"
                Number = "1037"
                PME = "Str$"
            >Impossibile risolvere la proprietà predefinita dell'oggetto Membro.GenMem.</Issue>
        </Section>
        <Section Name = "EnaTxtPsp" >
            <Issue
                Type = "Runtime"
                Number = "1037"
            >Impossibile risolvere la proprietà predefinita dell'oggetto Membro.GenMem.</Issue>
        </Section>
        <Section Name = "PrezzoCorpo" >
            <Issue
                Type = "Runtime"
                Number = "1037"
                PME = "Format"
            >Impossibile risolvere la proprietà predefinita dell'oggetto Membro.GenMem.</Issue>
        </Section>
        <Section Name = "CheckPos" >
            <Issue
                Type = "Runtime"
                Number = "1037"
            >Impossibile risolvere la proprietà predefinita dell'oggetto Membro.GenMem.</Issue>
            <Issue
                Type = "Runtime"
                Number = "1037"
            >Impossibile risolvere la proprietà predefinita dell'oggetto apparecchio_Renamed.Elementi(i).GenMem.</Issue>
        </Section>
        <Section Name = "txtPsp_GotFocus" >
            <Issue
                Type = "Runtime"
                Number = "1037"
            >Impossibile risolvere la proprietà predefinita dell'oggetto Membro.GenMem.</Issue>
        </Section>
        <Section Name = "txtQta_Change" >
            <Issue
                Type = "Runtime"
                Number = "1037"
            >Impossibile risolvere la proprietà predefinita dell'oggetto Membro.GenMem.</Issue>
            <Issue
                Type = "Runtime"
                Number = "2075"
            >L'evento txtQta.TextChanged può essere generato quando il form è inizializzato.</Issue>
        </Section>
        <Section Name = "Tipi" >
            <Issue
                Type = "Runtime"
                Number = "1037"
            >Impossibile risolvere la proprietà predefinita dell'oggetto Membro.Fitting.</Issue>
            <Issue
                Type = "Runtime"
                Number = "1037"
            >Impossibile risolvere la proprietà predefinita dell'oggetto Membro.TipoF.</Issue>
            <Issue
                Type = "Runtime"
                Number = "1037"
            >Impossibile risolvere la proprietà predefinita dell'oggetto Membro.SottoTipo.</Issue>
            <Issue
                Type = "Runtime"
                Number = "1037"
            >Impossibile risolvere la proprietà predefinita dell'oggetto Membro.TipoS.</Issue>
            <Issue
                Type = "Compile"
                Number = "2069"
                ObjectName = "Data1"
                ObjectType = "Data"
                PME = "DatabaseName"
            >Data proprietà Data1.DatabaseName non è stato aggiornato.</Issue>
            <Issue
                Type = "Compile"
                Number = "2069"
                ObjectName = "Data1"
                ObjectType = "Data"
                PME = "RecordSource"
            >Data proprietà Data1.RecordSource non è stato aggiornato.</Issue>
            <Issue
                Type = "Compile"
                Number = "2069"
                ObjectName = "Data1"
                ObjectType = "Data"
                PME = "Recordset"
            >Data proprietà Data1.Recordset non è stato aggiornato.</Issue>
            <Issue
                Type = "Runtime"
                Number = "1037"
            >Impossibile risolvere la proprietà predefinita dell'oggetto Membro.Numero.</Issue>
            <Issue
                Type = "Runtime"
                Number = "1037"
            >Impossibile risolvere la proprietà predefinita dell'oggetto Membro.TestaCoda.</Issue>
        </Section>
        <Section Name = "Testi" >
            <Issue
                Type = "Runtime"
                Number = "1033"
            >Il limite inferiore della matrice Riga è stato cambiato da 4 a 0.</Issue>
            <Issue
                Type = "Runtime"
                Number = "1037"
                PME = "Str$"
            >Impossibile risolvere la proprietà predefinita dell'oggetto Membro.Diametro.</Issue>
            <Issue
                Type = "Runtime"
                Number = "1037"
                PME = "Str$"
            >Impossibile risolvere la proprietà predefinita dell'oggetto Membro.SpessBase.</Issue>
            <Issue
                Type = "Runtime"
                Number = "1037"
                PME = "Str$"
            >Impossibile risolvere la proprietà predefinita dell'oggetto Membro.Piedritto.</Issue>
            <Issue
                Type = "Runtime"
                Number = "1037"
                PME = "Str$"
            >Impossibile risolvere la proprietà predefinita dell'oggetto Membro.SpessRive.</Issue>
            <Issue
                Type = "Runtime"
                Number = "1037"
            >Impossibile risolvere la proprietà predefinita dell'oggetto Membro.TipoMat.</Issue>
            <Issue
                Type = "Runtime"
                Number = "1037"
            >Impossibile risolvere la proprietà predefinita dell'oggetto Membro.kRapporto.</Issue>
            <Issue
                Type = "Runtime"
                Number = "1037"
            >Impossibile risolvere la proprietà predefinita dell'oggetto Membro.Dcal.</Issue>
            <Issue
                Type = "Runtime"
                Number = "1037"
            >Impossibile risolvere la proprietà predefinita dell'oggetto Membro.ForoCentrale.</Issue>
            <Issue
                Type = "Runtime"
                Number = "1037"
                PME = "Str$"
            >Impossibile risolvere la proprietà predefinita dell'oggetto Membro.Lunghezza.</Issue>
            <Issue
                Type = "Runtime"
                Number = "1037"
                PME = "Str$"
            >Impossibile risolvere la proprietà predefinita dell'oggetto Membro.AngTegola.</Issue>
            <Issue
                Type = "Runtime"
                Number = "1037"
                PME = "Str$"
            >Impossibile risolvere la proprietà predefinita dell'oggetto Membro.Randa.</Issue>
            <Issue
                Type = "Runtime"
                Number = "1037"
            >Impossibile risolvere la proprietà predefinita dell'oggetto Membro.Tubi.</Issue>
            <Issue
                Type = "Runtime"
                Number = "1037"
            >Impossibile risolvere la proprietà predefinita dell'oggetto Membro.TipoFascio.</Issue>
            <Issue
                Type = "Runtime"
                Number = "1037"
            >Impossibile risolvere la proprietà predefinita dell'oggetto Membro.FileTrac.</Issue>
            <Issue
                Type = "Runtime"
                Number = "1037"
                PME = "Str$"
            >Impossibile risolvere la proprietà predefinita dell'oggetto Membro.Dgran.</Issue>
            <Issue
                Type = "Runtime"
                Number = "1037"
                PME = "Str$"
            >Impossibile risolvere la proprietà predefinita dell'oggetto Membro.RagG.</Issue>
            <Issue
                Type = "Runtime"
                Number = "1037"
                PME = "Str$"
            >Impossibile risolvere la proprietà predefinita dell'oggetto Membro.PiedG.</Issue>
            <Issue
                Type = "Runtime"
                Number = "1037"
                PME = "Str$"
            >Impossibile risolvere la proprietà predefinita dell'oggetto Membro.Dpicc.</Issue>
            <Issue
                Type = "Runtime"
                Number = "1037"
                PME = "Str$"
            >Impossibile risolvere la proprietà predefinita dell'oggetto Membro.RagP.</Issue>
            <Issue
                Type = "Runtime"
                Number = "1037"
                PME = "Str$"
            >Impossibile risolvere la proprietà predefinita dell'oggetto Membro.PiedP.</Issue>
            <Issue
                Type = "Runtime"
                Number = "1037"
                PME = "Format"
            >Impossibile risolvere la proprietà predefinita dell'oggetto Membro.AlfaCon.</Issue>
            <Issue
                Type = "Runtime"
                Number = "1037"
                PME = "Str$"
            >Impossibile risolvere la proprietà predefinita dell'oggetto Membro.Altezza.</Issue>
            <Issue
                Type = "Runtime"
                Number = "1037"
            >Impossibile risolvere la proprietà predefinita dell'oggetto Membro.Fitting.</Issue>
            <Issue
                Type = "Runtime"
                Number = "1037"
                PME = "Str$"
            >Impossibile risolvere la proprietà predefinita dell'oggetto Membro.DiamInt.</Issue>
            <Issue
                Type = "Runtime"
                Number = "1037"
            >Impossibile risolvere la proprietà predefinita dell'oggetto Membro.Accoppiata.</Issue>
            <Issue
                Type = "Runtime"
                Number = "1037"
            >Impossibile risolvere la proprietà predefinita dell'oggetto Membro.Cieca.</Issue>
            <Issue
                Type = "Runtime"
                Number = "1037"
                PME = "Str$"
            >Impossibile risolvere la proprietà predefinita dell'oggetto Membro.Sporgenza.</Issue>
            <Issue
                Type = "Runtime"
                Number = "1037"
            >Impossibile risolvere la proprietà predefinita dell'oggetto Membro.TipoF.</Issue>
            <Issue
                Type = "Runtime"
                Number = "1037"
                PME = "Str$"
            >Impossibile risolvere la proprietà predefinita dell'oggetto Membro.DiamScarpa.</Issue>
            <Issue
                Type = "Runtime"
                Number = "1037"
                PME = "Str$"
            >Impossibile risolvere la proprietà predefinita dell'oggetto Membro.SpesScarpa.</Issue>
            <Issue
                Type = "Runtime"
                Number = "1037"
                PME = "Str$"
            >Impossibile risolvere la proprietà predefinita dell'oggetto Membro.DiamRinf.</Issue>
            <Issue
                Type = "Runtime"
                Number = "1037"
                PME = "Str$"
            >Impossibile risolvere la proprietà predefinita dell'oggetto Membro.AltzRinf.</Issue>
            <Issue
                Type = "Runtime"
                Number = "1037"
            >Impossibile risolvere la proprietà predefinita dell'oggetto Membro.CercaPadAppeso.</Issue>
            <Issue
                Type = "Runtime"
                Number = "1037"
            >Impossibile risolvere la proprietà predefinita dell'oggetto Membro.Pad.</Issue>
            <Issue
                Type = "Runtime"
                Number = "1037"
                PME = "Str$"
            >Impossibile risolvere la proprietà predefinita dell'oggetto Membro.DiamExt.</Issue>
            <Issue
                Type = "Runtime"
                Number = "1037"
                PME = "Str$"
            >Impossibile risolvere la proprietà predefinita dell'oggetto Membro.DiamGra.</Issue>
            <Issue
                Type = "Runtime"
                Number = "1037"
                PME = "Str$"
            >Impossibile risolvere la proprietà predefinita dell'oggetto Membro.SpessGra.</Issue>
            <Issue
                Type = "Runtime"
                Number = "1037"
                PME = "Str$"
            >Impossibile risolvere la proprietà predefinita dell'oggetto Membro.g0.</Issue>
            <Issue
                Type = "Runtime"
                Number = "1037"
                PME = "Str$"
            >Impossibile risolvere la proprietà predefinita dell'oggetto Membro.g1.</Issue>
            <Issue
                Type = "Runtime"
                Number = "1037"
                PME = "Str$"
            >Impossibile risolvere la proprietà predefinita dell'oggetto Membro.H.</Issue>
            <Issue
                Type = "Runtime"
                Number = "1037"
                PME = "Str$"
            >Impossibile risolvere la proprietà predefinita dell'oggetto Membro.DiamGra2.</Issue>
            <Issue
                Type = "Runtime"
                Number = "1037"
                PME = "Str$"
            >Impossibile risolvere la proprietà predefinita dell'oggetto Membro.SpessGra2.</Issue>
            <Issue
                Type = "Runtime"
                Number = "1037"
                PME = "Str$"
            >Impossibile risolvere la proprietà predefinita dell'oggetto Membro.g02.</Issue>
            <Issue
                Type = "Runtime"
                Number = "1037"
                PME = "Str$"
            >Impossibile risolvere la proprietà predefinita dell'oggetto Membro.g12.</Issue>
            <Issue
                Type = "Runtime"
                Number = "1037"
                PME = "Str$"
            >Impossibile risolvere la proprietà predefinita dell'oggetto Membro.H2.</Issue>
            <Issue
                Type = "Runtime"
                Number = "1037"
            >Impossibile risolvere la proprietà predefinita dell'oggetto Membro.SottoTipo.</Issue>
            <Issue
                Type = "Runtime"
                Number = "1037"
            >Impossibile risolvere la proprietà predefinita dell'oggetto Membro.H1.</Issue>
            <Issue
                Type = "Runtime"
                Number = "1037"
            >Impossibile risolvere la proprietà predefinita dell'oggetto Membro.B1.</Issue>
            <Issue
                Type = "Runtime"
                Number = "1037"
            >Impossibile risolvere la proprietà predefinita dell'oggetto Membro.B2.</Issue>
            <Issue
                Type = "Runtime"
                Number = "1037"
            >Impossibile risolvere la proprietà predefinita dell'oggetto Membro.B3.</Issue>
            <Issue
                Type = "Runtime"
                Number = "1037"
            >Impossibile risolvere la proprietà predefinita dell'oggetto Membro.H3.</Issue>
            <Issue
                Type = "Runtime"
                Number = "1037"
            >Impossibile risolvere la proprietà predefinita dell'oggetto Membro.B4.</Issue>
            <Issue
                Type = "Runtime"
                Number = "1037"
            >Impossibile risolvere la proprietà predefinita dell'oggetto Membro.H4.</Issue>
            <Issue
                Type = "Runtime"
                Number = "1037"
                PME = "Str$"
            >Impossibile risolvere la proprietà predefinita dell'oggetto Membro.LargCava.</Issue>
            <Issue
                Type = "Runtime"
                Number = "1037"
                PME = "Str$"
            >Impossibile risolvere la proprietà predefinita dell'oggetto Membro.ProfCava.</Issue>
            <Issue
                Type = "Runtime"
                Number = "1037"
                PME = "Str$"
            >Impossibile risolvere la proprietà predefinita dell'oggetto Membro.AG.</Issue>
            <Issue
                Type = "Runtime"
                Number = "1037"
                PME = "Str$"
            >Impossibile risolvere la proprietà predefinita dell'oggetto Membro.TG.</Issue>
            <Issue
                Type = "Runtime"
                Number = "1037"
            >Impossibile risolvere la proprietà predefinita dell'oggetto Membro.Standard.</Issue>
            <Issue
                Type = "Runtime"
                Number = "1037"
                PME = "Str$"
            >Impossibile risolvere la proprietà predefinita dell'oggetto Membro.DiamScar.</Issue>
            <Issue
                Type = "Runtime"
                Number = "1037"
                PME = "Str$"
            >Impossibile risolvere la proprietà predefinita dell'oggetto Membro.LunScar.</Issue>
            <Issue
                Type = "Runtime"
                Number = "1037"
                PME = "Str$"
            >Impossibile risolvere la proprietà predefinita dell'oggetto Membro.nDadi.</Issue>
            <Issue
                Type = "Runtime"
                Number = "1037"
                PME = "Str$"
            >Impossibile risolvere la proprietà predefinita dell'oggetto Membro.Dinst.</Issue>
            <Issue
                Type = "Runtime"
                Number = "1037"
            >Impossibile risolvere la proprietà predefinita dell'oggetto Membro.Tipo.</Issue>
            <Issue
                Type = "Runtime"
                Number = "1037"
            >Impossibile risolvere la proprietà predefinita dell'oggetto Membro.PrSeFinDil.</Issue>
            <Issue
                Type = "Runtime"
                Number = "1037"
                PME = "Str$"
            >Impossibile risolvere la proprietà predefinita dell'oggetto Membro.Larghezza.</Issue>
            <Issue
                Type = "Runtime"
                Number = "1037"
                PME = "Str$"
            >Impossibile risolvere la proprietà predefinita dell'oggetto Membro.Spessore.</Issue>
            <Issue
                Type = "Runtime"
                Number = "1037"
                PME = "Str$"
            >Impossibile risolvere la proprietà predefinita dell'oggetto Membro.Spess.</Issue>
            <Issue
                Type = "Runtime"
                Number = "1037"
                PME = "Str$"
            >Impossibile risolvere la proprietà predefinita dell'oggetto Membro.Dmant.</Issue>
            <Issue
                Type = "Runtime"
                Number = "1037"
            >Impossibile risolvere la proprietà predefinita dell'oggetto Membro.TipoS.</Issue>
            <Issue
                Type = "Compile"
                Number = "1014"
            >L'istruzione GoSub non è supportata.</Issue>
            <Issue
                Type = "Runtime"
                Number = "1037"
            >Impossibile risolvere la proprietà predefinita dell'oggetto Membro.Serie.</Issue>
            <Issue
                Type = "Runtime"
                Number = "1037"
            >Impossibile risolvere la proprietà predefinita dell'oggetto Membro.sempor.</Issue>
            <Issue
                Type = "Runtime"
                Number = "1037"
            >Impossibile risolvere la proprietà predefinita dell'oggetto Membro.FixSlid.</Issue>
            <Issue
                Type = "Runtime"
                Number = "1037"
            >Impossibile risolvere la proprietà predefinita dell'oggetto Membro.CI.</Issue>
            <Issue
                Type = "Runtime"
                Number = "1037"
            >Impossibile risolvere la proprietà predefinita dell'oggetto Membro.ClassTEMA.</Issue>
            <Issue
                Type = "Runtime"
                Number = "1037"
            >Impossibile risolvere la proprietà predefinita dell'oggetto Membro.TipiP.</Issue>
            <Issue
                Type = "Runtime"
                Number = "1037"
            >Impossibile risolvere la proprietà predefinita dell'oggetto Membro.TipoDiafr.</Issue>
            <Issue
                Type = "Runtime"
                Number = "1037"
            >Impossibile risolvere la proprietà predefinita dell'oggetto Membro.ListTipi.</Issue>
            <Issue
                Type = "Runtime"
                Number = "1037"
                PME = "Str$"
            >Impossibile risolvere la proprietà predefinita dell'oggetto Membro.Passo.</Issue>
            <Issue
                Type = "Runtime"
                Number = "1037"
                PME = "Str$"
            >Impossibile risolvere la proprietà predefinita dell'oggetto Membro.Passo1.</Issue>
            <Issue
                Type = "Runtime"
                Number = "1037"
                PME = "Str$"
            >Impossibile risolvere la proprietà predefinita dell'oggetto Membro.Percento.</Issue>
            <Issue
                Type = "Runtime"
                Number = "1037"
                PME = "Str$"
            >Impossibile risolvere la proprietà predefinita dell'oggetto Membro.NumDiafr.</Issue>
            <Issue
                Type = "Runtime"
                Number = "1037"
                PME = "Str$"
            >Impossibile risolvere la proprietà predefinita dell'oggetto Membro.NumTipoA.</Issue>
            <Issue
                Type = "Runtime"
                Number = "1037"
                PME = "Str$"
            >Impossibile risolvere la proprietà predefinita dell'oggetto Membro.NumTipoB.</Issue>
            <Issue
                Type = "Runtime"
                Number = "1037"
                PME = "Str$"
            >Impossibile risolvere la proprietà predefinita dell'oggetto Membro.NumFori.</Issue>
            <Issue
                Type = "Runtime"
                Number = "1037"
                PME = "Str$"
            >Impossibile risolvere la proprietà predefinita dell'oggetto Membro.Diamfori.</Issue>
            <Issue
                Type = "Runtime"
                Number = "1037"
            >Impossibile risolvere la proprietà predefinita dell'oggetto Membro.DirezVert.</Issue>
            <Issue
                Type = "Runtime"
                Number = "1037"
            >Impossibile risolvere la proprietà predefinita dell'oggetto Membro.GenMem.</Issue>
            <Issue
                Type = "Runtime"
                Number = "1037"
                PME = "Str$"
            >Impossibile risolvere la proprietà predefinita dell'oggetto Membro.DiamMed.</Issue>
            <Issue
                Type = "Runtime"
                Number = "1037"
                PME = "Str$"
            >Impossibile risolvere la proprietà predefinita dell'oggetto Membro.Largh.</Issue>
            <Issue
                Type = "Runtime"
                Number = "1037"
                PME = "Str$"
            >Impossibile risolvere la proprietà predefinita dell'oggetto Membro.LarghExt.</Issue>
            <Issue
                Type = "Runtime"
                Number = "1037"
                PME = "Str$"
            >Impossibile risolvere la proprietà predefinita dell'oggetto Membro.LarghInt.</Issue>
            <Issue
                Type = "Runtime"
                Number = "1037"
                PME = "Str$"
            >Impossibile risolvere la proprietà predefinita dell'oggetto Membro.SpessAn.</Issue>
            <Issue
                Type = "Runtime"
                Number = "1037"
                PME = "Str$"
            >Impossibile risolvere la proprietà predefinita dell'oggetto Membro.Numero.</Issue>
            <Issue
                Type = "Runtime"
                Number = "1037"
                PME = "Str$"
            >Impossibile risolvere la proprietà predefinita dell'oggetto Membro.Apertura.</Issue>
            <Issue
                Type = "Runtime"
                Number = "1037"
                PME = "Str$"
            >Impossibile risolvere la proprietà predefinita dell'oggetto Membro.Raggio.</Issue>
            <Issue
                Type = "Runtime"
                Number = "1037"
            >Impossibile risolvere la proprietà predefinita dell'oggetto TextArr().Clear.</Issue>
            <Issue
                Type = "Runtime"
                Number = "1037"
            >Impossibile risolvere la proprietà predefinita dell'oggetto TextArr().AddItem.</Issue>
            <Issue
                Type = "Runtime"
                Number = "1041"
            >Return ha un nuovo comportamento.</Issue>
        </Section>
        <Section Name = "EnaTesti" >
            <Issue
                Type = "Runtime"
                Number = "1037"
                PME = "Abs"
            >Impossibile risolvere la proprietà predefinita dell'oggetto Membro.GenMem.</Issue>
        </Section>
        <Section Name = "Special" >
            <Issue
                Type = "Runtime"
                Number = "1037"
            >Impossibile risolvere la proprietà predefinita dell'oggetto Membro.Fitting.</Issue>
            <Issue
                Type = "Runtime"
                Number = "1037"
            >Impossibile risolvere la proprietà predefinita dell'oggetto Membro.GenMem.</Issue>
        </Section>
        <Section Name = "AggMetrica" >
            <Issue
                Type = "Runtime"
                Number = "1037"
            >Impossibile risolvere la proprietà predefinita dell'oggetto Membro.Standard.</Issue>
        </Section>
        <Section Name = "SuperPosN" >
            <Issue
                Type = "Runtime"
                Number = "1037"
            >Impossibile risolvere la proprietà predefinita dell'oggetto Membro.GenMem.</Issue>
        </Section>
        <Section Name = "SetCoordN" >
            <Issue
                Type = "Runtime"
                Number = "1037"
            >Impossibile risolvere la proprietà predefinita dell'oggetto Membro.GenMem.</Issue>
            <Issue
                Type = "Runtime"
                Number = "1037"
            >Impossibile risolvere la proprietà predefinita dell'oggetto Rec.posizione.SuChi.GenMem.</Issue>
            <Issue
                Type = "Compile"
                Number = "1014"
            >L'istruzione GoSub non è supportata.</Issue>
            <Issue
                Type = "Runtime"
                Number = "1037"
            >Impossibile risolvere la proprietà predefinita dell'oggetto Membro.SottoTipo.</Issue>
            <Issue
                Type = "Runtime"
                Number = "1041"
            >Return ha un nuovo comportamento.</Issue>
            <Issue
                Type = "Runtime"
                Number = "1037"
            >Impossibile risolvere la proprietà predefinita dell'oggetto Membrov.SottoTipo.</Issue>
            <Issue
                Type = "Runtime"
                Number = "1037"
            >Impossibile risolvere la proprietà predefinita dell'oggetto Membro.SpessBase.</Issue>
            <Issue
                Type = "Runtime"
                Number = "1037"
            >Impossibile risolvere la proprietà predefinita dell'oggetto Membro.SpessGra.</Issue>
            <Issue
                Type = "Runtime"
                Number = "1037"
            >Impossibile risolvere la proprietà predefinita dell'oggetto Membro.H.</Issue>
            <Issue
                Type = "Runtime"
                Number = "1037"
            >Impossibile risolvere la proprietà predefinita dell'oggetto Membro.SpessGra2.</Issue>
            <Issue
                Type = "Runtime"
                Number = "1037"
            >Impossibile risolvere la proprietà predefinita dell'oggetto Membro.H2.</Issue>
            <Issue
                Type = "Runtime"
                Number = "1037"
            >Impossibile risolvere la proprietà predefinita dell'oggetto Membro.Standard.</Issue>
            <Issue
                Type = "Runtime"
                Number = "1037"
            >Impossibile risolvere la proprietà predefinita dell'oggetto Recv.Parent.Diametro.</Issue>
            <Issue
                Type = "Runtime"
                Number = "1037"
            >Impossibile risolvere la proprietà predefinita dell'oggetto Recv.Parent.Spessore.</Issue>
            <Issue
                Type = "Runtime"
                Number = "1037"
            >Impossibile risolvere la proprietà predefinita dell'oggetto Membro.Randa.</Issue>
            <Issue
                Type = "Runtime"
                Number = "1037"
            >Impossibile risolvere la proprietà predefinita dell'oggetto Membro.TipoF.</Issue>
            <Issue
                Type = "Runtime"
                Number = "1037"
            >Impossibile risolvere la proprietà predefinita dell'oggetto Membrov.H.</Issue>
            <Issue
                Type = "Runtime"
                Number = "1037"
            >Impossibile risolvere la proprietà predefinita dell'oggetto Membrov.H1.</Issue>
            <Issue
                Type = "Runtime"
                Number = "1037"
            >Impossibile risolvere la proprietà predefinita dell'oggetto Membro.SpostLat.</Issue>
            <Issue
                Type = "Runtime"
                Number = "1037"
            >Impossibile risolvere la proprietà predefinita dell'oggetto Rec.Parent.SottoTipo.</Issue>
        </Section>
        <Section Name = "Ridisegna" >
            <Issue
                Type = "Runtime"
                Number = "1037"
            >Impossibile risolvere la proprietà predefinita dell'oggetto Membro.GenMem.</Issue>
            <Issue
                Type = "Runtime"
                Number = "1037"
            >Impossibile risolvere la proprietà predefinita dell'oggetto Ogg.GenMem.</Issue>
            <Issue
                Type = "Runtime"
                Number = "1037"
            >Impossibile risolvere la proprietà predefinita dell'oggetto sezvec.</Issue>
            <Issue
                Type = "Compile"
                Number = "2064"
                ObjectName = "Picture1"
                ObjectType = "PictureBox"
                PME = "Cls"
            >PictureBox metodo Picture1.Cls non è stato aggiornato.</Issue>
            <Issue
                Type = "Compile"
                Number = "2064"
                ObjectName = "Picture1"
                ObjectType = "PictureBox"
                PME = "ScaleMode"
            >PictureBox proprietà Picture1.ScaleMode non è stato aggiornato.</Issue>
            <Issue
                Type = "Compile"
                Number = "2070"
                ObjectName = "Picture1"
                ObjectType = "PictureBox"
                PME = "vbTwips"
            >La costante vbTwips non è stata aggiornata.</Issue>
            <Issue
                Type = "Runtime"
                Number = "1037"
            >Impossibile risolvere la proprietà predefinita dell'oggetto sezioni_Renamed.</Issue>
        </Section>
        <Section Name = "RegTxtPara" >
            <Issue
                Type = "Runtime"
                Number = "1037"
            >Impossibile risolvere la proprietà predefinita dell'oggetto Membro.GenMem.</Issue>
            <Issue
                Type = "Runtime"
                Number = "1037"
            >Impossibile risolvere la proprietà predefinita dell'oggetto Membro.Diametro.</Issue>
            <Issue
                Type = "Runtime"
                Number = "1037"
            >Impossibile risolvere la proprietà predefinita dell'oggetto Membro.SpessBase.</Issue>
            <Issue
                Type = "Runtime"
                Number = "1037"
            >Impossibile risolvere la proprietà predefinita dell'oggetto Membro.Lunghezza.</Issue>
            <Issue
                Type = "Runtime"
                Number = "1037"
            >Impossibile risolvere la proprietà predefinita dell'oggetto Membro.SpessRive.</Issue>
            <Issue
                Type = "Runtime"
                Number = "1037"
            >Impossibile risolvere la proprietà predefinita dell'oggetto Membro.Randa.</Issue>
            <Issue
                Type = "Runtime"
                Number = "1037"
            >Impossibile risolvere la proprietà predefinita dell'oggetto Membro.TipoMat.</Issue>
            <Issue
                Type = "Runtime"
                Number = "1037"
            >Impossibile risolvere la proprietà predefinita dell'oggetto Membro.Piedritto.</Issue>
            <Issue
                Type = "Runtime"
                Number = "1037"
            >Impossibile risolvere la proprietà predefinita dell'oggetto Membro.kRapporto.</Issue>
            <Issue
                Type = "Runtime"
                Number = "1037"
            >Impossibile risolvere la proprietà predefinita dell'oggetto Membro.Dcal.</Issue>
            <Issue
                Type = "Runtime"
                Number = "1037"
            >Impossibile risolvere la proprietà predefinita dell'oggetto Membro.Tubi.</Issue>
            <Issue
                Type = "Runtime"
                Number = "1037"
            >Impossibile risolvere la proprietà predefinita dell'oggetto Membro.Dgran.</Issue>
            <Issue
                Type = "Runtime"
                Number = "1037"
            >Impossibile risolvere la proprietà predefinita dell'oggetto Membro.RagG.</Issue>
            <Issue
                Type = "Runtime"
                Number = "1037"
            >Impossibile risolvere la proprietà predefinita dell'oggetto Membro.PiedG.</Issue>
            <Issue
                Type = "Runtime"
                Number = "1037"
            >Impossibile risolvere la proprietà predefinita dell'oggetto Membro.Dpicc.</Issue>
            <Issue
                Type = "Runtime"
                Number = "1037"
            >Impossibile risolvere la proprietà predefinita dell'oggetto Membro.RagP.</Issue>
            <Issue
                Type = "Runtime"
                Number = "1037"
            >Impossibile risolvere la proprietà predefinita dell'oggetto Membro.PiedP.</Issue>
            <Issue
                Type = "Runtime"
                Number = "1037"
            >Impossibile risolvere la proprietà predefinita dell'oggetto Membro.Fitting.</Issue>
            <Issue
                Type = "Runtime"
                Number = "1037"
            >Impossibile risolvere la proprietà predefinita dell'oggetto Membro.Altezza.</Issue>
            <Issue
                Type = "Runtime"
                Number = "1037"
            >Impossibile risolvere la proprietà predefinita dell'oggetto Membro.AlfaCon.</Issue>
            <Issue
                Type = "Runtime"
                Number = "1037"
            >Impossibile risolvere la proprietà predefinita dell'oggetto Membro.Calcoli0.</Issue>
            <Issue
                Type = "Runtime"
                Number = "1037"
            >Impossibile risolvere la proprietà predefinita dell'oggetto Membro.DiamInt.</Issue>
            <Issue
                Type = "Runtime"
                Number = "1037"
            >Impossibile risolvere la proprietà predefinita dell'oggetto Membro.SetTronchetto.</Issue>
            <Issue
                Type = "Runtime"
                Number = "1037"
            >Impossibile risolvere la proprietà predefinita dell'oggetto Membro.Sporgenza.</Issue>
            <Issue
                Type = "Runtime"
                Number = "1037"
            >Impossibile risolvere la proprietà predefinita dell'oggetto Membro.TipoF.</Issue>
            <Issue
                Type = "Runtime"
                Number = "1037"
            >Impossibile risolvere la proprietà predefinita dell'oggetto Membro.DiamScarpa.</Issue>
            <Issue
                Type = "Runtime"
                Number = "1037"
            >Impossibile risolvere la proprietà predefinita dell'oggetto Membro.DiamRinf.</Issue>
            <Issue
                Type = "Runtime"
                Number = "1037"
            >Impossibile risolvere la proprietà predefinita dell'oggetto Membro.CercaPadAppeso.</Issue>
            <Issue
                Type = "Runtime"
                Number = "1037"
            >Impossibile risolvere la proprietà predefinita dell'oggetto Membro.Pad.</Issue>
            <Issue
                Type = "Runtime"
                Number = "1037"
            >Impossibile risolvere la proprietà predefinita dell'oggetto Membro.SetPad.</Issue>
            <Issue
                Type = "Runtime"
                Number = "1037"
            >Impossibile risolvere la proprietà predefinita dell'oggetto Membro.SpesScarpa.</Issue>
            <Issue
                Type = "Runtime"
                Number = "1037"
            >Impossibile risolvere la proprietà predefinita dell'oggetto Membro.AltzRinf.</Issue>
            <Issue
                Type = "Runtime"
                Number = "1037"
            >Impossibile risolvere la proprietà predefinita dell'oggetto Membro.DiamExt.</Issue>
            <Issue
                Type = "Runtime"
                Number = "1037"
            >Impossibile risolvere la proprietà predefinita dell'oggetto Membro.DiamGra.</Issue>
            <Issue
                Type = "Runtime"
                Number = "1037"
            >Impossibile risolvere la proprietà predefinita dell'oggetto Membro.SpessGra.</Issue>
            <Issue
                Type = "Runtime"
                Number = "1037"
            >Impossibile risolvere la proprietà predefinita dell'oggetto Membro.g0.</Issue>
            <Issue
                Type = "Runtime"
                Number = "1037"
            >Impossibile risolvere la proprietà predefinita dell'oggetto Membro.g1.</Issue>
            <Issue
                Type = "Runtime"
                Number = "1037"
            >Impossibile risolvere la proprietà predefinita dell'oggetto Membro.H.</Issue>
            <Issue
                Type = "Runtime"
                Number = "1037"
            >Impossibile risolvere la proprietà predefinita dell'oggetto Membro.DiamGra2.</Issue>
            <Issue
                Type = "Runtime"
                Number = "1037"
            >Impossibile risolvere la proprietà predefinita dell'oggetto Membro.SpessGra2.</Issue>
            <Issue
                Type = "Runtime"
                Number = "1037"
            >Impossibile risolvere la proprietà predefinita dell'oggetto Membro.g02.</Issue>
            <Issue
                Type = "Runtime"
                Number = "1037"
            >Impossibile risolvere la proprietà predefinita dell'oggetto Membro.g12.</Issue>
            <Issue
                Type = "Runtime"
                Number = "1037"
            >Impossibile risolvere la proprietà predefinita dell'oggetto Membro.H2.</Issue>
            <Issue
                Type = "Runtime"
                Number = "1037"
            >Impossibile risolvere la proprietà predefinita dell'oggetto Membro.SottoTipo.</Issue>
            <Issue
                Type = "Runtime"
                Number = "1037"
            >Impossibile risolvere la proprietà predefinita dell'oggetto Membro.H1.</Issue>
            <Issue
                Type = "Runtime"
                Number = "1037"
            >Impossibile risolvere la proprietà predefinita dell'oggetto Membro.B1.</Issue>
            <Issue
                Type = "Runtime"
                Number = "1037"
            >Impossibile risolvere la proprietà predefinita dell'oggetto Membro.B2.</Issue>
            <Issue
                Type = "Runtime"
                Number = "1037"
            >Impossibile risolvere la proprietà predefinita dell'oggetto Membro.LargCava.</Issue>
            <Issue
                Type = "Runtime"
                Number = "1037"
            >Impossibile risolvere la proprietà predefinita dell'oggetto Membro.B3.</Issue>
            <Issue
                Type = "Runtime"
                Number = "1037"
            >Impossibile risolvere la proprietà predefinita dell'oggetto Membro.ProfCava.</Issue>
            <Issue
                Type = "Runtime"
                Number = "1037"
            >Impossibile risolvere la proprietà predefinita dell'oggetto Membro.H3.</Issue>
            <Issue
                Type = "Runtime"
                Number = "1037"
            >Impossibile risolvere la proprietà predefinita dell'oggetto Membro.AG.</Issue>
            <Issue
                Type = "Runtime"
                Number = "1037"
            >Impossibile risolvere la proprietà predefinita dell'oggetto Membro.B4.</Issue>
            <Issue
                Type = "Runtime"
                Number = "1037"
            >Impossibile risolvere la proprietà predefinita dell'oggetto Membro.TG.</Issue>
            <Issue
                Type = "Runtime"
                Number = "1037"
            >Impossibile risolvere la proprietà predefinita dell'oggetto Membro.H4.</Issue>
            <Issue
                Type = "Runtime"
                Number = "1037"
            >Impossibile risolvere la proprietà predefinita dell'oggetto Membro.DiamScar.</Issue>
            <Issue
                Type = "Runtime"
                Number = "1037"
            >Impossibile risolvere la proprietà predefinita dell'oggetto Membro.LunScar.</Issue>
            <Issue
                Type = "Runtime"
                Number = "1037"
            >Impossibile risolvere la proprietà predefinita dell'oggetto Membro.nDadi.</Issue>
            <Issue
                Type = "Runtime"
                Number = "1037"
            >Impossibile risolvere la proprietà predefinita dell'oggetto Membro.Dinst.</Issue>
            <Issue
                Type = "Runtime"
                Number = "1037"
            >Impossibile risolvere la proprietà predefinita dell'oggetto Membro.Spess.</Issue>
            <Issue
                Type = "Runtime"
                Number = "1037"
            >Impossibile risolvere la proprietà predefinita dell'oggetto Membro.Dmant.</Issue>
            <Issue
                Type = "Runtime"
                Number = "1037"
            >Impossibile risolvere la proprietà predefinita dell'oggetto Membro.Larghezza.</Issue>
            <Issue
                Type = "Runtime"
                Number = "1037"
            >Impossibile risolvere la proprietà predefinita dell'oggetto Membro.Spessore.</Issue>
            <Issue
                Type = "Runtime"
                Number = "1037"
            >Impossibile risolvere la proprietà predefinita dell'oggetto Membro.Registra.</Issue>
            <Issue
                Type = "Runtime"
                Number = "1037"
            >Impossibile risolvere la proprietà predefinita dell'oggetto Membro.Apertura.</Issue>
            <Issue
                Type = "Runtime"
                Number = "1037"
            >Impossibile risolvere la proprietà predefinita dell'oggetto Membro.Raggio.</Issue>
            <Issue
                Type = "Runtime"
                Number = "1037"
            >Impossibile risolvere la proprietà predefinita dell'oggetto Membro.Numero.</Issue>
            <Issue
                Type = "Runtime"
                Number = "1037"
            >Impossibile risolvere la proprietà predefinita dell'oggetto Membro.Passo.</Issue>
            <Issue
                Type = "Runtime"
                Number = "1037"
            >Impossibile risolvere la proprietà predefinita dell'oggetto Membro.Passo1.</Issue>
            <Issue
                Type = "Runtime"
                Number = "1037"
            >Impossibile risolvere la proprietà predefinita dell'oggetto Membro.Percento.</Issue>
            <Issue
                Type = "Runtime"
                Number = "1037"
            >Impossibile risolvere la proprietà predefinita dell'oggetto Membro.NumDiafr.</Issue>
            <Issue
                Type = "Runtime"
                Number = "1037"
            >Impossibile risolvere la proprietà predefinita dell'oggetto Membro.NumTipoA.</Issue>
            <Issue
                Type = "Runtime"
                Number = "1037"
            >Impossibile risolvere la proprietà predefinita dell'oggetto Membro.NumTipoB.</Issue>
            <Issue
                Type = "Runtime"
                Number = "1037"
            >Impossibile risolvere la proprietà predefinita dell'oggetto Membro.NumFori.</Issue>
            <Issue
                Type = "Runtime"
                Number = "1037"
            >Impossibile risolvere la proprietà predefinita dell'oggetto Membro.Diamfori.</Issue>
            <Issue
                Type = "Runtime"
                Number = "1037"
            >Impossibile risolvere la proprietà predefinita dell'oggetto Membro.DiamMed.</Issue>
            <Issue
                Type = "Runtime"
                Number = "1037"
            >Impossibile risolvere la proprietà predefinita dell'oggetto Membro.Largh.</Issue>
            <Issue
                Type = "Runtime"
                Number = "1037"
            >Impossibile risolvere la proprietà predefinita dell'oggetto Membro.LarghExt.</Issue>
            <Issue
                Type = "Runtime"
                Number = "1037"
            >Impossibile risolvere la proprietà predefinita dell'oggetto Membro.LarghInt.</Issue>
            <Issue
                Type = "Runtime"
                Number = "1037"
            >Impossibile risolvere la proprietà predefinita dell'oggetto Membro.SpessAn.</Issue>
            <Issue
                Type = "Runtime"
                Number = "1037"
            >Impossibile risolvere la proprietà predefinita dell'oggetto Membro.AngTegola.</Issue>
        </Section>
        <Section Name = "Attiva" >
            <Issue
                Type = "Runtime"
                Number = "1037"
            >Impossibile risolvere la proprietà predefinita dell'oggetto Membro.GenMem.</Issue>
            <Issue
                Type = "Runtime"
                Number = "1037"
            >Impossibile risolvere la proprietà predefinita dell'oggetto Membro.Fitting.</Issue>
            <Issue
                Type = "Runtime"
                Number = "1037"
            >Impossibile risolvere la proprietà predefinita dell'oggetto Membro.leggi.</Issue>
            <Issue
                Type = "Runtime"
                Number = "1037"
            >Impossibile risolvere la proprietà predefinita dell'oggetto job.Comm.Ind(job.Comm.indice).File.</Issue>
            <Issue
                Type = "Runtime"
                Number = "1041"
                PME = "Dir"
            >Dir ha un nuovo comportamento.</Issue>
            <Issue
                Type = "Runtime"
                Number = "1037"
            >Impossibile risolvere la proprietà predefinita dell'oggetto Membro.Tubi.</Issue>
            <Issue
                Type = "Runtime"
                Number = "1037"
            >Impossibile risolvere la proprietà predefinita dell'oggetto g.Parent.TipoMat.</Issue>
            <Issue
                Type = "Runtime"
                Number = "1037"
            >Impossibile risolvere la proprietà predefinita dell'oggetto Membro.StringMATE.</Issue>
        </Section>
        <Section Name = "RiempCmbLE" >
            <Issue
                Type = "Runtime"
                Number = "1037"
                PME = "Abs"
            >Impossibile risolvere la proprietà predefinita dell'oggetto Membro.GenMem.</Issue>
            <Issue
                Type = "Runtime"
                Number = "1037"
            >Impossibile risolvere la proprietà predefinita dell'oggetto Membro.Fitting.</Issue>
        </Section>
        <Section Name = "AggiornaCmbLE" >
            <Issue
                Type = "Runtime"
                Number = "1037"
            >Impossibile risolvere la proprietà predefinita dell'oggetto Membro.GenMem.</Issue>
        </Section>
        <Section Name = "VediLordi" >
            <Issue
                Type = "Runtime"
                Number = "1037"
            >Impossibile risolvere la proprietà predefinita dell'oggetto Membro.GenMem.</Issue>
        </Section>
        <Section Name = "AggTxtPsp14" >
            <Issue
                Type = "Runtime"
                Number = "1037"
            >Impossibile risolvere la proprietà predefinita dell'oggetto Membro.GenMem.</Issue>
        </Section>
        <Section Name = "AggiornaPara" >
            <Issue
                Type = "Runtime"
                Number = "2065"
                ObjectName = "Screen"
                ObjectType = "Screen"
                PME = "MousePointer"
            >Screen proprietà Screen.MousePointer presenta un nuovo comportamento.</Issue>
        </Section>
        <Section Name = "SuperAggiorna" >
            <Issue
                Type = "Runtime"
                Number = "1037"
            >Impossibile risolvere la proprietà predefinita dell'oggetto Membro.leggi.</Issue>
            <Issue
                Type = "Runtime"
                Number = "1037"
            >Impossibile risolvere la proprietà predefinita dell'oggetto Membro.GenMem.</Issue>
        </Section>
        <Section Name = "VariaFascio" >
            <Issue
                Type = "Runtime"
                Number = "1037"
            >Impossibile risolvere la proprietà predefinita dell'oggetto Fascio.Tubi.GenMem.MaterNome().</Issue>
        </Section>
        <Section Name = "PosizMemb" >
            <Issue
                Type = "Runtime"
                Number = "1037"
            >Impossibile risolvere la proprietà predefinita dell'oggetto Membro.Variato.</Issue>
            <Issue
                Type = "Runtime"
                Number = "1037"
            >Impossibile risolvere la proprietà predefinita dell'oggetto Membro.GenMem.</Issue>
            <Issue
                Type = "Compile"
                Number = "1014"
            >L'istruzione GoSub non è supportata.</Issue>
            <Issue
                Type = "Runtime"
                Number = "1037"
            >Impossibile risolvere la proprietà predefinita dell'oggetto Membro.SottoTipo.</Issue>
            <Issue
                Type = "Runtime"
                Number = "1033"
            >Il limite inferiore della matrice Predefiniti è stato cambiato da 1,1 a 0,0.</Issue>
            <Issue
                Type = "Runtime"
                Number = "1037"
            >Impossibile risolvere la proprietà predefinita dell'oggetto apparecchio_Renamed.Elementi().GenMem.</Issue>
            <Issue
                Type = "Runtime"
                Number = "1049"
                PME = "IsNull"
            >Rilevato l'utilizzo di Null/IsNull().</Issue>
            <Issue
                Type = "Runtime"
                Number = "1041"
            >Return ha un nuovo comportamento.</Issue>
        </Section>
        <Section Name = "CalcolaLunghezza" >
            <Issue
                Type = "Runtime"
                Number = "1037"
            >Impossibile risolvere la proprietà predefinita dell'oggetto Membro.GenMem.</Issue>
            <Issue
                Type = "Runtime"
                Number = "1037"
            >Impossibile risolvere la proprietà predefinita dell'oggetto Rec.posizione.SuChi.GenMem.</Issue>
            <Issue
                Type = "Runtime"
                Number = "1037"
            >Impossibile risolvere la proprietà predefinita dell'oggetto Rec.posizione.ForoSecondario.GenMem.</Issue>
            <Issue
                Type = "Runtime"
                Number = "1037"
            >Impossibile risolvere la proprietà predefinita dell'oggetto RecB.Parent.SottoTipo.</Issue>
            <Issue
                Type = "Runtime"
                Number = "1037"
            >Impossibile risolvere la proprietà predefinita dell'oggetto RecB.Parent.H2.</Issue>
            <Issue
                Type = "Runtime"
                Number = "1037"
            >Impossibile risolvere la proprietà predefinita dell'oggetto RecB.Parent.Spessore.</Issue>
            <Issue
                Type = "Runtime"
                Number = "1037"
            >Impossibile risolvere la proprietà predefinita dell'oggetto Membro.Lunghezza.</Issue>
        </Section>
    </File>
    <File
        OldPath = "E:\Programmi\MicroSoft Visual Studio\Fbm\LibGra\frmWMF.frm"
        NewPath = "C:\Documenti\Visual Studio Projects\Lancio\Grafica.NET\frmWMF.vb"
        FileType = "Form"
        Upgraded = "True"
    >
        <Section Name = "(Layout)" >
            <Issue
                Type = "Design"
                Number = "2064"
                ObjectName = "pctIn"
                ObjectType = "PictureBox"
                PME = "AutoRedraw"
            >PictureBox proprietà pctIn.AutoRedraw non è stato aggiornato.</Issue>
        </Section>
    </File>
    <File
        OldPath = "E:\Programmi\MicroSoft Visual Studio\Fbm\LibGra\frmForature.frm"
        NewPath = "C:\Documenti\Visual Studio Projects\Lancio\Grafica.NET\frmForature.vb"
        FileType = "Form"
        Upgraded = "True"
    >
        <Section Name = "Form_Load" >
            <Issue
                Type = "Runtime"
                Number = "1037"
                ObjectName = "frmForature"
                ObjectType = "Form"
                PME = "Caption"
            >Impossibile risolvere la proprietà predefinita dell'oggetto Membro.GenMem.</Issue>
        </Section>
        <Section Name = "Text1_Change" >
            <Issue
                Type = "Runtime"
                Number = "2075"
            >L'evento Text1.TextChanged può essere generato quando il form è inizializzato.</Issue>
        </Section>
    </File>
    <File
        OldPath = "E:\Programmi\MicroSoft Visual Studio\Fbm\LibGra\DBSelleFBM.frm"
        NewPath = "C:\Documenti\Visual Studio Projects\Lancio\Grafica.NET\DBSelleFBM.vb"
        FileType = "Form"
        Upgraded = "True"
    >
        <Section Name = "(Layout)" >
            <Issue
                Type = "Design"
                Number = "2045"
                ObjectName = "Label2"
                ObjectType = "Label"
                PME = "Font"
            >Nei Windows Form sono supportati solo tipi di carattere TrueType e OpenType.</Issue>
            <Issue
                Type = "Design"
                Number = "2067"
                ObjectName = "Data1"
                ObjectType = "Data"
            >Il controllo Data Data1 non è stato aggiornato.</Issue>
            <Issue
                Type = "Design"
                Number = "2064"
                ObjectName = "_Text1_29"
                ObjectType = "TextBox"
            >TextBox proprietà _Text1_29.DataSource non è stato aggiornato.</Issue>
            <Issue
                Type = "Design"
                Number = "2064"
                ObjectName = "_Text1_28"
                ObjectType = "TextBox"
            >TextBox proprietà _Text1_28.DataSource non è stato aggiornato.</Issue>
            <Issue
                Type = "Design"
                Number = "2064"
                ObjectName = "_Text1_27"
                ObjectType = "TextBox"
            >TextBox proprietà _Text1_27.DataSource non è stato aggiornato.</Issue>
            <Issue
                Type = "Design"
                Number = "2064"
                ObjectName = "_Text1_26"
                ObjectType = "TextBox"
            >TextBox proprietà _Text1_26.DataSource non è stato aggiornato.</Issue>
            <Issue
                Type = "Design"
                Number = "2064"
                ObjectName = "_Text1_25"
                ObjectType = "TextBox"
            >TextBox proprietà _Text1_25.DataSource non è stato aggiornato.</Issue>
            <Issue
                Type = "Design"
                Number = "2064"
                ObjectName = "_Text1_24"
                ObjectType = "TextBox"
            >TextBox proprietà _Text1_24.DataSource non è stato aggiornato.</Issue>
            <Issue
                Type = "Design"
                Number = "2064"
                ObjectName = "_Text1_23"
                ObjectType = "TextBox"
            >TextBox proprietà _Text1_23.DataSource non è stato aggiornato.</Issue>
            <Issue
                Type = "Design"
                Number = "2064"
                ObjectName = "_Text1_22"
                ObjectType = "TextBox"
            >TextBox proprietà _Text1_22.DataSource non è stato aggiornato.</Issue>
            <Issue
                Type = "Design"
                Number = "2064"
                ObjectName = "_Text1_21"
                ObjectType = "TextBox"
            >TextBox proprietà _Text1_21.DataSource non è stato aggiornato.</Issue>
            <Issue
                Type = "Design"
                Number = "2064"
                ObjectName = "_Text1_20"
                ObjectType = "TextBox"
            >TextBox proprietà _Text1_20.DataSource non è stato aggiornato.</Issue>
            <Issue
                Type = "Design"
                Number = "2064"
                ObjectName = "_Text1_19"
                ObjectType = "TextBox"
            >TextBox proprietà _Text1_19.DataSource non è stato aggiornato.</Issue>
            <Issue
                Type = "Design"
                Number = "2064"
                ObjectName = "_Text1_18"
                ObjectType = "TextBox"
            >TextBox proprietà _Text1_18.DataSource non è stato aggiornato.</Issue>
            <Issue
                Type = "Design"
                Number = "2064"
                ObjectName = "_Text1_17"
                ObjectType = "TextBox"
            >TextBox proprietà _Text1_17.DataSource non è stato aggiornato.</Issue>
            <Issue
                Type = "Design"
                Number = "2064"
                ObjectName = "_Text1_16"
                ObjectType = "TextBox"
            >TextBox proprietà _Text1_16.DataSource non è stato aggiornato.</Issue>
            <Issue
                Type = "Design"
                Number = "2064"
                ObjectName = "_Text1_15"
                ObjectType = "TextBox"
            >TextBox proprietà _Text1_15.DataSource non è stato aggiornato.</Issue>
            <Issue
                Type = "Design"
                Number = "2064"
                ObjectName = "_Text1_13"
                ObjectType = "TextBox"
            >TextBox proprietà _Text1_13.DataSource non è stato aggiornato.</Issue>
            <Issue
                Type = "Design"
                Number = "2064"
                ObjectName = "_Text1_12"
                ObjectType = "TextBox"
            >TextBox proprietà _Text1_12.DataSource non è stato aggiornato.</Issue>
            <Issue
                Type = "Design"
                Number = "2064"
                ObjectName = "_Text1_11"
                ObjectType = "TextBox"
            >TextBox proprietà _Text1_11.DataSource non è stato aggiornato.</Issue>
            <Issue
                Type = "Design"
                Number = "2064"
                ObjectName = "_Text1_10"
                ObjectType = "TextBox"
            >TextBox proprietà _Text1_10.DataSource non è stato aggiornato.</Issue>
            <Issue
                Type = "Design"
                Number = "2064"
                ObjectName = "_Text1_9"
                ObjectType = "TextBox"
            >TextBox proprietà _Text1_9.DataSource non è stato aggiornato.</Issue>
            <Issue
                Type = "Design"
                Number = "2064"
                ObjectName = "_Text1_8"
                ObjectType = "TextBox"
            >TextBox proprietà _Text1_8.DataSource non è stato aggiornato.</Issue>
            <Issue
                Type = "Design"
                Number = "2064"
                ObjectName = "_Text1_7"
                ObjectType = "TextBox"
            >TextBox proprietà _Text1_7.DataSource non è stato aggiornato.</Issue>
            <Issue
                Type = "Design"
                Number = "2064"
                ObjectName = "_Text1_6"
                ObjectType = "TextBox"
            >TextBox proprietà _Text1_6.DataSource non è stato aggiornato.</Issue>
            <Issue
                Type = "Design"
                Number = "2064"
                ObjectName = "_Text1_5"
                ObjectType = "TextBox"
            >TextBox proprietà _Text1_5.DataSource non è stato aggiornato.</Issue>
            <Issue
                Type = "Design"
                Number = "2064"
                ObjectName = "_Text1_14"
                ObjectType = "TextBox"
            >TextBox proprietà _Text1_14.DataSource non è stato aggiornato.</Issue>
            <Issue
                Type = "Design"
                Number = "2064"
                ObjectName = "_Text1_4"
                ObjectType = "TextBox"
            >TextBox proprietà _Text1_4.DataSource non è stato aggiornato.</Issue>
            <Issue
                Type = "Design"
                Number = "2064"
                ObjectName = "_Text1_3"
                ObjectType = "TextBox"
            >TextBox proprietà _Text1_3.DataSource non è stato aggiornato.</Issue>
            <Issue
                Type = "Design"
                Number = "2064"
                ObjectName = "_Text1_2"
                ObjectType = "TextBox"
            >TextBox proprietà _Text1_2.DataSource non è stato aggiornato.</Issue>
            <Issue
                Type = "Design"
                Number = "2064"
                ObjectName = "_Text1_0"
                ObjectType = "TextBox"
            >TextBox proprietà _Text1_0.DataSource non è stato aggiornato.</Issue>
            <Issue
                Type = "Design"
                Number = "2068"
            >oggetto Data non aggiornato.</Issue>
            <Issue
                Type = "Design"
                Number = "2068"
            >oggetto Shape non aggiornato.</Issue>
        </Section>
        <Section Name = "Check1_Click" >
            <Issue
                Type = "Runtime"
                Number = "1037"
            >Impossibile risolvere la proprietà predefinita dell'oggetto Membro.Storta.</Issue>
            <Issue
                Type = "Runtime"
                Number = "2075"
            >L'evento Check1.CheckStateChanged può essere generato quando il form è inizializzato.</Issue>
        </Section>
        <Section Name = "Command1_Click" >
            <Issue
                Type = "Compile"
                Number = "2069"
                ObjectName = "Data1"
                ObjectType = "Data"
                PME = "Recordset"
            >Data proprietà Data1.Recordset non è stato aggiornato.</Issue>
        </Section>
        <Section Name = "Command2_Click" >
            <Issue
                Type = "Runtime"
                Number = "1037"
            >Impossibile risolvere la proprietà predefinita dell'oggetto db.Close.</Issue>
        </Section>
        <Section Name = "Command4_Click" >
            <Issue
                Type = "Runtime"
                Number = "1037"
            >Impossibile risolvere la proprietà predefinita dell'oggetto Membro.RegistraTutto.</Issue>
            <Issue
                Type = "Runtime"
                Number = "1037"
            >Impossibile risolvere la proprietà predefinita dell'oggetto db.Close.</Issue>
        </Section>
        <Section Name = "Data1_Reposition" >
            <Issue
                Type = "Runtime"
                Number = "2050"
                ObjectName = "Data1"
                ObjectType = "Data"
                PME = "Reposition"
            >L'evento di Data Data1.Reposition non è stato aggiornato.</Issue>
        </Section>
        <Section Name = "Data1_Validate" >
            <Issue
                Type = "Runtime"
                Number = "2050"
                ObjectName = "Data1"
                ObjectType = "Data"
                PME = "Validate"
            >L'evento di Data Data1.Validate non è stato aggiornato.</Issue>
        </Section>
        <Section Name = "Form_Activate" >
            <Issue
                Type = "Runtime"
                Number = "1037"
            >Impossibile risolvere la proprietà predefinita dell'oggetto Membro.CI.</Issue>
            <Issue
                Type = "Runtime"
                Number = "1037"
            >Impossibile risolvere la proprietà predefinita dell'oggetto Membro.sempor.</Issue>
            <Issue
                Type = "Runtime"
                Number = "1037"
            >Impossibile risolvere la proprietà predefinita dell'oggetto Membro.Diametro.</Issue>
            <Issue
                Type = "Runtime"
                Number = "1037"
            >Impossibile risolvere la proprietà predefinita dell'oggetto db.OpenRecordset.</Issue>
            <Issue
                Type = "Runtime"
                Number = "1037"
                PME = "Str"
            >Impossibile risolvere la proprietà predefinita dell'oggetto Max6().</Issue>
            <Issue
                Type = "Compile"
                Number = "2069"
                ObjectName = "Data1"
                ObjectType = "Data"
                PME = "Recordset"
            >Data proprietà Data1.Recordset non è stato aggiornato.</Issue>
            <Issue
                Type = "Runtime"
                Number = "2065"
                ObjectName = "DbaseSelle"
                ObjectType = "Form"
                PME = "Activate"
            >Form evento DbaseSelle.Activate presenta un nuovo comportamento.</Issue>
        </Section>
        <Section Name = "Form_Load" >
            <Issue
                Type = "Runtime"
                Number = "1037"
            >Impossibile risolvere la proprietà predefinita dell'oggetto DiaMax.</Issue>
            <Issue
                Type = "Runtime"
                Number = "1037"
            >Impossibile risolvere la proprietà predefinita dell'oggetto DiaMin.</Issue>
        </Section>
        <Section Name = "cambio" >
            <Issue
                Type = "Compile"
                Number = "2069"
                ObjectName = "Data1"
                ObjectType = "Data"
                PME = "Recordset"
            >Data proprietà Data1.Recordset non è stato aggiornato.</Issue>
        </Section>
        <Section Name = "Form_Unload" >
            <Issue
                Type = "Runtime"
                Number = "2065"
                ObjectName = "DbaseSelle"
                ObjectType = "Form"
                PME = "Unload"
            >Form evento DbaseSelle.Unload presenta un nuovo comportamento.</Issue>
        </Section>
        <Section Name = "carica" >
            <Issue
                Type = "Runtime"
                Number = "1037"
            >Impossibile risolvere la proprietà predefinita dell'oggetto Membro.StandardStr.</Issue>
            <Issue
                Type = "Runtime"
                Number = "1037"
                PME = "Str$"
            >Impossibile risolvere la proprietà predefinita dell'oggetto Membro.Serie.</Issue>
            <Issue
                Type = "Runtime"
                Number = "1037"
            >Impossibile risolvere la proprietà predefinita dell'oggetto Membro.sempor.</Issue>
            <Issue
                Type = "Runtime"
                Number = "1037"
                PME = "Format"
            >Impossibile risolvere la proprietà predefinita dell'oggetto Membro.Altezza.</Issue>
            <Issue
                Type = "Runtime"
                Number = "1037"
                PME = "Format"
            >Impossibile risolvere la proprietà predefinita dell'oggetto Membro.Larghezza.</Issue>
            <Issue
                Type = "Runtime"
                Number = "1037"
                PME = "Format"
            >Impossibile risolvere la proprietà predefinita dell'oggetto Membro.LungBase.</Issue>
            <Issue
                Type = "Runtime"
                Number = "1037"
                PME = "Format"
            >Impossibile risolvere la proprietà predefinita dell'oggetto Membro.LargBase.</Issue>
            <Issue
                Type = "Runtime"
                Number = "1037"
                PME = "Format"
            >Impossibile risolvere la proprietà predefinita dell'oggetto Membro.LargRinfBase.</Issue>
            <Issue
                Type = "Runtime"
                Number = "1037"
                PME = "Format"
            >Impossibile risolvere la proprietà predefinita dell'oggetto Membro.LargRinfShell.</Issue>
            <Issue
                Type = "Runtime"
                Number = "1037"
                PME = "Str$"
            >Impossibile risolvere la proprietà predefinita dell'oggetto Membro.nribs.</Issue>
            <Issue
                Type = "Runtime"
                Number = "1037"
                PME = "Format"
            >Impossibile risolvere la proprietà predefinita dell'oggetto Membro.DistRib1.</Issue>
            <Issue
                Type = "Runtime"
                Number = "1037"
                PME = "Format"
            >Impossibile risolvere la proprietà predefinita dell'oggetto Membro.DistRib2.</Issue>
            <Issue
                Type = "Runtime"
                Number = "1037"
                PME = "Format"
            >Impossibile risolvere la proprietà predefinita dell'oggetto Membro.DistRib3.</Issue>
            <Issue
                Type = "Runtime"
                Number = "1037"
                PME = "Format"
            >Impossibile risolvere la proprietà predefinita dell'oggetto Membro.SpCost.</Issue>
            <Issue
                Type = "Runtime"
                Number = "1037"
                PME = "Format"
            >Impossibile risolvere la proprietà predefinita dell'oggetto Membro.SpRinf.</Issue>
            <Issue
                Type = "Runtime"
                Number = "1037"
                PME = "Format"
            >Impossibile risolvere la proprietà predefinita dell'oggetto Membro.SpRibs.</Issue>
            <Issue
                Type = "Runtime"
                Number = "1037"
                PME = "Format"
            >Impossibile risolvere la proprietà predefinita dell'oggetto Membro.SpesBase.</Issue>
            <Issue
                Type = "Runtime"
                Number = "1037"
            >Impossibile risolvere la proprietà predefinita dell'oggetto Membro.CI.</Issue>
            <Issue
                Type = "Runtime"
                Number = "1037"
                PME = "Format"
            >Impossibile risolvere la proprietà predefinita dell'oggetto Membro.SorAngSel.</Issue>
            <Issue
                Type = "Runtime"
                Number = "1037"
                PME = "Format"
            >Impossibile risolvere la proprietà predefinita dell'oggetto Membro.AltSopra.</Issue>
            <Issue
                Type = "Runtime"
                Number = "1037"
            >Impossibile risolvere la proprietà predefinita dell'oggetto Membro.Storta.</Issue>
        </Section>
    </File>
    <File
        OldPath = "E:\Programmi\MicroSoft Visual Studio\Fbm\LibGra\frmMatDS.frm"
        NewPath = "C:\Documenti\Visual Studio Projects\Lancio\Grafica.NET\frmMatDS.vb"
        FileType = "Form"
        Upgraded = "True"
    >
        <Section Name = "(Layout)" >
            <Issue
                Type = "Design"
                Number = "2045"
                ObjectName = "Label3"
                ObjectType = "Label"
                PME = "Font"
            >Nei Windows Form sono supportati solo tipi di carattere TrueType e OpenType.</Issue>
        </Section>
    </File>
    <File
        OldPath = "E:\Programmi\MicroSoft Visual Studio\Fbm\LibGra\clsGenLook.cls"
        NewPath = "C:\Documenti\Visual Studio Projects\Lancio\Grafica.NET\clsGenLook.vb"
        FileType = "Class Module"
        Upgraded = "True"
    />
    <File
        OldPath = "E:\Programmi\MicroSoft Visual Studio\Fbm\LibGra\Header.res"
        NewPath = "C:\Documenti\Visual Studio Projects\Lancio\Grafica.NET\ProjectResources.resX"
        FileType = "Resource File"
        Upgraded = "True"
    />
</UpgradeLog>

