path,bytes,sha256
legacy/.htaccess,139,7a792e94c0dae5df645a8c874398e9d7828084d0d0642966ea15348ce71350a1
legacy/.htpasswd,41,b1f6989e513f0bca7571c1713e488d5e7cbbfd062a23f089f23383b1ca23aa37
legacy/AsmeVip.NET/Aiuto/AD400.doc,41984,f1b40ad32e7826f3d09199296614bb868896ff84a7b960b02088e68fb417f8e6
legacy/AsmeVip.NET/Aiuto/AD400.htm,21532,e0ff6f6d0bf8ffdb505c38c3ba0c4aaba0563cefc2ba4fa4d7e70cb52c036d28
legacy/AsmeVip.NET/Aiuto/AD500.doc,130560,a96edc1bcb108f1d25786a69f42e6fedf0442e9e008c7750e4cbaceb0d3daffd
legacy/AsmeVip.NET/Aiuto/AD500.htm,57698,0f35f6b45f2019cdcdf759cb476f6b5bc62894ca5aec5dfd4612e575b1f43677
legacy/AsmeVip.NET/Aiuto/AD500_file/filelist.xml,1367,4503ea1a9a050de11839c5010254052faa12f6923d5c40ddf8be104310ca3968
legacy/AsmeVip.NET/Aiuto/AD500_file/image001.gif,179,26bfccf1d57bee0f6c5cf8ff2f25d4b564dbf1b299fa62b92a071f7dddf9f9de
legacy/AsmeVip.NET/Aiuto/AD500_file/image001.wmz,312,2538e519faab4e5215be9a2d90f2fc81df06116d00bb9695e8914b1106574506
legacy/AsmeVip.NET/Aiuto/AD500_file/image002.gif,426,a2beef01e27126ef07235b02c828951bfffdb077de5fd54ec1663dd9904150c3
legacy/AsmeVip.NET/Aiuto/AD500_file/image003.gif,191,0426b59facf32d5d1322d1e477180da0b8a67380c6074adbb8bb7c9916e216b3
legacy/AsmeVip.NET/Aiuto/AD500_file/image003.wmz,465,4ad9dedabb323210752aef27daf56dc643430fcc699d3dd6ccdf37c63974b01c
legacy/AsmeVip.NET/Aiuto/AD500_file/image004.gif,187,8687d182692c06cf149c6f9c9d11af067c2f2e0969e2b74d64a08f71668ca3b0
legacy/AsmeVip.NET/Aiuto/AD500_file/image005.gif,204,6d5864db7e5d826baf48ab475a6185df8fd3e8991757c66676e2ff8d7453eb97
legacy/AsmeVip.NET/Aiuto/AD500_file/image005.wmz,349,e8ad9ea7b3cc3396d0707226ec2da6f8639fe229439304c0918e71e58a326f69
legacy/AsmeVip.NET/Aiuto/AD500_file/image006.gif,217,4df3d59ba5be48f86fac425ac86a86184fe9064bfb58d4ae99553161b20b9313
legacy/AsmeVip.NET/Aiuto/AD500_file/image007.gif,227,10f84c921d29c49c62e1f03a126f78293fda769ce35e041680d819f69a44a89a
legacy/AsmeVip.NET/Aiuto/AD500_file/image007.wmz,348,0211b0a69fb53853d40d5e8ec731c02a1be7b987d1032f420cec6cac1f30c9b2
legacy/AsmeVip.NET/Aiuto/AD500_file/image008.gif,238,740a606df46c546ef5808c0d02f7e970810ba91cf7bb566ff78baf18032fb6b8
legacy/AsmeVip.NET/Aiuto/AD500_file/image009.gif,128,b92f31b1c92b21ecc4f861d36313c8f17604c39b9d4885bfa6cd41852ab65718
legacy/AsmeVip.NET/Aiuto/AD500_file/image009.wmz,351,36142363e4e3859deadd5c1c7cc54ba467c73774eb2c5b5425947b476aa2e387
legacy/AsmeVip.NET/Aiuto/AD500_file/image010.gif,194,8e559b5ac7bdabd5d937a95a68122c5e0d95312c2c60c057483cb82fcfa48b88
legacy/AsmeVip.NET/Aiuto/AD500_file/image011.gif,220,2e9dc20fdaaf8038b900a7431340d7ecee2a036d8d0334bcf13681104a5ecf1b
legacy/AsmeVip.NET/Aiuto/AD500_file/image011.wmz,383,f2aea9b1d1ad8e30ada08c097e912bb4918dfd00a9566bfffb5eadc61e9f7647
legacy/AsmeVip.NET/Aiuto/AD500_file/image012.gif,255,0f5ced30cf143e6bdf83840ddd2d6b924d416afa7841015b516a4a8e7bb29392
legacy/AsmeVip.NET/Aiuto/AD500_file/image012.wmz,383,f2aea9b1d1ad8e30ada08c097e912bb4918dfd00a9566bfffb5eadc61e9f7647
legacy/AsmeVip.NET/Aiuto/AD500_file/image013.gif,260,a4ddf9059c1ec5cb11071bdbf42782935df72d387637da3ceae7841311884bf5
legacy/AsmeVip.NET/Aiuto/AD500_file/image013.wmz,389,6ae537e45a54b0536ddaeea95daf85d8b078be927584f4c68ae8be541c3e1d7d
legacy/AsmeVip.NET/Aiuto/AD500_file/image014.gif,250,b699a5f9e7a8b068e8e2735237cacdb817fd67ebfafe0cf7b114e844018213d2
legacy/AsmeVip.NET/Aiuto/AD500_file/image014.wmz,389,6ae537e45a54b0536ddaeea95daf85d8b078be927584f4c68ae8be541c3e1d7d
legacy/AsmeVip.NET/Aiuto/AD500_file/image015.gif,433,a098289613b24ba21792e2fb7c947ec48c36727fa19e69ab6a4bb6ed80337e1d
legacy/AsmeVip.NET/Aiuto/AD500_file/image015.wmz,351,25a1b61456b3cb790f985e75424e998b6e48349e1e37de554a864240b97ac324
legacy/AsmeVip.NET/Aiuto/AD500_file/image016.gif,183,4aa937a53eacff7242122b7c5da6e67702e230c3138fdd423be2e8ddad621c9d
legacy/AsmeVip.NET/Aiuto/AD500_file/image016.wmz,351,25a1b61456b3cb790f985e75424e998b6e48349e1e37de554a864240b97ac324
legacy/AsmeVip.NET/Aiuto/AD500_file/image017.gif,440,885f2bc4511eed1e955384d26590c75a97fb8311dca6040b49492bb03b7e879d
legacy/AsmeVip.NET/Aiuto/AD500_file/image017.wmz,390,2de7e6d855ad09b434bee050de99f2b3afaaf92668873ec43aa67995e1320f8e
legacy/AsmeVip.NET/Aiuto/AD500_file/image018.gif,444,aa1d5e0938dcef5f35af2aa9a2bffd52ea431bade9ef4b415bde02ef0a458976
legacy/AsmeVip.NET/Aiuto/AD500_file/image018.wmz,279,49d984e7ebed2c8930d5de046042dbe33dcef261e2463f76b11a26b99803080a
legacy/AsmeVip.NET/Aiuto/AD500_file/image019.gif,334,db603801cb8eb0f0bdce25194209d15537ca91f528cd752a7fc4fe4baf21cbe8
legacy/AsmeVip.NET/Aiuto/AD500_file/image020.wmz,360,6b9d1e05302844be58c05d5bc897d4961edf100c97d562d086382eae1eeaad4b
legacy/AsmeVip.NET/Aiuto/AD500_file/image021.gif,195,aaf78722aa25a60d1b9c6f303d6e7c4c4f8e8bf5967067713cdedec1a359d123
legacy/AsmeVip.NET/Aiuto/AD500_file/image022.wmz,346,db632c73a71c5517d6883fbbebf4caeefff793593f94cb5b010b53d066a64870
legacy/AsmeVip.NET/Aiuto/AD500_file/image023.gif,224,1363487e25e605db9825d8229a57edcfb8a93eb6492feda7ce082b60703b7ee7
legacy/AsmeVip.NET/Aiuto/AD500_file/image024.wmz,359,0f2b37db97c8acde67df0998a1e972d7319f33103e14a3dd067f0db329559631
legacy/AsmeVip.NET/Aiuto/AD500_file/image025.gif,259,1886331a3cd066a90093bd7d99e3b88cbab1750d93965776185e5f6b3dbb839b
legacy/AsmeVip.NET/Aiuto/AD500_file/image026.gif,282,01a88469ae8581663b349b77f3dcecd47f014e0c1e881b86e6334ac2bbb295dc
legacy/AsmeVip.NET/Aiuto/AD500_file/image026.wmz,407,de4363209e95f5c8d3bc7ee7d213f61e5536e485864688bf816265f60d32dd44
legacy/AsmeVip.NET/Aiuto/AD500_file/image027.gif,263,db8c4255f79f9c0ecdd9d8b3c051499fb5cc860d670a49f8ca1b8cbc146794f8
legacy/AsmeVip.NET/Aiuto/AD500_file/image027.wmz,359,0f2b37db97c8acde67df0998a1e972d7319f33103e14a3dd067f0db329559631
legacy/AsmeVip.NET/Aiuto/AD500_file/image028.gif,345,07f7428f3dd69724ad9a8b5fa1e89b3fb2efa5c05a585f70f973c865adda736a
legacy/AsmeVip.NET/Aiuto/AD500_file/image028.wmz,357,a80febe82073003624a38a05fd7a7a79621ed481ac22389cab54273d58f3b722
legacy/AsmeVip.NET/Aiuto/AD500_file/image029.gif,250,6fa18bd9cce97c5dd607aab93a49d0c9933d26c51ade55a3842c500807239293
legacy/AsmeVip.NET/Aiuto/AD500_file/image029.wmz,407,de4363209e95f5c8d3bc7ee7d213f61e5536e485864688bf816265f60d32dd44
legacy/AsmeVip.NET/Aiuto/AD500_file/image030.gif,352,ec0b60a37609b806f6ff3fd787fee1559abdc5c63b0608ebeecdb116849e9287
legacy/AsmeVip.NET/Aiuto/AD500_file/image030.wmz,431,23cba4d74a7f5c6402f7403b89525ae35f036062d61ff289639d5272bf52d290
legacy/AsmeVip.NET/Aiuto/AD500_file/image031.gif,333,7c2e4822cbc8508de4b06342ded667c747b09c69bbf587ea70bb4021d26690d5
legacy/AsmeVip.NET/Aiuto/AD500_file/image031.wmz,357,a80febe82073003624a38a05fd7a7a79621ed481ac22389cab54273d58f3b722
legacy/AsmeVip.NET/Aiuto/AD500_file/image032.gif,340,8bda40942c00e58de13b03c64b31b295816e9fe11de515776bcbf8c9e1ed9bb6
legacy/AsmeVip.NET/Aiuto/AD500_file/image032.wmz,330,106bf7cd048e075ddcae8f104b587c3f33b73339888901e0e0583b85722ea5b6
legacy/AsmeVip.NET/Aiuto/AD500_file/image033.gif,182,4d5b1c103cc1f1f376e4cf97b5d39a9a8a3b7f9cbe2a387fad67e7092c94665f
legacy/AsmeVip.NET/Aiuto/AD500_file/image033.wmz,431,23cba4d74a7f5c6402f7403b89525ae35f036062d61ff289639d5272bf52d290
legacy/AsmeVip.NET/Aiuto/AD500_file/image034.gif,429,e188a23ab761cdfec1023b8f503bea248108b3ced010f3ff36f916ee8406096e
legacy/AsmeVip.NET/Aiuto/AD500_file/image034.wmz,491,6dfc74e6ccd4fdb3ba0f80fb2c1428c9cd5e8a7c1f69841c8236c0f804cf404c
legacy/AsmeVip.NET/Aiuto/AD500_file/image035.gif,444,f3e8a521baa528e60080c09f8f9aa10ed54227613ed4c82c5dec7b45e3fb80fd
legacy/AsmeVip.NET/Aiuto/AD500_file/image036.wmz,496,94e5a43601a14f2a915d7ec6827522dbdfbf040ab73b0f2b10486f7c918e74ea
legacy/AsmeVip.NET/Aiuto/AD500_file/image037.gif,446,1bb59c64b44e8b4ce79818a2980b4c840b421bec14750aafe853a29916f3f325
legacy/AsmeVip.NET/Aiuto/AD500_file/image038.gif,273,13dcc599e51e71062c8d308997bef9000ab4e36da105c56868c477db6caadbff
legacy/AsmeVip.NET/Aiuto/AD500_file/image038.wmz,360,eeafcbc7851d06b03046a3b807f11ce09d8e112184de4ce4aad6540d54dfa5a1
legacy/AsmeVip.NET/Aiuto/AD500_file/image039.gif,325,88756987ed128b3ec635ff32487565d66f6b9fe9113be93dafa5438a41127f19
legacy/AsmeVip.NET/Aiuto/AD500_file/image039.wmz,491,6dfc74e6ccd4fdb3ba0f80fb2c1428c9cd5e8a7c1f69841c8236c0f804cf404c
legacy/AsmeVip.NET/Aiuto/AD500_file/image040.gif,530,cd962480c6758c1216337b69cef220d95aa0147dc247c732e488713de1daa8ab
legacy/AsmeVip.NET/Aiuto/AD500_file/image041.wmz,496,94e5a43601a14f2a915d7ec6827522dbdfbf040ab73b0f2b10486f7c918e74ea
legacy/AsmeVip.NET/Aiuto/AD500_file/image042.gif,536,db866fc305b8af56843d164f105bd5ca3919b57237d2d72df46b2485ce70a88a
legacy/AsmeVip.NET/Aiuto/AD500_file/image043.wmz,360,eeafcbc7851d06b03046a3b807f11ce09d8e112184de4ce4aad6540d54dfa5a1
legacy/AsmeVip.NET/Aiuto/AD500_file/image044.gif,424,2a4040c62a70c32b3b719b0f31f184bf10295e3f27a96daf779e8e0a46ef1034
legacy/AsmeVip.NET/Aiuto/AD500_file/oledata.mso,27136,a4999e758933bfc643b93eb809d693d3435af3342fbac005cd5f9fe7bb06fa5e
legacy/AsmeVip.NET/Aiuto/AD600.doc,44544,7afc1e5b4d2449da7729918e0ed7c842c283fb906b1055d4cc8dd54645f2522d
legacy/AsmeVip.NET/Aiuto/AD600.htm,21557,bb65e9e6b53db49234743f5436146e7dc810f02d07e6ed80f25af5a50d339adb
legacy/AsmeVip.NET/Aiuto/AppBoltLoad.htm,315,156df909045a2e709611c62e742dfac83c2b13785b8c943773df07838665817c
legacy/AsmeVip.NET/Aiuto/AppDiffering.htm,254,7c6887931de9bc4f25572890cdd05382be377317d690a69a54ac48f1f0a1b512
legacy/AsmeVip.NET/Aiuto/AppFlessExt.htm,280,0c1636c28205498ab47701ce7462cac650c110731562f697de23cb68022514d1
legacy/AsmeVip.NET/Aiuto/AppRilass.htm,250,22c78ef4c74ada9e4ef8df8ad6c2608d192c94cfb11c7a7df7a4b8a6aff8360e
legacy/AsmeVip.NET/Aiuto/AsmeVIP.hhp,8474,b2ec0cd891617e43ea777a34ca96c7d20f7a9837cfbc38ef69b8957ceac84c11
legacy/AsmeVip.NET/Aiuto/AsmeVip.hhc,15791,eb629a44a95923bc5912a2b7e674287d2577dcb0f4991fbac86d87b1b89dd90e
legacy/AsmeVip.NET/Aiuto/AsmeVip.hhk,6124,63bd781cd86da0b41cbabae18b80fd7467349bc63b3cc3a6f7eb93291aa0e4ee
legacy/AsmeVip.NET/Aiuto/AssegnaLatiPPSM.htm,227,6c97e8875b8c70d967d0c776dfaccd3fde2c676d82ac2f5ceec978a93dea88d6
legacy/AsmeVip.NET/Aiuto/Avantindre.doc,20480,0653147e07029505cfc19a9e9012b5f8ae65ef3a0d42a1844a1bd5a8b46a94bf
legacy/AsmeVip.NET/Aiuto/Avantindre.htm,1275,6024dbb648dc558eb08954e0ce243f56b0ad7caf4d0290c6c3820fba5e473159
legacy/AsmeVip.NET/Aiuto/AvvCaricoImposto.doc,25600,c4e3c64b8fa7b6ab8cfe405f10aa38b3927066ca8c2dcb1e80ecf372befc1fe7
legacy/AsmeVip.NET/Aiuto/AvvCaricoImposto.htm,3191,663d9f0b4c7f85e12860e3aaeda80e6d868dbb9732e58dbb6d5f95bb0c4286e8
legacy/AsmeVip.NET/Aiuto/AvvCodiciDiversi.doc,25600,2bdcdcb93ed6271854bc44cecdea1ac7a6e3bd43f0d899c9461c9bc401834dcd
legacy/AsmeVip.NET/Aiuto/AvvCodiciDiversi.htm,3103,5ce9dba7bb4a796b811e0190be40d7c3ca1c5da180e28ef544c89d9d17c8d278
legacy/AsmeVip.NET/Aiuto/AvvCompAusiliari.doc,19968,5e56767b847f040be2e4a71a14ae7db30fcc6c89e043dd178242e8f4371ffcaa
legacy/AsmeVip.NET/Aiuto/AvvCompAusiliari.htm,1486,f3f1ad1358b69a0c0714637b81ddf6646d3ff303b0f30d8360e1a09c224eab35
legacy/AsmeVip.NET/Aiuto/AvvDilatMant.doc,26624,69a1d9d0bb5cdb6332f68a655c8d88f5747257c7dfd67bb7447da442b649a1c1
legacy/AsmeVip.NET/Aiuto/AvvDilatMant.htm,5615,154a7b5a33d416083182dfd88710da3907c4888a9514b33ccecdbb007db72a25
legacy/AsmeVip.NET/Aiuto/AvvPressureRating.doc,21504,5589ff91bb0464c888c1256b01a943a0d5d70e9aac4d6701f871de61894afdc5
legacy/AsmeVip.NET/Aiuto/AvvPressureRating.htm,3109,feb4dccba7aeb74bb9355ec5efca034c9e0fdf5f0cd4e2f9974c745537f0456f
legacy/AsmeVip.NET/Aiuto/AvvcCodiciDiversi.doc,26112,e138e4a98ed65cb64f75725daa8febc0200b834125cdac6ee0133080e0f253b1
legacy/AsmeVip.NET/Aiuto/Belt.htm,199,0fec87245bd49db4d7f72b85b64b5328cd8c43d0728cd925994c2a25e207d13b
legacy/AsmeVip.NET/Aiuto/Bocch2Forg.htm,903,4911da294cb7541d5046ce46fbf7306ed91e36f1f371623c0f19996f426aafe0
legacy/AsmeVip.NET/Aiuto/CalcApert.htm,230,1a61517d8f454c07849bd6e87a345cc8ea55774577cb9573c242b6d86f9df6bf
legacy/AsmeVip.NET/Aiuto/CalcApert2.htm,239,d8e0dd134c38bea208b018a680ce93b38d26c2c0230cc6444881b184c1640309
legacy/AsmeVip.NET/Aiuto/CalcDiafrSald.htm,761,f7f5eaf43407dab8702a863037d58584a2fb3c4b666bed98b6b28be773a17892
legacy/AsmeVip.NET/Aiuto/CalcFlBocc.htm,1940,8fab973c56df28ccf1e5a643e7316c1b9d20f468313712b5f453417090e1accf
legacy/AsmeVip.NET/Aiuto/CalcoloConi.doc,29696,f51f8ad88d459a8d3b2b3ef468705598497502246b10e8cc7cbd61d48b3bd514
legacy/AsmeVip.NET/Aiuto/CalcoloConi.htm,2411,f54d57b0c0c7c6ad9935db728529539188bfdd22f1c6e2e5f5828b1640887fd3
legacy/AsmeVip.NET/Aiuto/CalcoloConi_file/image001.jpg,14216,b5e0bafb31e079a9e1d089df4595e0f57f309d41022dcea7822265f799a421a3
legacy/AsmeVip.NET/Aiuto/CapCond.htm,722,b28e52da6f23cf327add1f0d0344acd0868625842df9427b1800b6a774d4bcba
legacy/AsmeVip.NET/Aiuto/Cilindro.htm,207,8537018b58bed971aab349027a51071b06c2b33e2cbd1e4164a76cde39f74752
legacy/AsmeVip.NET/Aiuto/Cono.doc,69120,bba9911e642e33a1e4cdad6f7b60884f045b3a86dcdf05752be9994525df1d34
legacy/AsmeVip.NET/Aiuto/Cono.htm,2534,c191f5bf227b58a49ae9a829474c1308c146040bf7e02de229bf04663604251e
legacy/AsmeVip.NET/Aiuto/Cono_file/image001.jpg,24269,3479ccb57721d34910542a40224713e152e0b17f7af6c3e9640b1c73d898a15d
legacy/AsmeVip.NET/Aiuto/Cono_file/image002.jpg,25026,e4ee77c75d6a488bef490bf3c374881d0e692624a3aa7be80bad1ad230deede4
legacy/AsmeVip.NET/Aiuto/Cono_file/image003.jpg,40189,d770fc09f205ae6de5b85adf1ac0b06fc8dff1cfffb33c436f30d83bb255cbc0
legacy/AsmeVip.NET/Aiuto/Conoide.htm,205,d6d27c5c64918c417c9be785a1e9b62e6b31f51c44595df3dae0ea6c0b1fa0cb
legacy/AsmeVip.NET/Aiuto/DatiAperture.doc,54784,072555b7e008565215339e3fc67bbbb72ad452484696e6f6e4f7dc646f3d805e
legacy/AsmeVip.NET/Aiuto/DatiAperture.htm,4549,20c936106c90714333ca6f4045b0131f75a6734fb7a7300cfa51dca8c062f8fa
legacy/AsmeVip.NET/Aiuto/DatiAperture_file/image001.jpg,59367,6c35718f7112d4131f00aa1dbca03a4208883c8e3ca7999a2327bafe19823291
legacy/AsmeVip.NET/Aiuto/DatiBullPT.htm,271,96335540c2286faa30faf513a2caed1def504fa614490c925c0c1d02658c9fa7
legacy/AsmeVip.NET/Aiuto/DatiConDoub.bmp,532302,dc38fc8183f31897eb021aa045c54bb8e4647845953ebb125eb39fdc29db1051
legacy/AsmeVip.NET/Aiuto/DatiCono1.bmp,381846,73a4b83d927eb67cbb4811f78e463407cca9e0ecb2d4f18902ce1d9d3a6fcc1e
legacy/AsmeVip.NET/Aiuto/DatiCono2.bmp,395982,e16ebca6f0f7eae195a588272ae52f7ae83dfa7accc9bdc094304856b9e3374c
legacy/AsmeVip.NET/Aiuto/DatiFFPT.htm,261,997ed6704120719093e04f578260d5cccdf4188ed3426b4edebaa5a1e9c43ed6
legacy/AsmeVip.NET/Aiuto/DatiGenPT.doc,36864,460b9779b4b9fbe11e8109de5d96788395727e860884a45957a755a5659f3eb4
legacy/AsmeVip.NET/Aiuto/DatiGenPT.htm,6467,899527139890d151d9d7b7c08f6af65801c407efdec19514b67dd9020c2cd611
legacy/AsmeVip.NET/Aiuto/DatiGenPT_file/image001.gif,6105,a165a32d54e8dc1f11b7151c5a0f19f5ed5b546f96b4eb6d07c6ea1e40613c67
legacy/AsmeVip.NET/Aiuto/DatiGenPT_file/image002.jpg,905,a5c74d35db26c48563db0fbf5df00162e9ab6e9d12a440581ac4da9a957f83b3
legacy/AsmeVip.NET/Aiuto/DatiGenerali.bmp,319862,8293516fde4641bd19c5f7f3bbca96e964100a6f9f23197215d0343fd1aeb768
legacy/AsmeVip.NET/Aiuto/DatiGenerali.htm,4414,7b332bf4d3448895bf2b906179a75db3a4cb9910245defa6a5a45789de8936af
legacy/AsmeVip.NET/Aiuto/DatiJointPT.htm,1180,414f3034ed69f0ffbbf962203406ad30b91544e5f49b7a7242a822c3f516dc08
legacy/AsmeVip.NET/Aiuto/DatiPiastraPT.htm,905,6a1fe2ed7f324adbd20eeaef1613d6d2e0e354be6ddf6466f3dc41b3a1a743a5
legacy/AsmeVip.NET/Aiuto/DatiProgettoPT.htm,2270,875bf3918268366e0d909b532daa3d7af070e5423a248ed40e8beb2bc167fc1c
legacy/AsmeVip.NET/Aiuto/DatiSetti.htm,221,8059e383edf95f732439d01412213140da367aa70be26a749fa7e7a6b8f44667
legacy/AsmeVip.NET/Aiuto/DatiShellPT.htm,274,2788acb66d0711c6c44999d7123ff9b629036f6ccfa8c22adf978402aa6fb6e3
legacy/AsmeVip.NET/Aiuto/DatiWeldPT.htm,786,88f2d003e27e742255296c3d5f6ab28a6f7646165a521216f1a855e4bd377705
legacy/AsmeVip.NET/Aiuto/DiafSald.bmp,2102,1d98523ebe8fee38a1e5ac309617108078064386b3712b9ec0e6d3ba377dfd7b
legacy/AsmeVip.NET/Aiuto/Dilat.bmp,2374,734ff5f1044659f6432cf2d7d1cdbb25b3dddb6a600ebe82e71fdb5cdef15cf0
legacy/AsmeVip.NET/Aiuto/Dilatatore.htm,8768,8b07d06933affec78692c8d249a9e5de97f99515b0b1695a8361c3d5ce59c15e
legacy/AsmeVip.NET/Aiuto/Dilatatore_file/filelist.xml,473,eee9b8b3001dc5d5f00349c52194131dec8ddfbcb13c934579ac7f2ff861ab43
legacy/AsmeVip.NET/Aiuto/Dilatatore_file/image001.wmz,3561,4702a223d5e883bddc3dffd2e0f2cd3e5eee5a175760f0a49b15834d0793a964
legacy/AsmeVip.NET/Aiuto/Dilatatore_file/image002.gif,5955,f3b377252a5c66e0c4e62031039340d3f06c2a5fa7aa1f31a36664c009cb5efc
legacy/AsmeVip.NET/Aiuto/Dilatatore_file/image003.png,12144,937b15c59d55f90fe157552f323084e513c28ffa2e2ffd4c098a0793112fd27a
legacy/AsmeVip.NET/Aiuto/Dilatatore_file/image004.jpg,25890,217d52729652a15567945cc936caff6de4f5266223eee41de52557a30b7ac946
legacy/AsmeVip.NET/Aiuto/Dilatatore_file/image005.png,11587,5db0ea1c51013117aa41357f71cc0f624c9cc3ef6424050f56f7adc1b3b60b34
legacy/AsmeVip.NET/Aiuto/Dilatatore_file/image006.jpg,25146,f146fb001cf91e10b5478134d10ec22bad2ae626cb7cd6ec31fa5c364e6a2d4c
legacy/AsmeVip.NET/Aiuto/Dilatatore_file/image007.png,25439,461f28b02afa47e5c729fc36b664f96a515c309e1376f5249a978835bb3c365e
legacy/AsmeVip.NET/Aiuto/Dilatatore_file/image008.jpg,68994,7c31eee3ca4154464f9f35a65b688a7a47650bcac7d614ce0d36e9d402590330
legacy/AsmeVip.NET/Aiuto/Dilatatore_file/image009.png,17829,d0bc4ca0060edd9b706eb88f5dfcee1bba06fa2d372fcee77a15a8951efdd056
legacy/AsmeVip.NET/Aiuto/Dilatatore_file/image010.jpg,40154,8cbd26ca5bd59d6c7b013390c165ffa9d7332bb2797bfc9d2b549ae189d8b55b
legacy/AsmeVip.NET/Aiuto/Dilatatore_file/oledata.mso,5120,f92486fc7d419dc2bd85d0e00b508c372640eacd2506030ec02fff028907fa2d
legacy/AsmeVip.NET/Aiuto/ErrMDMT1.htm,299,5183216289bbfbb1b208c4b909c924b0ec06b2dc55917e940dcb3bf038ad8004
legacy/AsmeVip.NET/Aiuto/ErrMancaAmmiss.htm,273,9214c0466cb8c04e9fefcba2f6dde363964afe6ff071eb3c0022cc0ec6cf34ce
legacy/AsmeVip.NET/Aiuto/ErrMancaFlangia.doc,19968,4d95d1c7dc50067e95c4bf291abcf0a452ea58ab8983b1050bdb40e22cc87b8f
legacy/AsmeVip.NET/Aiuto/ErrMancaFlangia.htm,1380,79321e41eadda78b7dd549ba7449c14950be22acc9f59c0fd4747e6a6f9a0260
legacy/AsmeVip.NET/Aiuto/ErrMancaGuarniz.htm,756,7eac4d0aff9e1c329353fc1fcab374449e9fa6a760928ca06f1bf6ff92f1bb2e
legacy/AsmeVip.NET/Aiuto/ErrMancaMAWP.htm,818,8c45685c96461c391064b1dfef0b7e6d5dc8ad7859fc41dc6932dfadbc1d8b3b
legacy/AsmeVip.NET/Aiuto/ErrMancaMantDil.htm,784,03b6cdef5adec7bc9fe117b797c01ac4b532bc6ed5a687a8cf03083f680217df
legacy/AsmeVip.NET/Aiuto/ErrMancaTabMat.htm,592,2da121fc37df533d2eb0604b990aaf8eff825f7a76686f05587775c680baab94
legacy/AsmeVip.NET/Aiuto/ErrNoCerchio.doc,24064,5e49d1b41370e0fc75104aa9f3d0ec30a7d647a5829c4120a5c1b1ab2ff79ecf
legacy/AsmeVip.NET/Aiuto/ErrNoCerchio.htm,1361,f78d4d1660049e5f01cd0678084069bd0a2128e40e2c6ef7d909bafddee7fa01
legacy/AsmeVip.NET/Aiuto/ErrNoOptim.htm,265,2221fbfdda0e70087d39c58a56a3c69b87478c9bb3b6d855580fc5e44c2ad886
legacy/AsmeVip.NET/Aiuto/ErrPTGuarD.htm,381,4e325982b28dcdaee597bfa7a8f2742ca3aed69d735eac56a2c284396a016ddc
legacy/AsmeVip.NET/Aiuto/ErrPTGuarN.htm,382,d96f2be336932e5ecf4352cc9742de0e85edab250d4b0addee7057bf0da99e9b
legacy/AsmeVip.NET/Aiuto/ErrPTLegami1.htm,293,db2e9990113dbb56511a8c062e289897a1202a67ade0ff00bc49db84cf57885c
legacy/AsmeVip.NET/Aiuto/ErrPTLegami2.htm,852,586a6855689f8edc511abd2b75d6824c9830a745aea0122019916fd95ca6470a
legacy/AsmeVip.NET/Aiuto/ErrPTLegami3.htm,1075,d92ac4ed7aa24c71654c4cea346da9f73fa5f2b991f07e5b3ba431918cf3e39a
legacy/AsmeVip.NET/Aiuto/ErrPTnomant.htm,246,562bc02f1f7570e9d0d6b76a7cb34d2cc129502e0e40a2205fcd670d84f0370f
legacy/AsmeVip.NET/Aiuto/ErrPTnotvalid.htm,1260,de64d3271ecbb859fa75c01d46e6653a00fd73f1dd2927c5ce087fe2421e7d9c
legacy/AsmeVip.NET/Aiuto/ErrPressureRating.doc,25600,b247ee17067ebfc5ab0e6ecce5d5624147590d2a00bbb28009059e0e48f99d21
legacy/AsmeVip.NET/Aiuto/ErrPressureRating.htm,3259,5ab75eef41e3eaa1d7d29cb524eca07cd4ba7c6931185cc03cb9a85250dd669c
legacy/AsmeVip.NET/Aiuto/ErrWNconv.htm,1007,debfb7756dafe46351298372c28af752aa1a1109e7d292ed9cfd8710a4256650
legacy/AsmeVip.NET/Aiuto/FFnonDef.bmp,172366,51e5803896f66fed4dbfddf4baada6a88d67d210301c2ae34e7502a1d31af1b4
legacy/AsmeVip.NET/Aiuto/FinSerBull.htm,1976,6207efa1841ed19d9e1a4e4497b871230f77e8677eceabec8d000e9dd9996ccd
legacy/AsmeVip.NET/Aiuto/FlLoose.bmp,2374,5bed9b493efb5982a48c5a2ba412954521ecf26c1a88762f29b8a19a61689e03
legacy/AsmeVip.NET/Aiuto/Flanged.jpg,12066,10db59d30e01e247542031786feb3a6e83aea54bf078fa2507f904d783c7664f
legacy/AsmeVip.NET/Aiuto/Flangione.bmp,2374,3f0ecfa98524cf4b28cc3779d2693c860796625ea84e94ca5f9a7461916bcb62
legacy/AsmeVip.NET/Aiuto/Fondo.htm,201,6bd659a05519a814a74852cf988b3b17fd88f87c3933aca0c8c70c5ee4e312f3
legacy/AsmeVip.NET/Aiuto/FormulaTorque.bmp,5334,d04dd25f612f66d6462a9a6505e1bdb56222269b342a85e01972171cc6857189
legacy/AsmeVip.NET/Aiuto/GrFuc.doc,37376,5c9e1a201631b272d4e23fc71a61a09f4550be95071b98a3ab980519cf1a27f6
legacy/AsmeVip.NET/Aiuto/GrFuc.htm,10637,bde4ac32e28c9921b8ab251a6ee0d486210bcfdb3ad67d2182e72335c3ea214f
legacy/AsmeVip.NET/Aiuto/GrFucCalc.htm,1060,c8e85deabef201a9a23e94be5fe7f762cdbc55b78182ebede6da76c017a16ff2
legacy/AsmeVip.NET/Aiuto/GrFucDati.bmp,464310,6e7db2668a3f99b117e539419f1f8f4b9002b8011d75ef0b1ee95622f47d2bcd
legacy/AsmeVip.NET/Aiuto/GrFucPag1.bmp,795926,3081eabf61f2cee9faabc4e0f8edfd46922feeb693cd9e5da23f608b01a56144
legacy/AsmeVip.NET/Aiuto/GrFucPag1.doc,25600,504673d46514817ada1d111b1e8b16abb9ef26e919379eb9129e82278526e79a
legacy/AsmeVip.NET/Aiuto/GrFucPag1.htm,3180,96b6367c8ca606b1633215736d4c06a96116c32013f8836f9edb9b57bcf322eb
legacy/AsmeVip.NET/Aiuto/GrFucPag2.bmp,795926,e5cf677dbda4f42a55c9e6c517a543785c5fa17d0a3e049dfcdf3a54dfbfe121
legacy/AsmeVip.NET/Aiuto/GrFucPag2.doc,24576,75c6078e6ce74e4a8af3b2a25b95c6fa65978a422f7cb706d9667084eb19eb5f
legacy/AsmeVip.NET/Aiuto/GrFucPag2.htm,2004,8957f2959d4cceaf801e8b3611d31790c3436d584e36d6e766db2104abea5fe8
legacy/AsmeVip.NET/Aiuto/GrFucPag3.bmp,795926,b97284a05896260a94ae24720f5cb5335db59ba98086fd56d79f860e00bc5c68
legacy/AsmeVip.NET/Aiuto/GrFucPag3.doc,24576,2f4121738892b5f15f3de7dace42a1c073f49653e7d0b600f353b787aa2eac88
legacy/AsmeVip.NET/Aiuto/GrFucPag3.htm,1608,3bc4f512213e676eba9656e5e41cf7b5456d8915875dd6e983ee8a30207196b7
legacy/AsmeVip.NET/Aiuto/GrFucPag4.bmp,870966,dda2eebcc8bdb763d39faf7c2712d6d6d56df20372e9f71b3ae870d289d4a577
legacy/AsmeVip.NET/Aiuto/GrFucPag4.doc,49664,53a4be8a73a09c1602bbba5d3c4b97eeecc107f2d5842601a38bcb5b970fba3c
legacy/AsmeVip.NET/Aiuto/GrFucPag4.htm,2413,816242103fb44634ab35bf651bf41d3f4e92cb05e78eaddfbea83101ec1f8aa9
legacy/AsmeVip.NET/Aiuto/GrFucPag4_file/image001.jpg,35596,77887926a61332e52d428d4d6c2ee5a467ec2100a2238ffa0760dae24de5db09
legacy/AsmeVip.NET/Aiuto/GrFucPag4_file/image002.jpg,12958,3fe3cc844a11bb34c509ec2e6e4935fb684dd1b1d49f6256a4ba99be3dab06fd
legacy/AsmeVip.NET/Aiuto/GrFucPag5.bmp,870966,bdcf7e66acfe0fea686a2ba05b5348ea2fdd139fab1d3f5f59861a5c17fbf7d2
legacy/AsmeVip.NET/Aiuto/GrFucPag5.doc,46080,38331ff2937e5f368f9bfd38446b983d5b4f56a2cba73a6b218cc52bb9149dc0
legacy/AsmeVip.NET/Aiuto/GrFucPag5.htm,1536,a81c96659cff262ec1a29eb90cbe8a78c960cc20b3b97bc87089d2af3804383f
legacy/AsmeVip.NET/Aiuto/GrFucPag5_file/image001.jpg,52118,43acbaa78a9e50fd3d724457f3dd0d99ca6e2a8c11950b7f782860a45d82c73f
legacy/AsmeVip.NET/Aiuto/GrFucPag9.bmp,795926,8dc04d504c4dd160efdc611424eceb44858b0e1a77a1a80cbfb1e3d110c7749b
legacy/AsmeVip.NET/Aiuto/GrFucPagFin.htm,241,98865c78a04664273eddbe64bd82c3e4044f91df79230aee55f3bd45242fdfcc
legacy/AsmeVip.NET/Aiuto/Grafici.bmp,938790,3891d6e6ed79161a7031efc05c2c96706bc5a68bf29ea4a90b98e85c698bf2f1
legacy/AsmeVip.NET/Aiuto/Grafici.doc,39424,26876dc4c124c9e7204652ee76a5e7eb02c157bd4ba4338af4a43ec05ec5e3b0
legacy/AsmeVip.NET/Aiuto/Grafici.htm,1896,5e9099cb2f07c70e7bdd9a2c55fa93cfe584c219043250fdf99ddc0a56c431c7
legacy/AsmeVip.NET/Aiuto/Grafici_file/image001.jpg,35879,5c667c3347e0639889b8af8e5467f3859d5876acd68583d9c059cc997a681a8f
legacy/AsmeVip.NET/Aiuto/Guida.htm,718,dc3002db11d4eabcc2a655e3ad50e3f6f2c258d464f1a4156f48f0df0a5295c5
legacy/AsmeVip.NET/Aiuto/InterrogaTubi.bmp,1458,831cc6b5b7bc5a5a128ae807277cfaeaeacddaf9399f68f6367214f7d00470e2
legacy/AsmeVip.NET/Aiuto/IntroPPSM.htm,212,19af7a374d0d4bd45928c2c77fff104d96c14c1b7d4cc7357a3c2f4553d43bc7
legacy/AsmeVip.NET/Aiuto/LM.bmp,2374,d5f14e424c1e8c93b798a375b6d4437eae835194809a144466d6f259926a1e9b
legacy/AsmeVip.NET/Aiuto/LOOSEC2.BMP,346670,b465de6df649a9b0346902d9af23c5401a0b6f4fb3ca8569198f3e214f6b3ef1
legacy/AsmeVip.NET/Aiuto/LT.bmp,2374,642b436b0352728e756e09e59393ddb82f93e13f4739c9c1c03fc4734d04c2d2
legacy/AsmeVip.NET/Aiuto/Manuale.doc,250368,2c9831cdf2399d5dddcff0829117958aa46df98c7f9952f179faffcd84490d8e
legacy/AsmeVip.NET/Aiuto/Manuale.htm,74114,356e74eb5756ac308f5222c8b98f1d9e9ca793747a3406a017abe0e75bea1950
legacy/AsmeVip.NET/Aiuto/Manuale_file/filelist.xml,470,f502a295c3608f4954764c1cd16f733f29e8ba5248bb0f994d2487f4f7e8ee8e
legacy/AsmeVip.NET/Aiuto/Manuale_file/image001.wmz,3560,6a1ac99b125f85f9bda133d714495464d008bbb34e7b04bf5c74cb14474439f2
legacy/AsmeVip.NET/Aiuto/Manuale_file/image002.gif,5919,9b596290434f6d2dae3b23f40922fa0f3ecd2c0158ca48634bfcac6c092b9957
legacy/AsmeVip.NET/Aiuto/Manuale_file/image003.png,12144,937b15c59d55f90fe157552f323084e513c28ffa2e2ffd4c098a0793112fd27a
legacy/AsmeVip.NET/Aiuto/Manuale_file/image004.jpg,27388,237c350f05a6217a26476e9502f4976dc6fca9e7944891273a6bb35e37a4607e
legacy/AsmeVip.NET/Aiuto/Manuale_file/image005.png,11587,5db0ea1c51013117aa41357f71cc0f624c9cc3ef6424050f56f7adc1b3b60b34
legacy/AsmeVip.NET/Aiuto/Manuale_file/image006.jpg,26781,c3df25d308ff84a38632e067466a96b24867c67464589a41e1068ca06aef1c7f
legacy/AsmeVip.NET/Aiuto/Manuale_file/image007.png,25439,461f28b02afa47e5c729fc36b664f96a515c309e1376f5249a978835bb3c365e
legacy/AsmeVip.NET/Aiuto/Manuale_file/image008.jpg,73314,20731c92f1810294fd438b3c9814675bb05da4b31755530167f36fa66766d469
legacy/AsmeVip.NET/Aiuto/Manuale_file/image009.png,17829,d0bc4ca0060edd9b706eb88f5dfcee1bba06fa2d372fcee77a15a8951efdd056
legacy/AsmeVip.NET/Aiuto/Manuale_file/image010.jpg,42458,096c73ae4bb32530971983ce03532ed690e1e0bea98787802572680e06c64fcd
legacy/AsmeVip.NET/Aiuto/Manuale_file/oledata.mso,5120,43082ea6a57f3205c24d5ece2ab15297a50b4c1725d6c7307e8e446ac97757a9
legacy/AsmeVip.NET/Aiuto/MembrDupl.htm,657,c436ab719dfa96dbfbf22cec86c0ad07c24f58a3e3c404bc6523c19995e95219
legacy/AsmeVip.NET/Aiuto/Menu.htm,259,bd6f6a4a05e70175f220cb9ed42aa3f647a912c354bca3acabb0e71ff03da693
legacy/AsmeVip.NET/Aiuto/NonAsmeLib.htm,1006,6fe315982a2a78483f152fa2334964ce55f7b7fdfab21075dc9ed59b3ae77591
legacy/AsmeVip.NET/Aiuto/NumLati.htm,710,cc9c8f86653a3724a0381426a2a25c9b1450ec3d0f28f85ad77c567d0ceb4175
legacy/AsmeVip.NET/Aiuto/Off.bmp,1062,54952ec0fbbb7ae7c67ad909ca63d022fd0c6a69018854a96e40f4efb5ea1ce2
legacy/AsmeVip.NET/Aiuto/Oggetti.htm,261,7ff7986f7c28d3bb1d1ea506887aa04d449ded92917627150ceddb5ec8aad580
legacy/AsmeVip.NET/Aiuto/On.bmp,1062,263f8594f25d9f3a0861ce7eb00234fa02644cf9a9b1004956841001b8920172
legacy/AsmeVip.NET/Aiuto/OptimDil.bmp,724166,62b88b9e32a517ba37f7f398b473428ebb8cc4a893bd9899bf864a92be280012
legacy/AsmeVip.NET/Aiuto/PT.bmp,2374,e4b7301feb78d0510b05ce98059d8893a8b49665f7b155725e03e580875dd05a
legacy/AsmeVip.NET/Aiuto/PT.doc,61952,6ee39e0bd7d2956fedc02d36b9fdb1e611dda8adff5fc7da47b5abb0d1daca7c
legacy/AsmeVip.NET/Aiuto/PT.htm,1148,3dca99a0350fc9ccc34f533860691cf401f5433928f4e3e4e70c38e289a93b86
legacy/AsmeVip.NET/Aiuto/PTCalc.doc,43520,ca02f4e1c17d3a34b2fe238ed0b34eab9e6d9924d6d8c836eee6323dccc00f9a
legacy/AsmeVip.NET/Aiuto/PTCalc.htm,8647,d50c9b534349d5dc6a2e45380dd40b3f37f36200a2701fc6d256ea908ddabc71
legacy/AsmeVip.NET/Aiuto/PTCalc_file/image001.jpg,22939,a6cc19849f4be922e595abed859c839a8641fde3d7be8da95ed0da6e8341fae8
legacy/AsmeVip.NET/Aiuto/PTDati.bmp,1350594,71b5cdb0f891d8a6f06388186ed9c288f28dcc78334544e945197113c7adbbc2
legacy/AsmeVip.NET/Aiuto/PTDati1.bmp,964950,8de5095e7b13d2abbaed392921e4dbd15a073fa18cc01085805c1da0e3483ce5
legacy/AsmeVip.NET/Aiuto/PTDatiBull.bmp,112310,aba9a80669a1d1ed9c23533540fc2a0aafa88f45b5a215bd76ca3fb245dfca4b
legacy/AsmeVip.NET/Aiuto/PTDatiFlangiaAut.bmp,402930,ea170d050f133872e7ea7c4f1b2692580eb6772a51bc1797559d5ba0decb8bd5
legacy/AsmeVip.NET/Aiuto/PTDatiFlangiaNonAut.bmp,402930,7772c43655628575e38986e1dbddcebec55fb33d2379c29689249afc48dbcb5f
legacy/AsmeVip.NET/Aiuto/PTDatiGenerali.bmp,324070,abe93bfdf8a5bdf80bd61926fa8e464759cb621337065756ec1081aa5ea8359e
legacy/AsmeVip.NET/Aiuto/PTDatiJoint.bmp,112310,c77dfda82b279658b54536b9fbfccaa991075c842819a8a76713934548cfc251
legacy/AsmeVip.NET/Aiuto/PTDatiPiastra.bmp,62326,530a527a614977bbad4ae0f313b78a4a2da1141da5dde9a1762050755e326624
legacy/AsmeVip.NET/Aiuto/PTDatiPiastraAvv.bmp,62326,005af5609c2c2bc18825f0cadba526ff1175111c98971b42cbe56fc8f0756168
legacy/AsmeVip.NET/Aiuto/PTDatiProgetto.bmp,112310,d84809294336f35009f0e9fb9c6846c7cb8cd15607d83491f11d3e1d96cb040b
legacy/AsmeVip.NET/Aiuto/PTDatiWeld.bmp,397826,58f42eeb0acb96b3d97414111b55c709abd39721c6a9be30c9dd6eac7205c0a2
legacy/AsmeVip.NET/Aiuto/PTShellData.bmp,113574,bc96f409a7e28b6d5d93126d33143bf8a0f9c587980385e1c00344739b2e6d46
legacy/AsmeVip.NET/Aiuto/PT_file/image001.jpg,79114,9b014a9c7bad337b72f7aa9c07adfb6e365f9f6a51e5db17413487829368a385
legacy/AsmeVip.NET/Aiuto/PTcalcUTEMA.bmp,964950,9d54143f6a338cec6d122ad332ccc46ab7f2bb4274dcc52d4bd120ee285f91ad
legacy/AsmeVip.NET/Aiuto/PTrisUTEMA.bmp,365538,18717efc97b9322905559bc1f02396dfb2d20829b1022f61ee14be935253ae38
legacy/AsmeVip.NET/Aiuto/PannelloRisultati.htm,342,4031ed76d6aba320b218850dc2ea668781b14dc33456fb5ec38e5827272bf130
legacy/AsmeVip.NET/Aiuto/PannelloStruttura.htm,1556,6bf6da7d28c12bb09d581b60c1d8314360cad5a0faf558fe8afa98d5b6878735
legacy/AsmeVip.NET/Aiuto/Panoramica.doc,25088,764f3d9d75848ccb0e394a38e5d835cd6966e785157b015bb3de9480f7036e7b
legacy/AsmeVip.NET/Aiuto/Panoramica.htm,1959,35867f14e0a9e7d725eccc3c99a8d3d66eaba07a9fda5f86c7af049a46a66272
legacy/AsmeVip.NET/Aiuto/ProvIdr.htm,2730,a3d43d9a67e8a3a527e78cdda9cdec774a7519144ac09f6bb2cb69afcdd06bf6
legacy/AsmeVip.NET/Aiuto/Rapporto.bmp,110818,b30c0731d7cf4217a24fc8cb1220c1932628ba2458c98d18fefd78f32ba58d64
legacy/AsmeVip.NET/Aiuto/Rapporto.doc,26112,97af0a6bf325cb338021a1c4ab3a88671f26a6ccfac17f27aae7b79e65462976
legacy/AsmeVip.NET/Aiuto/Rapporto.htm,3478,e67a91ceec9e22a8f29b74a8f128d91e5a292087b50a2bce09f4c2f755aaa832
legacy/AsmeVip.NET/Aiuto/Ratings.htm,369,e1b0a2db0e2424cdd8619629fa006625dc8051bd18247ce1145c1f38e4a3508f
legacy/AsmeVip.NET/Aiuto/ReqRinfAp.htm,1755,f3f9bc11eee261384756611925704a64bf84daca858517f4fc29855477e03915
legacy/AsmeVip.NET/Aiuto/RilBull.htm,3530,95f38b0dfbdaa80ac310ff6bddf9d06f23826ab091057726268eba39682da5bc
legacy/AsmeVip.NET/Aiuto/Riporta.bmp,1458,9448d63cfc3e0a02f1aa007705c2ab97187a90d4e50bd11834cbc08fa1439e93
legacy/AsmeVip.NET/Aiuto/Risultati.bmp,223454,daea85ea2c1f939f7fbcc02eaf70f334e7bfe2dd526cc61ecd4b04fc1cfd9f04
legacy/AsmeVip.NET/Aiuto/Semaforo.doc,20480,ebb564bb67cc27b87a4e2d233ea81733f8c774378e0aeb93e2e8749e8b5b7fa2
legacy/AsmeVip.NET/Aiuto/Semaforo.htm,1367,a8c76f9cdc23f0703f0395b17081663f113747aeb49ca24f1bfe65646b6a65bb
legacy/AsmeVip.NET/Aiuto/SerrBull.bmp,334018,12728fa162c712ed1897a22fe0fad2327e87ddeee75ed2d8685862c8c62bddd4
legacy/AsmeVip.NET/Aiuto/SerrBull.htm,3565,c8ebd4ab67207ec3d746723bc9c8ca39859d57086081e857db5a47e8d902ee3d
legacy/AsmeVip.NET/Aiuto/SerrBullAut.htm,1063,ad7e8936813ba04d922820de86e603f8d4105874503806797e77049b29ab5500
legacy/AsmeVip.NET/Aiuto/SerrBullVip.bmp,995154,064c2075687681eddd67365481f2220be3784100d50ff5c8f1656d8fcbb0a344
legacy/AsmeVip.NET/Aiuto/Setti.bmp,2102,44cdc153ba32e9ecea69f19c90d39df166e7b4dba0075fbe4caa0658a8b0fd53
legacy/AsmeVip.NET/Aiuto/SintDil.bmp,964950,36f84cdf5bc0830cae6c97e6b50a365c63f2e0f1654070937e4f850552306ffd
legacy/AsmeVip.NET/Aiuto/StruttCalcola.bmp,2578,d6021520c206dec8da5c58e917b12e88b9e0cc0ef5f552414086e9c892616dd1
legacy/AsmeVip.NET/Aiuto/StruttDati.bmp,2578,31dadfe86711b40062f35d05750ad3ced8965203928c09db06bb941b9aa98477
legacy/AsmeVip.NET/Aiuto/StruttEspandi.bmp,2978,44f34dc3081e662747e2bfdab429c54e111e93c3ad227197b109a066c55e9fc6
legacy/AsmeVip.NET/Aiuto/Struttura.bmp,121978,508d44d6ebd2c3f19d66ec5325d1ba890d73fd253b1f006e178b47f66e6d8636
legacy/AsmeVip.NET/Aiuto/Tipi.doc,26112,4ec73b6287c89c5618b5deeea2ed6a5989d36733c6157635d0bc83d731d0ca02
legacy/AsmeVip.NET/Aiuto/Tipi.htm,2839,db4a5577729aaee5495e23936fc383dad53ca8bfa0936bd760e24a720db5e137
legacy/AsmeVip.NET/Aiuto/TipoS.jpg,14473,300f3de0442cc9451e1dfe4008a08e7918b6671eabf629ceb329794b32207223
legacy/AsmeVip.NET/Aiuto/TipoW.jpg,13263,2a15b445be463cd8db788e1c1d7dbfe531522f01ae658836155c4d86adeb7566
legacy/AsmeVip.NET/Aiuto/Traccia.bmp,1458,2bf2b81e9a4c45beefcc0fd5521f13bdd15bd76bdb10d1357a8a08b8a35b0917
legacy/AsmeVip.NET/Aiuto/Traversini.bmp,146070,109fe90a3178e8eb68efbb1fb681b9bdd66ee9c696373f759db5d94a009c6b86
legacy/AsmeVip.NET/Aiuto/Tubi.bmp,2374,c8c9c167f036a0d8f1d5c3897a86696268b5821746227b55b99484bde3e90b73
legacy/AsmeVip.NET/Aiuto/Tubi.htm,5841,78174e9f5ba9d72daa714c908b68855aa17baf372e7ce023c2318fca0b861ad9
legacy/AsmeVip.NET/Aiuto/TubiDati.bmp,1302102,1c9dc1f38a51f1334abdbbccda9e0a3b4d25d7dbb616159f6ecd24414551c4d7
legacy/AsmeVip.NET/Aiuto/Vis.bmp,3378,6641cba69cef7dde8325d178a6ec99c9854e70e39b466cb13c6f67e584a7ce42
legacy/AsmeVip.NET/Aiuto/VisTutto.bmp,2978,a16201a59985e39da55c30b27579b7972bbaafbbeef0eecfb6b254a2aedde2ae
legacy/AsmeVip.NET/Aiuto/VuoiCalcFl.bmp,36598,bcb8f22e3e1e3cd2964ff533f3cc5f48306400f1d62145fabde4128e93173dce
legacy/AsmeVip.NET/Aiuto/belt.bmp,2374,6b2a8bb06e0f4b96d0e65baa8038fd1f9426d5025ef852b7e0d5ec3ec2209f1b
legacy/AsmeVip.NET/Aiuto/bocch.bmp,2374,ded91b5b5f4c9e95ac3255a0ff40281873117662a566a02779830faee2b0465f
legacy/AsmeVip.NET/Aiuto/botAeropl.bmp,3510,c04a60cdaa5f0364d02bf1c9c08b922a01b22e59e06dbf911998f5c7a629ef8b
legacy/AsmeVip.NET/Aiuto/botInterrogaTubi,1254,ca00fe47fa30f718aafb35c95895be7dd12f1782577a92fc90b438594d5345a1
legacy/AsmeVip.NET/Aiuto/botInterrogaTubi.bmp,1254,ca00fe47fa30f718aafb35c95895be7dd12f1782577a92fc90b438594d5345a1
legacy/AsmeVip.NET/Aiuto/botOpt.bmp,1654,9a8472756575efab35c339c7371d2f2670802ffeaac30e19a464717048e65288
legacy/AsmeVip.NET/Aiuto/both.bmp,2374,d021f17914bc30e1e0c9515b5e6646412f889254da94069ca84ae3999f293b52
legacy/AsmeVip.NET/Aiuto/errDiamExtPT.htm,874,076122543c4608131ebc328ccdeac043271081eb90a7b33e7f610f54c5cb66fe
legacy/AsmeVip.NET/Aiuto/finDatiDil1.bmp,421398,a315d252f45ef4c78794a5dd2b7b8d426ee41a198dacefa13656a25620bf7059
legacy/AsmeVip.NET/Aiuto/finDatiDil2.bmp,367470,723d0c824653a7eba2ee7a604f983895e862c916cc84a81155eb60ab8f42f8f9
legacy/AsmeVip.NET/Aiuto/fondo.bmp,2374,d68341674cb4371a8cac27a76c156781a87b86b075f6f10d1788ff2a96dcbfc3
legacy/AsmeVip.NET/Aiuto/header.h,8207,90c7e0f4b1b35f0d2e86d5e7be89bb889bef75ee325aaabd6b6118368cbbf05b
legacy/AsmeVip.NET/Aiuto/header.rc,8094,0bf4eba94d36f617efdadeba05b099b0650dfac2cb50960de9d63c833e38b767
legacy/AsmeVip.NET/Aiuto/mago.bmp,1194,fd08edf0a366f8a49e2b8208336eb11d392caccd37aa69680879fe95447503fd
legacy/AsmeVip.NET/Aiuto/mnuCalcola.htm,347,c21b0c8c1462ff3a0184d269549e7b05cbf6b30b7fa87cd915a5285180b86874
legacy/AsmeVip.NET/Aiuto/mnuCompTabelle.htm,428,ea267a746ecf1ccd12a09162665f0eb70499ea958af250ff5c80173ef3546fdc
legacy/AsmeVip.NET/Aiuto/mnuDati.htm,209,7b52ae8c9059386fa4eddc3069e02ec3761dc8e8982ce70c17f401fe27bacb6c
legacy/AsmeVip.NET/Aiuto/mnuFile.htm,209,e27179ad6f940316bec510554e71c277818fc6cfef033e992c3516d134eb753f
legacy/AsmeVip.NET/Aiuto/mnuPreferenze.htm,293,37761c22467282f0c49b19a473a1a48c01e4acece63fafcf7171863987f858bc
legacy/AsmeVip.NET/Aiuto/transition.bmp,2374,d00fe6eb11049bd2c6a1643049a41e0b7e2cdc76c44296d025a1b382dcdd2414
legacy/AsmeVip.NET/Arch/ASME1.DAT,7030,0991c0dc9251d53ffb6d2d2a300ea6a92c288e6afe4ff573b1627069b70b2ed2
legacy/AsmeVip.NET/Arch/ASME14.DAT,713,a6d48b91b29957b6ca0f43ed0002bc403677a49cbbde321972f787041016df9a
legacy/AsmeVip.NET/Arch/ASME17.DAT,469,7fd079a167630d29bef81855ad015a370a064492e1bc351b5dcc12eeebf92930
legacy/AsmeVip.NET/Arch/ASME2.DAT,2227,d314b623fb78a4fb0c4b7063e175cb5917f4227fd53d2cc60b01e8bd631eb9fc
legacy/AsmeVip.NET/Arch/ASME6.DAT,946,502e4c5435917075357b3946fdd007b4f5b0d1777540eb81d80233a9003ee709
legacy/AsmeVip.NET/Arch/EUconint.doc,39936,a7979818e80ff9adf7944948f88862239d282bc9a4243941f19e6476501d1810
legacy/AsmeVip.NET/Arch/EUcylVacuum.doc,22528,7d57677deb7bf658c93a2c23969189c433f5adb94b9116f1af5daf5b9827c211
legacy/AsmeVip.NET/Arch/EUcylint.doc,35328,7ff247e196c9192283a81b2879c84bff16df18bfdd3bed7f271233f3aa060add
legacy/AsmeVip.NET/Arch/EUsfeint.doc,39424,02436dad4373d10f439c837873a33cae644c70533b21c27bea300fa3e46c8494
legacy/AsmeVip.NET/Arch/HeadNotTec.doc,482217,54bad6ce465d76d0c57c2e3a076c8798c65fc00170cd5d0056eed5a550734da3
legacy/AsmeVip.NET/Arch/HeadNotTec.rtf,483475,5dd610473040660a7c3a6da356c99d1800b09724ecd80a24a094b5acc46cd7c7
legacy/AsmeVip.NET/Arch/OtherLoadings.doc,47616,6ff7e89af3e900318dd0991f95f31679e0f8659d7fdf75afdaeec00354d2ff15
legacy/AsmeVip.NET/Arch/RTF/ASME10.DAT,2957,ade3f52a5a75291c841c9e504e79ea6425c2745301b1d5d752f590a65e1c7222
legacy/AsmeVip.NET/Arch/RTF/ASME11.DAT,2547,f0ad79f101e5681d4add4cdc6e9cf74035fa3f98418ce9bfbc6de3f7d54b5298
legacy/AsmeVip.NET/Arch/RTF/ASME112.DAT,2533,5aa79539399f31d74f2f4c434910206beb5d2ffa237d0d230a6ec1286b1b336a
legacy/AsmeVip.NET/Arch/RTF/ASME12.DAT,1602,4142ac1c2e9ccc038b799b9a0b6d28077a6e554e1e023610e8e68865233941b3
legacy/AsmeVip.NET/Arch/RTF/ASME12BS.DAT,1602,7ea9efe0c52e69e581df52317c79683cf4972db5a3bacd4b77c1a551c328fb27
legacy/AsmeVip.NET/Arch/RTF/ASME12psi.DAT,1602,12e7d09f561bb1c2e737b4a94cd3d3538cf785e8985cd8346a6c611ad20ba00a
legacy/AsmeVip.NET/Arch/RTF/ASME19.DAT,1010,21c4225f9196a0da40bc1769857d94b65eda6a511331487642a550eea35aed67
legacy/AsmeVip.NET/Arch/RTF/ASME21.DAT,251,f7f1cf3094942554632a8030c5cc102818e8afc678d610d71a6c468b52903e4d
legacy/AsmeVip.NET/Arch/RTF/ASME22.DAT,357,7245d6ceefc783d52eea295e89e3f2c36fa7bbd6773385065afdb1a0266dc5ee
legacy/AsmeVip.NET/Arch/RTF/ASME23.DAT,433,74cdeabfda4808fc08b445abc6a728e1ae840bbc776bc6b8a32117a41efe0b0c
legacy/AsmeVip.NET/Arch/RTF/ASME24.DAT,949,31d88ad67ef1d286cb309fb84e76fc199913579aaa8e3b0bf84bff303760e613
legacy/AsmeVip.NET/Arch/RTF/ASME242.DAT,950,0a9cfd1489fc568e1ac4c8bf4507effe0c49beee647c9739cf822e6d30b7e186
legacy/AsmeVip.NET/Arch/RTF/ASME25.DAT,1133,782051e81e00fba1d654c8843d84d9f49b51e666481a652f455c273e9bd16fec
legacy/AsmeVip.NET/Arch/RTF/ASME26.DAT,390,14ccd5eb39a0cb97c13e56054bf70ff269adfe7aea38c51a6c2a9b6e62cc8b5d
legacy/AsmeVip.NET/Arch/RTF/ASME29.DAT,1886,765d9cc8d084007bd53ae26bee989cd780d9159be16d292d0c9cc6f06677fa1e
legacy/AsmeVip.NET/Arch/RTF/ASME30.DAT,239,f031729aaea137e738b1a530e5c2d10c1b52aac6b0a399f7f31ff98ebb4869be
legacy/AsmeVip.NET/Arch/RTF/ASME302.DAT,237,045faea972ed8d0c7ce87a89fcbed74306e361b9f4abd687abf7c7ca1f70fb9d
legacy/AsmeVip.NET/Arch/RTF/ASME31.DAT,566,e6e11c549c55b157707971b154b8f2c2e70cde799bc6597306d05f8f8a10b118
legacy/AsmeVip.NET/Arch/RTF/Asme09.dat,889,6d3ddfa3f86a98c964c50ca153ee7ef82162a264d5181d513d870edc22befcf7
legacy/AsmeVip.NET/Arch/RTF/Asme092.dat,939,27d509a54f52c2df2e491500c3746ed150d177554ff16975f20dac6d2b18fb19
legacy/AsmeVip.NET/Arch/RTF/Asme13.dat,1955,f33de5d8d0754da34202dd8144a31103779a93475fba438da0196171a2bd00c0
legacy/AsmeVip.NET/Arch/RTF/Asme18.dat,371,6267ebc1b67b4925a1a78106e1dc25dc3888de9ec3b59cb0ba9ab1fb0fa6bd14
legacy/AsmeVip.NET/Arch/RTF/Asme27.dat,13504,e6ee33466d0d9ac2e8bd366713d1c7ff73c2d395fbc4626a80492e18e945ceb1
legacy/AsmeVip.NET/Arch/RTF/Asme28.dat,300,86c39d39fea50935dd052a2a10d87589da9d3fbcf0caebb1b15bdcfa9bd406c8
legacy/AsmeVip.NET/Arch/RTF/DILA02.ftc,110499,559b55069cc2f8586f45cc93fb96d44f098e38bd86bb2fe0a21531dc44cff769
legacy/AsmeVip.NET/Arch/RTF/DILA03.ftc,109007,e4c6a241b1109fd1660a4ce8c1e7565c97ed3629f2a7002ebfc4f8f4bded7a34
legacy/AsmeVip.NET/Arch/RTF/DILA04.ftc,182641,a04766abf54d0fd2652b3df0d0196d79199ece06530f5ed3d568a5229773e403
legacy/AsmeVip.NET/Arch/RTF/DILA0452.ftc,32288,aa7925816e964dbb6411302282d64393f223bf98c1af21881bd289ae8cc9fa93
legacy/AsmeVip.NET/Arch/RTF/DILA0453.ftc,42281,4258034a52ac7e3ecda879132ca71300b64e38459273eb42c1158b017b59c5e4
legacy/AsmeVip.NET/Arch/RTF/DILA0454.ftc,32291,8207f745efbcfce268409f4dd3c48a50d24570c1ff155ca3d33f03e719713a17
legacy/AsmeVip.NET/Arch/RTF/DILA0455.ftc,43151,2aa30df54a26bf446384d9917de27f18e26c9fe0a2c8db2aa3532b942f0960dd
legacy/AsmeVip.NET/Arch/RTF/DILA0456.ftc,31180,b7d0e29b588e6104b0b150614fad0a889422f0b064223e9ef7dcf2236d649e1d
legacy/AsmeVip.NET/Arch/RTF/Diafr01.rtf,4633,14c25c508fb15e30df81db5bba4474c0e7620130d10de0832bbdf10e7ac612ad
legacy/AsmeVip.NET/Arch/RTF/Diafr02.rtf,6302,461fa968df03eec390a15348fd269cc919197701fc4ddf6ebe9416d48d94b41f
legacy/AsmeVip.NET/Arch/RTF/Dila05.ftc,21453,7ec8bf6cb275d628825fb573bbc3dae78f3c6ceff3a8fe5290e6bb7c9f32c8c2
legacy/AsmeVip.NET/Arch/RTF/Dila06.ftc,138835,e77a01ee8deaaf4878f62d90737d9bbbda525c2652d1709c561443e1deabac40
legacy/AsmeVip.NET/Arch/RTF/Dila07.ftc,115692,be654fe9cdefec4c40afd718b7eabb52ee4f52fc63ab917d51ad4089d6fa9797
legacy/AsmeVip.NET/Arch/RTF/Dila08.ftc,21001,86867b483218f1cd39ea64755b8b366815c4a8cb657dc3e63f39c4688a1c5373
legacy/AsmeVip.NET/Arch/RTF/Dila09.ftc,45342,e551fcddb01b494fa59d712feb3fef52a5200a5206b3b82250d7f5298fd380ed
legacy/AsmeVip.NET/Arch/RTF/FIG02.EXT,11900,86e4e1228953f91a0c2e164e232df5338640f9c48e09c36b79b6f750594f2b73
legacy/AsmeVip.NET/Arch/RTF/FIG1.RTF,10363,afc5c89b72f7c2757c0185daece77dae84066310622ca719976908c30e3164ca
legacy/AsmeVip.NET/Arch/RTF/FIG2.RTF,9761,290f275ab1d47516d75c4a63a12720be084b8b28faef5d4775c8cbbec5137c38
legacy/AsmeVip.NET/Arch/RTF/FIG3.RTF,8370,98c03dce5b962c36c60159e3e6b9f4b00521c38e8e5855f6f8dc7df772769f4d
legacy/AsmeVip.NET/Arch/RTF/FIG4.RTF,19312,bc3f19ce3c6ed3d656c8df571857821705ec8d70bcee6d3c8102497802ce1c35
legacy/AsmeVip.NET/Arch/RTF/FIG5.RTF,11850,3291458aed67aee17c4ba528dab0853b89b05af879e109feef56b051ad6e756a
legacy/AsmeVip.NET/Arch/RTF/FULL01.FTC,4268,7c435405ce35e8acd86edf6327aa4b28f3313a5233c9affd84cb4505c4b4b74b
legacy/AsmeVip.NET/Arch/RTF/FULL01A.FTC,4361,46ba0c55ecc01ee8650104015d171eab28c3ee8c242dcec0cec0efac4de5dbe0
legacy/AsmeVip.NET/Arch/RTF/FULL021.FTC,25342,0e45ef9e31e4ab92399b223bc89e72ca0ef96788a76fadd81db4ae79a0fa67d2
legacy/AsmeVip.NET/Arch/RTF/FULL021A.FTC,28736,71b8c7b1923369e0d0dac049aefb1dd74b757fab5119992eecf6e233de85e478
legacy/AsmeVip.NET/Arch/RTF/FULL022.FTC,56481,7b8aaa506efd8faadb5e8945ecd506acb5946a9640848ecf9ae4de80e84ac9a3
legacy/AsmeVip.NET/Arch/RTF/FULL022A.FTC,62086,2d1c4e281f5234a781144e2004329587436714c885b063932dade4c8c6a61346
legacy/AsmeVip.NET/Arch/RTF/FULL031.FTC,24495,b068eddbfb352fbb07c86582e58dccc62a284501b65fa298b4360686af58501c
legacy/AsmeVip.NET/Arch/RTF/FULL05.FTC,43022,4f6cb1c4aa4b43c1a4e9ff3c51d7e0820d4948489d301f6dc07e18779386ea7f
legacy/AsmeVip.NET/Arch/RTF/FULL061.FTC,27304,234b25644dd35596f1cacd027ad9b5687375a5abaaebd92a2e62bea5a6dcb793
legacy/AsmeVip.NET/Arch/RTF/Fig6.rtf,10020,1e8eb193cbb33332a1146180aa508b15909ad02d77e9e8c0ef9233dfa99d72e6
legacy/AsmeVip.NET/Arch/RTF/Full01AA.ftc,4257,d3bc5e81f819370689acf7c707e931acbdbf0de93110de509507a92e37538f23
legacy/AsmeVip.NET/Arch/RTF/Full01AA2.ftc,5300,9d33d60145b590ef19f7986130f32349b9e0693175aa0de6c9d81b7323c660cc
legacy/AsmeVip.NET/Arch/RTF/Full01AA3.ftc,5304,acc9c79572964809610491503b65c0f166a6c815660faa638b099283fa4ecaa9
legacy/AsmeVip.NET/Arch/RTF/Full01AA32.ftc,5304,12a5f163c2af9db3d1e564bbb17b9cdc654da2e5ec7f0992fd626386c89bcd25
legacy/AsmeVip.NET/Arch/RTF/Full01AA3F1.ftc,4564,7a5ead77c93d64548d359be11990ff12fa23397214bd1d23e692c6464df028b5
legacy/AsmeVip.NET/Arch/RTF/Full01AA3F2.ftc,4564,5640f427b4521e993f11e3c68f1e2a50489a4cd9152d55f0bb5e0abcb2cc9b18
legacy/AsmeVip.NET/Arch/RTF/Full01b.ftc,4821,2bda9c44fad13d7e4660259f4ed6d7f5194066ef7d6d86aa40763eb5dbcba29d
legacy/AsmeVip.NET/Arch/RTF/Full02AA.ftc,123689,8c7908c357e0560337ae47378c294ddcfb3fbc02104de04a6569124adc6597c8
legacy/AsmeVip.NET/Arch/RTF/Full02AA2.ftc,113131,be8a73193a78df3526e3eb5b296b45e22287862e6e95792b22900f54b2474d72
legacy/AsmeVip.NET/Arch/RTF/Full02AA2s.ftc,116623,bd2c48dc5cc70dad5b1d46876717480885ff9fb45c24aefeff8d284d53f33303
legacy/AsmeVip.NET/Arch/RTF/Full02AA3.ftc,116265,e4b5e5f85c165ce25cf576be1c68b63b7ad58c467e6cddc0af234ec2079fe788
legacy/AsmeVip.NET/Arch/RTF/Full02AA3s.ftc,119761,cd18642c25741b320252bb1afe7d31630e2a7a82ddd3fce24597ba9d3de5282d
legacy/AsmeVip.NET/Arch/RTF/Full02AA3sw.ftc,105984,7422f2ef5527ada2a78d02f9fe00cf9b0fd74629dc7283ad484a7766dd57530c
legacy/AsmeVip.NET/Arch/RTF/Full02AA3w.ftc,102490,5e5757df2a9911e116396505eb23457f940bac15db2c8f93445326ab560a9d27
legacy/AsmeVip.NET/Arch/RTF/Full02b.ftc,108065,63d3f918963530ca16922111ce60cf3dbec6a1859c769d58f9ced9ee9ed59b88
legacy/AsmeVip.NET/Arch/RTF/Full032.ftc,57694,f1eca1a6a0d1ad24fb4822b9ccf607ee041b1dc1f59ccbe8813ca61f1bfd8117
legacy/AsmeVip.NET/Arch/RTF/Full033.ftc,38127,eeedb553d3a7ab120f133a2bfcc6e2ee3083163b3f0b7200d74f1fd5c3f401e1
legacy/AsmeVip.NET/Arch/RTF/Full03AA.ftc,63887,3d22faf5834c7a6107b72c0d52f9b3c33ad2505a769c2eff88dba5b75420affb
legacy/AsmeVip.NET/Arch/RTF/Full03AA2.ftc,102197,7ad2aa556d9311e8392fc0b93721685b293e3e083f76ced6cd8b06511db7e685
legacy/AsmeVip.NET/Arch/RTF/Full03AA3.ftc,125077,7aebdde6c3b53f521a0e85670584c376272beb3470e4cde1b795a7e66346f527
legacy/AsmeVip.NET/Arch/RTF/Full041.ftc,43150,5b13ab65a33cd3fdc5c2ec96eb92f4f1b4081b25e3503978031702cca6f3736e
legacy/AsmeVip.NET/Arch/RTF/Full042.ftc,30914,51f86eebcf6d99c138a132b2dd7fa1fe05caea7701beef3386efbe4820001b96
legacy/AsmeVip.NET/Arch/RTF/Full043.ftc,29529,763085e47ffbdda136d97377727e9271269230a1bad0a2fdb6de56055202e556
legacy/AsmeVip.NET/Arch/RTF/Full04AA.ftc,137251,2465b73c5cbd52d32a24ddb051b78c6251f6309303b8bd96067a8ddb8bc26cb0
legacy/AsmeVip.NET/Arch/RTF/Full04AA2.ftc,127065,0fa8619cda1ca258f119816891b7ac2b8a0ae510487800bd5095ab4e79d53330
legacy/AsmeVip.NET/Arch/RTF/Full04AA3.ftc,138059,2e8d56465189b8e14b479dab760393219df09357c3a0b8f3e35735114aa9c1ea
legacy/AsmeVip.NET/Arch/RTF/Full04AA3RE.ftc,136427,e69d4c1708d54e31bb7eb243b8e05053d6e5378c8907e3b2d2273587392b2135
legacy/AsmeVip.NET/Arch/RTF/Full05AA.ftc,119268,95044e8bedfea633f5707ccd73d6a8f0acd146204a19d8d36904737ac74f98c8
legacy/AsmeVip.NET/Arch/RTF/Full05AA2.ftc,136113,a622123b0c4d0d64859b3719ee54ad8534afdcd0166b1c489bb6da4388c63319
legacy/AsmeVip.NET/Arch/RTF/Full05AA3.ftc,122370,e68d00a91d984c8c1a7ff3cb13dd2dc1ce6854dd1987164e006f0f9ba71b5e2a
legacy/AsmeVip.NET/Arch/RTF/Full062.ftc,46875,407ed975baeecb747be678bd29d5dabb5d037a9daf72f90054ee171f83a81913
legacy/AsmeVip.NET/Arch/RTF/Full063.ftc,14595,1398593dd28cb5a56be1ab0fb2bd23f018bf1f36500027820a9bf8b34400ca94
legacy/AsmeVip.NET/Arch/RTF/Full071.ftc,37846,134e6d76da8828df26913a2be63f96875918dbe5e209f8103b60267e5af8e3ab
legacy/AsmeVip.NET/Arch/RTF/Full072.ftc,65379,e22f60a60631af5236163c0a1cf2342089407175b8e29b2e4a1520e31bf3c769
legacy/AsmeVip.NET/Arch/RTF/Full07AA.ftc,53626,710ac176ff9033672dccdd9452e89cc9495fca76ee1cea13e18c0420c0cfb924
legacy/AsmeVip.NET/Arch/RTF/Full081.ftc,47188,627f0d17ba20e1e4ebf559c703b6cca2f97313050a42955c671e652aff9ecf35
legacy/AsmeVip.NET/Arch/RTF/Full082.ftc,37218,1ca70f7358a6951f9c957b9002fcaef71bc0c8e594dc151dadf43a7ca06c1147
legacy/AsmeVip.NET/Arch/RTF/Full08AA.ftc,83964,c20430b227e5f95471c0e08fef75c452120f622bcf82d5d2ffb8843152356cd5
legacy/AsmeVip.NET/Arch/RTF/Full09AA.ftc,63089,f9226b5232b01ee2a475b9490c7e1c4050368f3c734d4ceef46f988ed6f6f14b
legacy/AsmeVip.NET/Arch/RTF/Full09AA02.ftc,63089,f4a734636f89bb6a581c98afc45c1e53d783bee74faacb3a52e2b0598400eb98
legacy/AsmeVip.NET/Arch/RTF/Full09AA2.ftc,63087,e34a86d74aeb02dae282a81d44dd14013def78abd1c8647fc41840454f533eca
legacy/AsmeVip.NET/Arch/RTF/Full10AA.ftc,60425,a5bbef73762a143aaed99a6bf490162105fb14bb70e976f58357b0015f5c317f
legacy/AsmeVip.NET/Arch/RTF/Full10AA02.ftc,60425,3a4c61f409c5a57727bb0679e70fe65df4a802083ae39eba1f032f0aea0dae75
legacy/AsmeVip.NET/Arch/RTF/Full10AA2.ftc,60425,a5bbef73762a143aaed99a6bf490162105fb14bb70e976f58357b0015f5c317f
legacy/AsmeVip.NET/Arch/RTF/Full11AA.ftc,2433,0a52d878ea8340ac552af900673826af103121df8541a056da3a12f0a0649d68
legacy/AsmeVip.NET/Arch/RTF/Full11AA1.ftc,70913,cb058de19beadf7b6db12b163d8639552f3a1ec4e91583fc9b984fca23f4b060
legacy/AsmeVip.NET/Arch/RTF/Full11AA12.ftc,70915,623ad3a5208768780d92191eaa96aa4658b0db936db3096f30baeb93d5cd7bf5
legacy/AsmeVip.NET/Arch/RTF/Full11AA2.ftc,2435,315dfd2d1cbe23829299dbc6d51d278d7433ff3ff2bc459df057d038aa364d7a
legacy/AsmeVip.NET/Arch/RTF/PDIF01.FTC,4268,fafe7ce8d0002ffc87491cc98bb9671bc1a37ca1fbb9537686c0d45cb7b05c03
legacy/AsmeVip.NET/Arch/RTF/PDIF022.FTC,56482,fc602926a64b23a3085318b0fc0df940154218a6859f8cf894e42f592539100a
legacy/AsmeVip.NET/Arch/RTF/PDIF022A.FTC,62087,6afd70b548b0742659844dafdbe9b032b1bb9917ec57c32497da9897fdb3d36f
legacy/AsmeVip.NET/Arch/RTF/PDIF03.FTC,150156,edcafb4332f382c92821612cfaf5db4da1905d73e24f646c66458b286c46fdbe
legacy/AsmeVip.NET/Arch/RTF/PDIF062.FTC,65379,cb9cc11c912e6861d19638f183406c972335faa0b5a8eea8c185ba9ca9f69bd7
legacy/AsmeVip.NET/Arch/RTF/PDIF072.FTC,37236,71e5e02543ce364de7ae1d6ee71af7f65e91bb3d1f15a3dc0f4cd39001c9ccb6
legacy/AsmeVip.NET/Arch/RTF/PTFF02.FTC,18176,bb6dca95a171840076f1aa8831405ea129a6a12dfaf7320ff66953958d456085
legacy/AsmeVip.NET/Arch/RTF/PTFF03.FTC,17474,80fc6b9f2ff984d7653ebdb1c48a20b978ec4377925a6f180254364dc9018dd8
legacy/AsmeVip.NET/Arch/RTF/PTFF04.FTC,17697,e13ea32c86071e18d60055ccbfcaf5f056124c309a8575edd6dcb00703c7683f
legacy/AsmeVip.NET/Arch/RTF/PTFF22.FTC,22685,f98229f28f125bdfb4f4a5f1096ac2f30f0ed8e689a35a31e9bfefc1dffc0ccd
legacy/AsmeVip.NET/Arch/RTF/PTFFej.FTC,16207,d11b5e5b9107135a3825681055e0c3d7bc113eafe7e038e45d730fed81c2af1b
legacy/AsmeVip.NET/Arch/RTF/PTFFek.FTC,16373,c29c27d501becdde7ddfee4ee9703ae907637622527b83dc7d64f8e9b188fd31
legacy/AsmeVip.NET/Arch/RTF/Pdif01a.ftc,4365,086a624b22247a34d1f5516971acef33671508e3d65473c969ffa8e429fc7e55
legacy/AsmeVip.NET/Arch/RTF/Pdif01b.ftc,4821,50986da23abf36501315c1021958a4c53e50135b83c5974d1e8ca8e55c04dfbf
legacy/AsmeVip.NET/Arch/RTF/Ptff01.ftc,1484,f8aab5a22d518d88fc21156449c61e35b924fba77d6f7ce3cc99cabe9101df4c
legacy/AsmeVip.NET/Arch/RTF/Ptff01UHX.ftc,1460,00054dbfac90923cf8092e5ec7a7148705d275d33ec6e7086f7dc98a2258ea96
legacy/AsmeVip.NET/Arch/RTF/Ptff01UHXFX.ftc,1456,8bd66b21d187533b19f4a67fccbe7acf51d2ec32797bcf92e21ffe20dc0f3d10
legacy/AsmeVip.NET/Arch/RTF/Ptff01aa.ftc,1492,4d6d38b71588c15badc4a7232938220c3aae42d46c4d0254d8b07a4ed8c71a84
legacy/AsmeVip.NET/Arch/RTF/Ptff02aa1.ftc,19718,c94b4a988d6f6c1f2f77c3ea393000636c66d1e4f9c9459dd21f78883aabcb31
legacy/AsmeVip.NET/Arch/RTF/Ptff02aa1d.ftc,21939,7d9e9acd911661d25e86866c9d6691ad8b651951397ee72acac31f3b2be15774
legacy/AsmeVip.NET/Arch/RTF/Ptff02aa2.ftc,16481,b546c0489957ae4348e6e105b7c59e6fa6e76587e2c5809d89a1adf19a5f5039
legacy/AsmeVip.NET/Arch/RTF/Ptff02aa2d.ftc,18702,c30d0bbdbf1b2c3bb5edb9818840ff427815d5b4de10e392a1d7d1f386675b7d
legacy/AsmeVip.NET/Arch/RTF/Ptff02aa3.ftc,13246,98b9402a11181a1bf27ed3d36b0da761a99fffe06793454d47f44606d0cee778
legacy/AsmeVip.NET/Arch/RTF/Ptff02aa3d.ftc,15467,44ed5c3a0cee4a36b0f7b37234af924a3df3637928781f9785b739df1997eb9f
legacy/AsmeVip.NET/Arch/RTF/Ptff02aa4.ftc,16483,0e9121314a1da5c307ead545b8fac896e09e0b32ad8d67888410aec95f735a81
legacy/AsmeVip.NET/Arch/RTF/Ptff02aa4d.ftc,18704,d42d9b8c3f561a2958f2a5e10c58746e79331f80deb58375cc58a12cec88fcc4
legacy/AsmeVip.NET/Arch/RTF/Ptff03A02.ftc,18833,0781310060725eefad34b5a1bab2ba6b525cca523c95ec259e4cc6aafb09af6e
legacy/AsmeVip.NET/Arch/RTF/Ptff03AA.ftc,16142,7ea0999aa9e32fa9f2778a26a3f7c67599bcd4228ebb367db173310cb2b5b439
legacy/AsmeVip.NET/Arch/RTF/Ptff03AAf.ftc,15560,944a0727a06d629cae9aaa64dc91d9088b471d88a21a35995970935f5f463b7d
legacy/AsmeVip.NET/Arch/RTF/Ptff04A02.ftc,19065,2ac41a5112134f31e7d7a6b4fc9f1f5f30c6210eb8afb5ac52ab39b37370b034
legacy/AsmeVip.NET/Arch/RTF/Ptff04AA.ftc,16374,0bdfae203733709305185ed2b5f0b2ce0dbe572cb5888756686705af14ee5740
legacy/AsmeVip.NET/Arch/RTF/Ptff04AAf.ftc,15567,c233ad0c2fdc2926f4c63018eed562d23b52441a3e622ca703bfc1bb587c05cc
legacy/AsmeVip.NET/Arch/RTF/Ptff05.ftc,20823,8077e896f917f13ffa5d5810d03f34a348eea793d6f44c52645f86afcca9ccad
legacy/AsmeVip.NET/Arch/RTF/Ptff06.ftc,20801,42139fbbcb50aeee8541bcaaa9d9a2f17f705284156c66b12af6c3457b1c3d9f
legacy/AsmeVip.NET/Arch/RTF/SINTSTA.FTC,3182,aca917dcb8038a1a5dbad1e211cf4beef9cf3c63e52c8de7f44a84006516f99d
legacy/AsmeVip.NET/Arch/RTF/SPD11.FTC,3194,8d0c4b465e206a6aae99cc091c83bb51d9b7f104b6b0401c7e9c612d99974485
legacy/AsmeVip.NET/Arch/RTF/SPD12.FTC,3159,bb8d1fe9b722314c49e633c0e01de6fd779cfbe102788309ec2cc0ad360a4354
legacy/AsmeVip.NET/Arch/RTF/SPD13.FTC,3108,15dae1edce4954cce7d84511f8fb4e0be0fa5cdda9be937cffd2d6dbd149466d
legacy/AsmeVip.NET/Arch/RTF/SPD14.FTC,3108,15dae1edce4954cce7d84511f8fb4e0be0fa5cdda9be937cffd2d6dbd149466d
legacy/AsmeVip.NET/Arch/RTF/SPD21.FTC,3245,0d73d0aeaec4f09cbc95f0d3266e5508b10964007d8c0f248b521d87911fbb00
legacy/AsmeVip.NET/Arch/RTF/SPD22.FTC,3245,fe530ea5ba264f8d077333ae051ea0ed45a40d242ef48924656dac1066dd7b43
legacy/AsmeVip.NET/Arch/RTF/SPD31.FTC,3108,15dae1edce4954cce7d84511f8fb4e0be0fa5cdda9be937cffd2d6dbd149466d
legacy/AsmeVip.NET/Arch/RTF/SPD41.FTC,3108,15dae1edce4954cce7d84511f8fb4e0be0fa5cdda9be937cffd2d6dbd149466d
legacy/AsmeVip.NET/Arch/RTF/STAA015302.txt,11002,db50a5a8199b936da47f071eb25d3ea0ddb393956f136a01fc2694a67e503391
legacy/AsmeVip.NET/Arch/RTF/STAINP.FTC,3234,282f62de65a3d8668572c5cbe0599f9c4d1f7730e6844c035c695ea4b3dae037
legacy/AsmeVip.NET/Arch/RTF/STAINP2.FTC,1098,4f906999c2b69d01caef1fa5c0faed5eab613dad5801fd4b32340630bb2a5e06
legacy/AsmeVip.NET/Arch/RTF/STAINP2S.FTC,992,4d6753a1d80293e37ffbc0daddac6d1062ce9ce7b0689921ca12c79749f15620
legacy/AsmeVip.NET/Arch/RTF/STAINP3.FTC,816,633d29f544a68d7db779793ef98a1a8891d88af121e2f596c5087266302476ef
legacy/AsmeVip.NET/Arch/RTF/STAINP3E.FTC,468,d2971d50f2fc453e758f28ccd15125788cad93677abc6a6c5fa0d6ae9ede3fe8
legacy/AsmeVip.NET/Arch/RTF/STAINPD.FTC,3288,cda839b459f84347c29d75062d5045a266745ec89e1842f9a498411ee0a72c01
legacy/AsmeVip.NET/Arch/RTF/STAINPDI.FTC,2256,5754453f69e00a9b94f99d1495ee5921929fca14789923c7f0578861cdfaccda
legacy/AsmeVip.NET/Arch/RTF/STAINPEJ.FTC,1622,5f12ca8c989ea7dbb8dedd0d62fede987a8e7ee5a4f00f5cacdbb6e4ea697d7b
legacy/AsmeVip.NET/Arch/RTF/STAINPFPB.ftc,56489,4ee8af8c637faf441d2c9e0f382650d0c9b97ae644dda965141b65c0a32a620b
legacy/AsmeVip.NET/Arch/RTF/STAINPFPB.rtf,65471,7f10233577e380f3385ee44ee37378e3d39c346d05af2984d22f34385915eda0
legacy/AsmeVip.NET/Arch/RTF/STAINPS.FTC,2886,261ff9dfee0f5b0d1817b30fad0062b3fe4fdec85e3ff3601d6178daccea4a52
legacy/AsmeVip.NET/Arch/RTF/STAINPSAA1.FTC,3511,1a953e01d05c8d5373ce65f25a9ae70c4e3c15492b4d59be67cbea4f5faac7c5
legacy/AsmeVip.NET/Arch/RTF/STAINPSAA2.FTC,3290,cab745907ebfd0e0d6e52d3c916a3ba3a65dd45b2e0f727256bd03479e5499a2
legacy/AsmeVip.NET/Arch/RTF/STAM02.EXT,6536,8da7ac76ce57f6aa448c36e14c22e405fda9aa061e70f8b780d75f1f46bae5a5
legacy/AsmeVip.NET/Arch/RTF/STAM03.EXT,5405,214fc6c1fc7ed43a57603ed4e85dd304da9be4ef28ae4d71c42071833013138f
legacy/AsmeVip.NET/Arch/RTF/STAMAA13.txt,51300,53503c90fb58b24b4db7f5a793fbe7e0a73897d4a780ce46cc90e07ba0bbfa74
legacy/AsmeVip.NET/Arch/RTF/STAMAA1302.txt,62107,6eba5f0820d5c6ad7c263145a3b3ca0687597bef8d6179b2e80391c33de88e07
legacy/AsmeVip.NET/Arch/RTF/STAMAA1402.txt,561,9710b01513f20130d8ec14ad77a7987489d6937f53ffe8e3b770e7c2f75af9a0
legacy/AsmeVip.NET/Arch/RTF/STAMAA1510c.TXT,11036,ff7397d2f311f0d212b8b20957b519b6660fb81f84521e81585a2fa92a0db803
legacy/AsmeVip.NET/Arch/RTF/STAMAA1510s.TXT,10935,535de51e33bfec6ccc3c27ce7872fd24346f3f153578711b6acf7ba2f8210122
legacy/AsmeVip.NET/Arch/RTF/STAMAA15302.txt,61499,02ff01f4c8e9d2302c5029bf4d03bb9c8a3b88739d783739b828e7990de39800
legacy/AsmeVip.NET/Arch/RTF/STAMAA154c.txt,53761,0ed7ccea98d8014ccdf4a0292f343dcd52bb07830ac3c9e7e8ade2e2caf4a4ff
legacy/AsmeVip.NET/Arch/RTF/STAMAA154c1.TXT,60484,723110a9d84fbcb956b43b622ef75932b2d50e6726eb347691e290c0a02d40dd
legacy/AsmeVip.NET/Arch/RTF/STAMAA154s.txt,53736,5eaed4de76d84c7a8d6161631286fbb214b6b6085c931be5d18e351135242bb5
legacy/AsmeVip.NET/Arch/RTF/STAMAA154s1.TXT,60513,3cba10bbc2082ea601d3802e61717e80598753fb073a01c4228c6210f66e4b7c
legacy/AsmeVip.NET/Arch/RTF/STAMAA155a.txt,61270,19b89ad78c0fb534d715b46f8abb8ad50838600bcd604b5a2502d06be793932b
legacy/AsmeVip.NET/Arch/RTF/STAMAA155a1.txt,62022,83986c660251c9aca82431debe5352e0fd53420a00da69b182675c1ee699342a
legacy/AsmeVip.NET/Arch/RTF/STAMAA155b.txt,62399,0b4526dfe45fe444c97c1bc66d211aa4f806a967642acbca79812a9903168116
legacy/AsmeVip.NET/Arch/RTF/STAMAA155b1.txt,63200,7c5ab23124d2f77b336f2ba1317e1b444d1a71f42a8372bc70c1e5f4f0867cb6
legacy/AsmeVip.NET/Arch/RTF/STAMAA155c.txt,62831,78a8c88a4f94317b785a376de94946e47d1ce6f7635ceb0ebde32dd365f353a7
legacy/AsmeVip.NET/Arch/RTF/STAMAA155c1.txt,63698,576ca318f8c8f2cb983391acb6ad2f82f21d747be448649f6c8ee77bf9b226cd
legacy/AsmeVip.NET/Arch/RTF/STAMAA155d.txt,62447,15a5e96385be9dc4945d6399e82e92cf348ff88ffe560818ca86373bd3855b23
legacy/AsmeVip.NET/Arch/RTF/STAMAA155d1.txt,63195,b8a8310be67d152d81811f564d5afb67b67c2887526f62e9702d73e1254c3d48
legacy/AsmeVip.NET/Arch/RTF/STAMAA155e.txt,62529,aec009d249d25806fa1451c69f555c3b1138616e000f3cd4e8459fe8b1809b6e
legacy/AsmeVip.NET/Arch/RTF/STAMAA155e1.txt,63401,ef22cb1b59af9862055b55c92e4cf8b3185028454366b3ad00e5e65153829a1c
legacy/AsmeVip.NET/Arch/RTF/STAMAA155f.txt,62559,92d5aa0edd87f2a31bad44f7d72b785cb0e46f36626b161e85d8afe52eb8a238
legacy/AsmeVip.NET/Arch/RTF/STAMAA155f1.txt,62559,92d5aa0edd87f2a31bad44f7d72b785cb0e46f36626b161e85d8afe52eb8a238
legacy/AsmeVip.NET/Arch/RTF/STAMAA159c.TXT,36815,76b792f7be8654660e9f3254c55af5e2427e86a55f1f542635045c9e262245dd
legacy/AsmeVip.NET/Arch/RTF/STAMAA159c1.TXT,37611,c8813f90e63945c9b50231013d6d819e2b3dc5af13b5e6ec519c6e799270c659
legacy/AsmeVip.NET/Arch/RTF/STAMAA159s.txt,36818,4cd3bdda81e1b7b87c0c8e4deffeb25ad04bbb0708e14a717b55106c49ad8131
legacy/AsmeVip.NET/Arch/RTF/STAMAA159s1.txt,40726,7ff3c4e2bbd5bd5f2be4ba5c1606bfd24e7e0b770617edd5f45baabf8c1f85f5
legacy/AsmeVip.NET/Arch/RTF/STAMAA162.txt,781,54f83c1c9d4809a9530df3b5dd72feb55404ec447c31ae626e61afd50829255b
legacy/AsmeVip.NET/Arch/RTF/STAMAA163.txt,109688,9516f562305fbcd9f192f524cf95cdae571fe16b4bc5fe31162b20d731023263
legacy/AsmeVip.NET/Arch/RTF/STAMAA359c.TXT,70085,f07ed446677fb67657ae4ad34b7dfe656d01cf29681c5e29f3a930a9f19856a7
legacy/AsmeVip.NET/Arch/RTF/STAMAA359c2.TXT,72604,e6e3a1150ce231465eaaf1d36fc31e579ba702057bccf7d34229357ef0db715a
legacy/AsmeVip.NET/Arch/RTF/STAMAA359c3.TXT,78535,a49e557234a3062ab0059bef8d0c0cf873fbb901d9aa1e61ddb54f45350df204
legacy/AsmeVip.NET/Arch/RTF/STAMAA359s.txt,75876,1c605068322229ec74faa8843c653245e017a19cb4027248f5fd1d027a16891a
legacy/AsmeVip.NET/Arch/RTF/STAMAA359s2.txt,78404,1f69a1d794a21ec5fd62e4869df0d013a188d8d4835fb22ece9a0c38c6ec970d
legacy/AsmeVip.NET/Arch/RTF/STAMAA359s3.txt,85121,53e222e06e883a31bdb76b15cfb6b161ce3772c4bb0bd192cd6c7964e1d70be7
legacy/AsmeVip.NET/Arch/RTF/STAMAW.FTC,1583,02cea138ea97a38aac26f73e692ae540a42b3501d5b84a2df5faf1641df2cacc
legacy/AsmeVip.NET/Arch/RTF/STAMUHX115.txt,51350,b1cb8765ef6a95c3da5693415cede82729c06b6a0a233f3e9180cb12c9471ce4
legacy/AsmeVip.NET/Arch/RTF/STAMUHX124.txt,569,a836d9c8f35d4e992f22d45dc77742e767ce86833c3947c9a6b6cd4dcafe4ddd
legacy/AsmeVip.NET/Arch/RTF/STAMUHX1259.TXT,11943,9d8da4c13ccc6db27b7256561d461a9d07760d4f756df678c11b5586b1544dc9
legacy/AsmeVip.NET/Arch/RTF/Stainpu.ftc,3391,5b239acc31d3e4449bad83eeea82ff24fccd79543031d24f29faa430a122ddac
legacy/AsmeVip.NET/Arch/RTF/Stainpubl.ftc,3044,2919ff170eb2353b92665f01cbdd7380019d7377b3f1988290aa055606017227
legacy/AsmeVip.NET/Arch/RTF/Stam01.ext,7562,ca243f9a73a06dd44f4eec513be8f73a871f8fbaa510f0fb81ae91b01b86292e
legacy/AsmeVip.NET/Arch/RTF/Stam07AA.ext,7651,9cec36b08fb2f064145589f60138b7f5aecaefdb726bf2c412df48f9327f03f9
legacy/AsmeVip.NET/Arch/RTF/Stam08.ext,806,e9772c467312d5d19cc01dcfc742c2bec1d7467568c8d8ce75e4968cd9d6975b
legacy/AsmeVip.NET/Arch/RTF/StamAA351.TXT,99414,a274a18410fb9f7c64690988b453b4e20e4fd737409a001623d411dc9e37e741
legacy/AsmeVip.NET/Arch/RTF/StamAA351AA.TXT,67809,9669691cc56cf8a6f3c7c8b0a710fc44d2553eeb44a5c3b0b4a15802f3c6776a
legacy/AsmeVip.NET/Arch/RTF/StamAA351AA3.TXT,90295,ca8239c9c1eba5232b93adb048571072c74b411bdb3433522a75bc6fe8a5698f
legacy/AsmeVip.NET/Arch/RTF/StamAA351BB.TXT,785,087559013ba957414fa91c8d7ba79315c670e5639d23f2e4d770d99183aef338
legacy/AsmeVip.NET/Arch/RTF/StamAA351CC.TXT,772,3e2762c3ff42151d263c8ff7135b86159754ffe5f4d01fb70ab47e572c9fff53
legacy/AsmeVip.NET/Arch/RTF/StamAA351DD.TXT,1542,d5e5ed2abe9e568ae08e90aed7eb45f91d492d480876563722965b0acb2385b1
legacy/AsmeVip.NET/Arch/RTF/StamAA351DD3.TXT,2008,27861a6018945c24d3dd925e1cd2624de145245dd41748a86c21ff73d778760c
legacy/AsmeVip.NET/Arch/RTF/StamAA351a.TXT,132718,457b82e6a7e7bf3c2272db661f0ac8852fc007b09ef184111f356e80d07bf2e1
legacy/AsmeVip.NET/Arch/RTF/StamAA351a3.TXT,176649,0ba9117083f719833825a6e32f7e84c82f1b6834e4e1c93f6314fe3ea75898a0
legacy/AsmeVip.NET/Arch/RTF/StamAA351b.TXT,67801,3d6feacc8ee54f0136bb3e8b67df909d1392049a6f6a319d12af367e834f2f52
legacy/AsmeVip.NET/Arch/RTF/StamAA351b3.TXT,90094,5aae97be77271a92d11a6c8d2a4bc689a977926d980ffff9f9a591ba07cd298d
legacy/AsmeVip.NET/Arch/RTF/StamAA351c.TXT,24317,109969efe78e7825b03f693d7c7858571b037f1f2bc9f72e762df27124ce4609
legacy/AsmeVip.NET/Arch/RTF/StamAA351d.TXT,772,3e2762c3ff42151d263c8ff7135b86159754ffe5f4d01fb70ab47e572c9fff53
legacy/AsmeVip.NET/Arch/RTF/StamAA351e.TXT,24325,3a3e2531598109447a217fe39f7348fb9ae40f57a6a0baa55bccd95c63bbfa57
legacy/AsmeVip.NET/Arch/RTF/StamAA351f.TXT,24325,c36dbec04faf07dafb769ca7dcc6ae8e063a82faaaf44e72cdbd3f6c281b55c2
legacy/AsmeVip.NET/Arch/RTF/StamAA353.TXT,55400,0c50bddd1dd136ed88b464e9d544e326b043aa2c40ff6355869a134777434fa7
legacy/AsmeVip.NET/Arch/RTF/StamAA355a.TXT,20101,9f98176c228ee0b26257624075219a9f9bcdd3462d3fd596bb55235a8f45fc0e
legacy/AsmeVip.NET/Arch/RTF/StamAA355b.TXT,20558,17dc41676528da12dd0932ca2df6dc0a22df0da129185208cafc78df1bfcc408
legacy/AsmeVip.NET/Arch/RTF/StamAA355c.TXT,21071,93e2c4c9692d8bb7b38715babdf99951993684b8a5b3b164107d3c8cc0fdcf99
legacy/AsmeVip.NET/Arch/RTF/StamAA356AA.txt,626,03fac86a983c89cb931b51d666e8757b8630f772c099a28f1ebe0f7f656dad81
legacy/AsmeVip.NET/Arch/RTF/StamAA356BB.TXT,9992,ea5278c6b7fbd7e8ad8a2c928d495a2062a895492d4b569b7ab73c6f1f709e94
legacy/AsmeVip.NET/Arch/RTF/StamAA356CC.TXT,10029,6e9bdceda6d551c4c3fe3a1a78a6b1a7062c32c816caee7f65a221a6b083f7b7
legacy/AsmeVip.NET/Arch/RTF/StamAA356DD.TXT,619,3773409e96fc418d284eaea8e85ede7ad330f7828e19525d0cb4e989716f8711
legacy/AsmeVip.NET/Arch/RTF/StamAA356Tc.TXT,178057,88d8bc8262058b53d700867589e10c32dfef1e23dc4f21149bf32ec1e6874951
legacy/AsmeVip.NET/Arch/RTF/StamAA356Tc3.TXT,196221,429a2bd8020e691c8677a48319ac65fee4de26dd31c6a4f6cd6351f8da408f2a
legacy/AsmeVip.NET/Arch/RTF/StamAA356Tr1.TXT,30700,d9fb7c90aeda98076c119988bb44a2c96e8989a0296e29fd038611cf14f0a112
legacy/AsmeVip.NET/Arch/RTF/StamAA356Tr2.TXT,20477,0fbc01e9896f66ff3662f79812c2844e1300a8f2c8cb6264a1a956e5d712a385
legacy/AsmeVip.NET/Arch/RTF/StamAA356Tr3.TXT,20524,c6e50500b1b8709beaf3b3e02b1c1e23965931c3acb3e2ae5aa0148d621b3429
legacy/AsmeVip.NET/Arch/RTF/StamAA356a.TXT,623,ebf8bce1224d76daacc9bdca0654ea03f265bab5d7a4f278b425971bea887a78
legacy/AsmeVip.NET/Arch/RTF/StamAA356b.TXT,9990,01a9eb4d4f4b51e7a57bde7ad249418936852aa6751e62ed238ab876114e4c89
legacy/AsmeVip.NET/Arch/RTF/StamAA356c.TXT,10029,9f39ab4edbb4c80d48c0fd276e40eaf3b5cd0d8f202473e39c43db82cc4dc7e4
legacy/AsmeVip.NET/Arch/RTF/StamAA356d.TXT,9469,0305e0d7dd1b56d5a219752c745b05433609ab8a368317979a61108b9f761e33
legacy/AsmeVip.NET/Arch/RTF/StamAA356e.TXT,9982,2d0292b63c9babcae1045994774f5a27df9fd048f96a0a0e81f4d1b669c8d330
legacy/AsmeVip.NET/Arch/RTF/StamAA356f.TXT,9981,fdbf51900b4222463d97821e8aca46aa5d97ba80681f998793fda1ee2e86e445
legacy/AsmeVip.NET/Arch/RTF/StamAA356tau.TXT,25950,f4ac710a4c30ae179b6fd8761722390e9311676ecd6790dd254bcd54f78a5acc
legacy/AsmeVip.NET/Arch/RTF/StamAA357.TXT,98737,522f6c230d644c833e25a51e012ba41af7f8b5bb8e1d83b90c7d7706c0e22d80
legacy/AsmeVip.NET/Arch/RTF/StamPlas.sav.txt,100204,e9ef0c5222fd05965d63847ef4986932085412db19b609a835c2a65c7df67c64
legacy/AsmeVip.NET/Arch/RTF/StamPlas.txt,97437,1a4eb1cbc2df7c6970a0025ebe88ae733e35ebbe636558f75ebfd6d8d8c86ccf
legacy/AsmeVip.NET/Arch/RTF/StamUHX1151a.txt,54770,415f9b567acb202374402ff12136fcaeae02f181a6e20cd114f9f54dc8f8c57f
legacy/AsmeVip.NET/Arch/RTF/StamUHX1151b.txt,44221,490de3ff85f7aa11b135bb743c9d0dcc301d32f37820cde7a4b2e8a62ec72d0c
legacy/AsmeVip.NET/Arch/RTF/Stamaa158.txt,10620,6b9c3e7bf5bbfac39bc40f8bc2ebe14eec510c35e3c9ade12a135b5d8a94881b
legacy/AsmeVip.NET/Arch/RTF/Step10.TXT,55455,3f96ea2fea9dcdd8f1efc6913547780c565b89d767f37cd5929eff1f6e130160
legacy/AsmeVip.NET/Arch/RTF/Step12.TXT,19539,199c7fde7fbd476a1d0d4a8c144fcad15853ca5113a33623e02a2315ded1e4e6
legacy/AsmeVip.NET/Arch/RTF/Step12no.TXT,858,4ba1ae3a198f77ae3c7529b5d2db8abc3b0b43ccb9fa495ca54159ed93932377
legacy/AsmeVip.NET/Arch/RTF/Step13.TXT,35673,65dc3e9cb778dacfbbf32fccc4767d5b6dcd6f3d6d42f9067ab38efd4aafe89d
legacy/AsmeVip.NET/Arch/RTF/Step13a.TXT,35670,cd345d0f025bfff44068515cbbe7ac113e3681c87d5ccd9fca518af052fb86b9
legacy/AsmeVip.NET/Arch/RTF/Step13b.TXT,35670,65d0912209580475b04d2e45eb7f20c5ea0348198be1c96ef4b1fb37bff1b21d
legacy/AsmeVip.NET/Arch/RTF/dila01.ftc,46453,808dad38430f0568c764092b924c6248e0bfa6c21c7ae2e8f43def267436b28e
legacy/AsmeVip.NET/Arch/RTF/fig01.ext,13780,b57d59b3ff1e07b01ee44c91efeaaa286117f1a1845adfe8f2baafc879fe5f71
legacy/AsmeVip.NET/Arch/RTF/fig10.rtf,10477,cffd6a5cd6f1d702950092e10b967a693bfe3f62bb100422a17ef03735b845a0
legacy/AsmeVip.NET/Arch/RTF/fig7.rtf,11039,9c58c3a9d0b6bf326ee65fc8d8e6bb87e893b56aa3082153d270bfa87ee1ba49
legacy/AsmeVip.NET/Arch/RTF/fig8.rtf,13029,2540faabc250b5097c0b21165a0bbb14edcd0154c9062d818b44b312cf32fe76
legacy/AsmeVip.NET/Arch/RTF/fig9.rtf,11226,7ba2a448eb50b549794663b190b5fb718e15f2fb443234cdf60eb1b4c8c91c04
legacy/AsmeVip.NET/Arch/RTF/full06AA2.ftc,107988,8f1a7504147ba21b2c45a1100e7eb709fd443b2ef62a26ee17c36eb41ef8272a
legacy/AsmeVip.NET/Arch/RTF/full06AA3.ftc,112262,d325e728656e646cec14b935c9216b936e4a42c15f4252ab6d8b458558f0b9bc
legacy/AsmeVip.NET/Arch/RTF/full06aa.ftc,84763,ad5715205fb1630f426ddc762875be40cf4b41824e1cc4b92365b49f7346ad5d
legacy/AsmeVip.NET/Arch/RTF/full07AA2.ftc,112100,2c6b6c7e33837505f7eb33d1b7dca3ba4828ddd6a8143014e02c2b8cdcfe9fb0
legacy/AsmeVip.NET/Arch/RTF/full07AA3.ftc,112100,2c6b6c7e33837505f7eb33d1b7dca3ba4828ddd6a8143014e02c2b8cdcfe9fb0
legacy/AsmeVip.NET/Arch/RTF/full08AA2.ftc,26637,84ece50623efd974983c65b841659b5cad55113b3446cec3ad530952d61d1ea9
legacy/AsmeVip.NET/Arch/RTF/full08AA3.ftc,26810,3ad3d3aeb565a28c553ae6c75fa2f10bbe5e9a62a6cb38f51e4b55f57366f8e3
legacy/AsmeVip.NET/Arch/RTF/pass.rtf,2982423,228060243bc516207a173be4fc154c6dc41c9ac870e8d5f53768c4a641ba8a86
legacy/AsmeVip.NET/Arch/RTF/pdif04.ftc,25958,5fe76d582f566adcea29b3bdaeb8112210f439b85dfcd4f9897736720c051ead
legacy/AsmeVip.NET/Arch/RTF/pdif053.ftc,14595,64528a3ebe41ed02dd3739fa09681baae4658a927e964c6161ffa7f2cdfe845e
legacy/AsmeVip.NET/Arch/RTF/staext.ftc,17737,fcaff0be7407850254dfca72973467aaae466cf443335d34d1de4d4e390231f0
legacy/AsmeVip.NET/Arch/RTF/stainpf.ftc,4939,3bc8c8e2985bab9aac556c43d1ce6ba003358d8fdd753e070cacef153b394ea7
legacy/AsmeVip.NET/Arch/RTF/stainpfAA2.ftc,2992,41d04d096192cb66c44db1dd117fe3cfc583c879f3af63cb2c306069d1f6e82d
legacy/AsmeVip.NET/Arch/RTF/stainpfp.ftc,4722,66c711be68e40e95cd3e4078d55a3bf3d80942fa7584c1a82dfe746b352d9e12
legacy/AsmeVip.NET/Arch/RTF/stainpfpAA2.ftc,3360,24c7d1035f3de7d923e29319a9d12fdb5d428e6aec1440944b8ad69584ebe359
legacy/AsmeVip.NET/Arch/RTF/stainpft.ftc,5420,b3cc1cf190d194e522a2ed71efb142ccecc6ce41cf601a3aaa58d9171d090116
legacy/AsmeVip.NET/Arch/RTF/stainpftAA2.ftc,4255,3e2077a6d8599fd848e70d4cc33ab23e4d670a07ee341693df5f137d4110d9e1
legacy/AsmeVip.NET/Arch/RTF/stainpfti.ftc,5328,edab7f2a2479addebdde361beef1b18c22c0bac8b396d12c31ff5acb96aff6cb
legacy/AsmeVip.NET/Arch/RTF/stainpftiAA2.ftc,3717,a98527224de8f3a80d94c702db9373b3fdf8bcb14d5b51a87797e7f41564b909
legacy/AsmeVip.NET/Arch/RTF/stainpfw.ftc,5118,080493e87fbc8d03d1c480f79f373f84412364e464c61ce1b595c2cd114ad5b7
legacy/AsmeVip.NET/Arch/RTF/stainpfwAA2.ftc,3172,d462a3a338bf42e4cccc22ce9c83852f1fd130839c5f4e7feacda79e5bce2b78
legacy/AsmeVip.NET/Arch/RTF/stam04.ext,940,290e21f5e5379bd27dbdf8ce67ef05d9aa4c40419fc129356eddf737b30e44b8
legacy/AsmeVip.NET/Arch/RTF/stam04UHX.ext,1038,44fcccf443b837e609db3b53cdb662dbc1c32b6bca0c38aeda3c4738f987d2a2
legacy/AsmeVip.NET/Arch/RTF/stam05.ext,566,e77d6c1b5d1fd9efb4c79671cdc8e33d55c62c69023632a32e9f0a6382794c22
legacy/AsmeVip.NET/Arch/RTF/stam06.ext,863,325a61b5a59d37e33018998a38acb016dd5a1b3b4195387da2ad72d86fece352
legacy/AsmeVip.NET/Arch/RTF/stam0602.txt,1060,82e99dcf256fdbca9ac23e85a07a5a53cdfee1d7b576ca69b994944c9badd9e6
legacy/AsmeVip.NET/Arch/RTF/stam0602Fl.txt,1604,48c0a55976a62618bc02cf5494a8434336778638c5fe865bd46fd15ae68b4c73
legacy/AsmeVip.NET/Arch/RTF/stam0603.txt,1203,e8b6c359a593fe1bd15b35b7ab12c52728d11c386d5b9bc6a946d11b6decf7f2
legacy/AsmeVip.NET/Arch/RTF/stam0603Fl.txt,1642,538eddf48e44c8ec1425891622b5a6eac4e5e5b3ef3b06cfcf8cff71b9c860b1
legacy/AsmeVip.NET/Arch/RTF/stamAA15303.txt,14772,7c0ff6c6777f5e683336360d400ac881d732e5769e5e18890b477829969f860f
legacy/AsmeVip.NET/Arch/S&T.jpg,61148,1bcef42ef730ce50c02f33e938277fc7035894b3735be85d0e770e73f474a875
legacy/AsmeVip.NET/Arch/T151.DAT,92,f929236603e9f7b39571cbe4c3b7499c3a1be1bb30782fc17d802875486f99a6
legacy/AsmeVip.NET/Arch/T152.DAT,83,8534abc9641ef33677f3d7681a0c59efba35860e76d91ee63e44dd9678f094e0
legacy/AsmeVip.NET/Arch/T153.DAT,131,8ac593c2368706fe0b5615b0da0a09130b35b9b7de2e90ac74ca581479cd9a6a
legacy/AsmeVip.NET/Arch/T154.DAT,360,975b83660a84e055f22448acd3eb57757673b097f972e15038504d5105560465
legacy/AsmeVip.NET/Arch/TabDesign.doc,37376,f6ad60eefbb1b7095eb195526864b96cf57b4ff2105d8a688e0acd0a000bb97f
legacy/AsmeVip.NET/Arch/TabMAWP3.doc,29696,d8aa7ac746ddd903df0f897d57d5ee3f56d983b0d5d8796861d350d244607b0f
legacy/AsmeVip.NET/Arch/TabMDMT.doc,28672,ae4087c381757a06a4c08a7469148dcf2d89127ac741371e9d24368de2742cb7
legacy/AsmeVip.NET/Arch/TabMat.doc,29184,00c1aac172be6785867f00dd38ab986f35bd6ea543784f103780f7c6023aecde
legacy/AsmeVip.NET/Arch/TabPI.doc,34816,611b577182e303f258532ce09ab5545c8edbc3783684b04ed075068ed49c8842
legacy/AsmeVip.NET/Arch/TabPIb.doc,37376,7b86280867fc78683fcd27341b99ae17d7639d77cb500b8cd8537e5ae0dee396
legacy/AsmeVip.NET/Arch/TableAA16.dat,919,d7ddc06a473a624f4a6fc88e5bfbfe7129c2cc24a9b0262f518c88fd87ab7134
legacy/AsmeVip.NET/Arch/UCS66.DAT,4258,88cff732c40bf986672eb93d7208b999be091c8f45e7f721dd79274c03474d36
legacy/AsmeVip.NET/Arch/UG331.DAT,122,e4a0eceaaaf6458c4662f2006ea82a61013b12c40a0dc6d8bd823bec233c9612
legacy/AsmeVip.NET/Arch/WN5/A.A14,2036,1b66b9a20df8e6ff7ebaf444e5010144e046b00b98a9579d4dbe57342a21889f
legacy/AsmeVip.NET/Arch/WN5/A.A15,1934,c11058f7870d3379f97f9d7e232ea88b6ee48241e5fd7c07f2e9b4b411b2bc2f
legacy/AsmeVip.NET/Arch/WN5/A.COB,2067,e679f31ff0b4fcadccecd38435a219d58e4a42e1fec081d05d5776c6e397c844
legacy/AsmeVip.NET/Arch/WN5/A.COP,1884,15c49a2a39254ceb4333baf8c62291268f6b994398dd1e87b4332e198959ccc3
legacy/AsmeVip.NET/Arch/WN5/A.LJF,1962,d82f83909fa8e5403a9f65bbccbcc46bc4fc5f99725735d483645bdf85accdbf
legacy/AsmeVip.NET/Arch/WN5/A.rev,1983,be57a76e2d357e317b2686f449014248f83d3d97d88ab30ace98a63a28c7d1b0
legacy/AsmeVip.NET/Arch/WN5/A.wnf,1976,1459dbdad9a1e3b779f2ac11834884b769dd86ee2c7bb347bf319099c6bb445f
legacy/AsmeVip.NET/Arch/WN5/Afh.ljf,1969,a9b81f017eb8433355af0132490e58b24b31b84523afff57d52ed9b379415e29
legacy/AsmeVip.NET/Arch/WN5/Afk.ljf,1960,93d905a6dabd3b7f82b152282627ed6fbaf675f32e2dad394c84d5ac4ac23f3c
legacy/AsmeVip.NET/Arch/WN5/Aop.ljf,1936,8b0c0ad2afa779d619cbbf131b6d2a42029e8ee2531584853beb103c13da4ba8
legacy/AsmeVip.NET/Arch/WN5/Asl.ljf,1910,e1840562bd9390629176f70ba1b101ec5f4bad9caf39acbabe71fca244bea46a
legacy/AsmeVip.NET/Arch/WN5/B.COB,1601,ac4fc23645e60b7b2a11ca867c85d92f47cf9871389af4585c9d8ea6ac6e856c
legacy/AsmeVip.NET/Arch/WN5/B.COP,1741,ae836bb5527eccb13b490e497ee7ddecbaf6979fe0fdb6740bc8cf9bfd3ae6ad
legacy/AsmeVip.NET/Arch/WN5/B.LJF,1819,0e77fad79905cc3eba43444d08fe65450bd13c940c0aeaa316de6305794d272e
legacy/AsmeVip.NET/Arch/WN5/B.REV,1819,62e913fedb6766b8299c9921382d0d72293b8140ef618bfedc13e43cf4daf9ce
legacy/AsmeVip.NET/Arch/WN5/B.WNF,1837,2136e162697c2ccac67886a258f18b1eefb11f266c756f04358aff1caec806e4
legacy/AsmeVip.NET/Arch/WN5/B.a14,1819,bbcf8905248d6758bdce4e0f22eefa3bba6bf246121447bbe19bb528bce5a35b
legacy/AsmeVip.NET/Arch/WN5/B.a15,1819,bbcf8905248d6758bdce4e0f22eefa3bba6bf246121447bbe19bb528bce5a35b
legacy/AsmeVip.NET/Arch/WN5/Bfh.ljf,1819,0e77fad79905cc3eba43444d08fe65450bd13c940c0aeaa316de6305794d272e
legacy/AsmeVip.NET/Arch/WN5/Bfk.ljf,1819,0e77fad79905cc3eba43444d08fe65450bd13c940c0aeaa316de6305794d272e
legacy/AsmeVip.NET/Arch/WN5/Bop.ljf,1819,0e77fad79905cc3eba43444d08fe65450bd13c940c0aeaa316de6305794d272e
legacy/AsmeVip.NET/Arch/WN5/Bsl.ljf,1819,0e77fad79905cc3eba43444d08fe65450bd13c940c0aeaa316de6305794d272e
legacy/AsmeVip.NET/Arch/WN5/C.A14,1846,bca6f427ca34b4a86672ca7c7b4249384806b33555f962ad5f5cbc481ce8ffa6
legacy/AsmeVip.NET/Arch/WN5/C.A15,1837,a326060354b13062001b2258cc78cb4282e35eb3500699afac425d190f4577a8
legacy/AsmeVip.NET/Arch/WN5/C.COB,1614,e2b9e4f276909c9bdec9eb130c7eacb30a2e34165cb8f45fdb2a9864b0be7596
legacy/AsmeVip.NET/Arch/WN5/C.COP,1760,f1102690e445e1910c05da7ce17e177742908799e0c408d1afa95bcd167bd2c9
legacy/AsmeVip.NET/Arch/WN5/C.LJF,1760,1b2ab9c797186e89fb431c8d259b1959fd8bd47ca4c4fc23d2dbc98cb28a971c
legacy/AsmeVip.NET/Arch/WN5/C.REV,1760,9d302af5daa0b641041649b5cdcdb5a9fee1a402b37d02c93e7c6a9f149c32e7
legacy/AsmeVip.NET/Arch/WN5/C.WNF,1760,9d302af5daa0b641041649b5cdcdb5a9fee1a402b37d02c93e7c6a9f149c32e7
legacy/AsmeVip.NET/Arch/WN5/Cfh.ljf,1760,1b2ab9c797186e89fb431c8d259b1959fd8bd47ca4c4fc23d2dbc98cb28a971c
legacy/AsmeVip.NET/Arch/WN5/Cfk.ljf,1760,1b2ab9c797186e89fb431c8d259b1959fd8bd47ca4c4fc23d2dbc98cb28a971c
legacy/AsmeVip.NET/Arch/WN5/Cop.ljf,1760,1b2ab9c797186e89fb431c8d259b1959fd8bd47ca4c4fc23d2dbc98cb28a971c
legacy/AsmeVip.NET/Arch/WN5/Csl.ljf,1760,1b2ab9c797186e89fb431c8d259b1959fd8bd47ca4c4fc23d2dbc98cb28a971c
legacy/AsmeVip.NET/Arch/WN5/D.A14,1792,18ee0086b90e4c7d0b48302deb6ad7aebdaf4e2bd372db2c6e0183276eca7de4
legacy/AsmeVip.NET/Arch/WN5/D.A15,1792,7fcac69784ee8c382456737ce9f7954ff270e89a021ff8c10bebf4975f3c1533
legacy/AsmeVip.NET/Arch/WN5/D.COB,1759,373c279fe6011f5f020cdf4ec225fd66ed4d371441a0944027708800fddd776a
legacy/AsmeVip.NET/Arch/WN5/D.COP,1507,7a6bf5647d868e94b17a29886231b6f709725ff0c2ccd955868249a5a46e94f7
legacy/AsmeVip.NET/Arch/WN5/D.LJF,1507,f7c5a5e6bf2dcbf35ab4e619ae06e642c2ec44e44263c1251e86f2c7514e50cd
legacy/AsmeVip.NET/Arch/WN5/D.REV,1507,bad466b0fcb38feaf3752a10f7c0d2cb2b0d2a5e3094d8422610dea9ad4f6c7c
legacy/AsmeVip.NET/Arch/WN5/D.WNF,1507,2c94871e2dd145908445625c0e5d0443c44307bf52cf6e2e12ff67d6e0ab172a
legacy/AsmeVip.NET/Arch/WN5/Dfh.ljf,1507,f7c5a5e6bf2dcbf35ab4e619ae06e642c2ec44e44263c1251e86f2c7514e50cd
legacy/AsmeVip.NET/Arch/WN5/Dfk.ljf,1507,f7c5a5e6bf2dcbf35ab4e619ae06e642c2ec44e44263c1251e86f2c7514e50cd
legacy/AsmeVip.NET/Arch/WN5/Dop.ljf,1507,f7c5a5e6bf2dcbf35ab4e619ae06e642c2ec44e44263c1251e86f2c7514e50cd
legacy/AsmeVip.NET/Arch/WN5/Dsl.ljf,1507,f7c5a5e6bf2dcbf35ab4e619ae06e642c2ec44e44263c1251e86f2c7514e50cd
legacy/AsmeVip.NET/Arch/WN5/E.A14,1741,4c44379174da5cfd520fb5379562e2d9e426245ad88d24a176600d764490d66b
legacy/AsmeVip.NET/Arch/WN5/E.A15,1663,89836c199577567cc4eedca065b51c00c182411bda0549a885a5ee5280609c88
legacy/AsmeVip.NET/Arch/WN5/E.COP,2079,3fd9e7b37fd4ecf18e9f1457241d58670e1acb0bbb95eb8690bdfd0403d614e9
legacy/AsmeVip.NET/Arch/WN5/E.LJF,1910,d96fad7145a2d54b8b9adf3e92e268051e92ed1ca45c1be5191252c381b0cd71
legacy/AsmeVip.NET/Arch/WN5/E.REV,1819,3f990e8801d2cd9a9a94e7eac42494ee435bd365ea2777051783c9187fa04c1c
legacy/AsmeVip.NET/Arch/WN5/E.WNF,1910,cbaa1557798266a7c6b7fb2d73a6f31507c899fe1d82e8b1d55ac31e0233b1d9
legacy/AsmeVip.NET/Arch/WN5/E2input_b.ftc,2149,ce954c4210ded8f16ebb86e8bf70724da10a7903d1f59e7c98cf5590929d1227
legacy/AsmeVip.NET/Arch/WN5/EINPUT_2.FTC,2056,b2ca1503ce7ab74294b3b78050e5e5744e0e17e7353c6717accd708cb7e4e0d4
legacy/AsmeVip.NET/Arch/WN5/EINPUT_3.FTC,2069,8581fd2e9f03a7c45a8f79e1803ffc3d5a1f7eb9dd8b9bc9e5e60f6a84292cb8
legacy/AsmeVip.NET/Arch/WN5/EINPUT_4.FTC,2027,6f5c58c5599e84c2b39e7c03f830f19c55135547ceb046784bab737d6d86956d
legacy/AsmeVip.NET/Arch/WN5/EINPUT_5.FTC,1957,7532ab3cf4ca6972f08161a6c8d6788c3e82e5d682308a5f4f37214576be3f41
legacy/AsmeVip.NET/Arch/WN5/EINPUT_A.FTC,2053,a28b1d76e614e9e53f8c9a504c2f1526daf001a638af2b723a516bd7487741c0
legacy/AsmeVip.NET/Arch/WN5/EINPUT_B.FTC,3292,3a96ec2bfcbb6c9a1d05c2813211703767ad3e5ed01bec2da938b89ea8cee5f7
legacy/AsmeVip.NET/Arch/WN5/EJMAGRAF.FTC,1768,392db04085ae1906d1457fc02cb25f32a94a55cd5ae81ccf10ce4aa491949b93
legacy/AsmeVip.NET/Arch/WN5/Efh.ljf,2155,e1e441840b5dc9f71c038e981764fe430703cf523af7116abe2462bafcd6dcca
legacy/AsmeVip.NET/Arch/WN5/Efk.ljf,2155,e1e441840b5dc9f71c038e981764fe430703cf523af7116abe2462bafcd6dcca
legacy/AsmeVip.NET/Arch/WN5/Eop.ljf,1910,d96fad7145a2d54b8b9adf3e92e268051e92ed1ca45c1be5191252c381b0cd71
legacy/AsmeVip.NET/Arch/WN5/Errori.ftc,3590,cf4eb313938eab4d7693314dec6c5be5de82b0a525d7901e21085c26f93bd1a0
legacy/AsmeVip.NET/Arch/WN5/Esl.ljf,2155,e1e441840b5dc9f71c038e981764fe430703cf523af7116abe2462bafcd6dcca
legacy/AsmeVip.NET/Arch/WN5/F.A14,1783,d92517e1095d23cf09c7a1149588749c90838f7226b390baf2526a28feb773ef
legacy/AsmeVip.NET/Arch/WN5/F.A15,1741,805b4f576dfeb760fb09bd2cc57ed44a740c34b627b3d01216327c8ae8c30a1d
legacy/AsmeVip.NET/Arch/WN5/F.COP,2002,10e26d7480725c06f3e19f01e1b7b16eeecf402aa4b373235252c286d8f48d59
legacy/AsmeVip.NET/Arch/WN5/F.LJF,1674,9c893b36bd79342a26461fdfe265d3c45bbb9557927017382f581021ecfdfa7b
legacy/AsmeVip.NET/Arch/WN5/F.REV,1839,dca966c0ca5c449d8bcbddd348652e13339d602f5e672e08a3267529d60df86b
legacy/AsmeVip.NET/Arch/WN5/F.WNF,1878,c69eda2485fe9b21093dbd3a7ec3149e2f25ba4ec7a0dc1960fc9280e0e98ee0
legacy/AsmeVip.NET/Arch/WN5/F2input_b.ftc,2149,ce954c4210ded8f16ebb86e8bf70724da10a7903d1f59e7c98cf5590929d1227
legacy/AsmeVip.NET/Arch/WN5/FATTUS.FTC,463,c5fa731d247e413b955bfbb1da295e54b79da2cdd5f2353f4d031dfd01eced15
legacy/AsmeVip.NET/Arch/WN5/FGASKT_a.ftc,1993,f7460358dd1d660908b6e59571553e240b47c8dc4c4cc119003fb60198b4a32e
legacy/AsmeVip.NET/Arch/WN5/FGASKT_b.ftc,2153,d199a6236b687602957bc2fb18488d992a84f8e54df278a40790c4d8b86fc1d0
legacy/AsmeVip.NET/Arch/WN5/FH_stam.ljf,47449,213027b189a5fabacd340394dc350a83624a60aafc0a47359ae9b2205a965f44
legacy/AsmeVip.NET/Arch/WN5/FK_stam.ljf,11308,b5ed1321c20a8ef62c5987d914253c11b8be2fb116183354df2f9eab80672d37
legacy/AsmeVip.NET/Arch/WN5/FTIPOS_2.FTC,2027,fc3ff186ede56da322b1641e6a4bc1a53701b586d46c8f2f71d5fbc1f903d619
legacy/AsmeVip.NET/Arch/WN5/FTIPOW_2.FTC,2015,f891f4e3cb532a70adb2fb24dca3e0c1e6afe986e5be90fb6da0e71f51501c8f
legacy/AsmeVip.NET/Arch/WN5/FTIPTF_2.FTC,2025,389d85d4d6aaaf7712d5a9f82d194fa168c88ac2b3c72823fa79f2028842c36a
legacy/AsmeVip.NET/Arch/WN5/FTIPTI_2.FTC,2015,4329f246c1f13d5b779b57520c33bd5f7ff34fc561ab7ea77d7f2698939cd6fb
legacy/AsmeVip.NET/Arch/WN5/Ffh.ljf,1663,62202d8dda4636713d7ac1c0213313e75cde6e0fa2b41956f17d14fd32926ed8
legacy/AsmeVip.NET/Arch/WN5/Ffk.ljf,1663,62202d8dda4636713d7ac1c0213313e75cde6e0fa2b41956f17d14fd32926ed8
legacy/AsmeVip.NET/Arch/WN5/Finput_a.ftc,2031,42c862a8e6336e7955c7f7d3e2fb17893e8cef8302f98a22f12e7e67ca5b3462
legacy/AsmeVip.NET/Arch/WN5/Finput_b.ftc,3197,68e4240647632da62fa840d6a54781bf47b4f4bd95b224098f0c430e7522d05f
legacy/AsmeVip.NET/Arch/WN5/Fop.ljf,1674,9c893b36bd79342a26461fdfe265d3c45bbb9557927017382f581021ecfdfa7b
legacy/AsmeVip.NET/Arch/WN5/Fsl.ljf,1674,0c032c63c66623fb1f2bb82e053a7b7559657963a9f2acfda526854790df1f3c
legacy/AsmeVip.NET/Arch/WN5/Ftipop_2.ftc,2017,64bf0bbb1e3644c47ec5c10e97270c6a5ded924d3965dcdacc13175c4a2db820
legacy/AsmeVip.NET/Arch/WN5/G.A14,1741,4c9d64daf4fe0e382edea3cdf9526af2a5949af0d4aacdc91c766f5dc935cfff
legacy/AsmeVip.NET/Arch/WN5/G.COP,1897,83e6387faa6ba98593fe5b2c6edc679fb58f78771f609cd6bd1b76a9c8824a75
legacy/AsmeVip.NET/Arch/WN5/G.LJF,1873,43404f4d010a8bf19ef681b48b1c7a22552b2ba3e1d641e3acb6466d6a9c9f9e
legacy/AsmeVip.NET/Arch/WN5/G.REV,1826,5de236cda0ddedbb2a92e7485c0f21f88920d1a14c45d17b0d75d77feb2c1658
legacy/AsmeVip.NET/Arch/WN5/G.WNF,1792,0859d3ae6ca4514970d16339c4e711714ca5ead8cac116e7ae6c8e9f8a91fc53
legacy/AsmeVip.NET/Arch/WN5/GINPUT_A.FTC,2033,60820581f0d9b253bb6b4e7a54808b6050ac6a0048b58adb0b54e9a35e7c53ab
legacy/AsmeVip.NET/Arch/WN5/GINPUT_B.FTC,2038,0b0837b3d35537b8d7d0d196be9d8a2c08f2242f961d22094a44133ac7b525b0
legacy/AsmeVip.NET/Arch/WN5/Gfh.ljf,1775,c4e5fc1d269343c0d45a0e2038dbf63545438c5f10dbf476175017191fbe34c6
legacy/AsmeVip.NET/Arch/WN5/Gfk.ljf,1840,2fd0d2e277df356c2db0cfa495e07a40f57925392ac18e1d5dc3033fd219e59d
legacy/AsmeVip.NET/Arch/WN5/Gop.ljf,1873,66306d7a89b28d2017dbcaab40b1045e1aaa0631cb1bbef678c179755b5f114c
legacy/AsmeVip.NET/Arch/WN5/Gsl.ljf,1874,ab2f30ca435db8e9c0a91b15fabe2a3d4ec6fc5ab120bd607b8261d23c056caf
legacy/AsmeVip.NET/Arch/WN5/H.REV,1741,18821d32ca96d99e509de677b488e6e0acf619ed2b60ddf722da62662038d1a7
legacy/AsmeVip.NET/Arch/WN5/H.WNF,1586,5085cc7781e94d39347b178245e25571541e4ae5ea58e50abf75b0f820d37e30
legacy/AsmeVip.NET/Arch/WN5/HINPUT_A.FTC,2038,f3a16fdeec0d9a6be306b28da09ff473b986c91f34b09e5e19bb2b3a18da2b22
legacy/AsmeVip.NET/Arch/WN5/I.REV,1595,d812d8df8d33100c20b1eb4e2173156170b059b2589206cc98072558839d64cd
legacy/AsmeVip.NET/Arch/WN5/I.WNF,2144,4fdf9fcbb0576dab97eeb17631e14cf842b096f836f766624ee1b91037c548b6
legacy/AsmeVip.NET/Arch/WN5/IINPUT_A.FTC,2037,6bfb6de5f658413c92c3470ccacd978bb9e2259e211b62abedd8062dfe5f10b3
legacy/AsmeVip.NET/Arch/WN5/J.REV,1967,758f824213785b0d1eb5c2c485a40d4fee2776c9d3f0c99abccf4e0fd9275aeb
legacy/AsmeVip.NET/Arch/WN5/JINPUT_A.FTC,2044,2cae43c3f7cc23e2a56ae8c237556ace766fbb97271221539cffe0a97ed3964e
legacy/AsmeVip.NET/Arch/WN5/LJ_VARI.LJF,5487,65462d32dc8ecf8848c712e49fb0f706ed9f328ab6964418a7b1fd1093db39ae
legacy/AsmeVip.NET/Arch/WN5/Lj_stam.ljf,11664,f7f6f6d7f4ccfbe59fa7d1d596ff94b67dc79edb6054bf7014f390fcc2ade8b2
legacy/AsmeVip.NET/Arch/WN5/Lj_stamsl.ljf,10640,5a066a881c0f92aaee5d8daa2907215e74a6dbbb6d6db2e4922d01302749b0ee
legacy/AsmeVip.NET/Arch/WN5/OP_stam.ljf,11467,b5d2cd43d388559a952e39fc48796519b7380f520b04a41a57fdd387ee36a3fb
legacy/AsmeVip.NET/Arch/WN5/PAG1.FTC,1444,220731e38ee722d7ac186bff02d65288bc380c1d8eed363c3f58a928391160c4
legacy/AsmeVip.NET/Arch/WN5/PAG1AA.FTC,1444,27ea860c8ca115e725cc4c63732118b29e28f4eda7ad3c053bf1de0776852303
legacy/AsmeVip.NET/Arch/WN5/PAG2.FTC,1742,5ad363c8e5d7b79fd09253a32977cf13ce62b1480d7c2b7a8748da3edea46ebe
legacy/AsmeVip.NET/Arch/WN5/PAG2aa.FTC,1742,10647f172e07a9d71e5044b366b39e5d614ef0eeb23678aff7d3945020159193
legacy/AsmeVip.NET/Arch/WN5/PAG2aa2.FTC,1742,33a41a898b51345b3e5395a5a9a8822ccf2928c7528c20bf6405a80d398f7839
legacy/AsmeVip.NET/Arch/WN5/PAG3.FTC,1720,015401d3ae6588d6542b3ddaa165886e4e3eacdb752eebc9c9ce7359c80aa075
legacy/AsmeVip.NET/Arch/WN5/PAG3aa.FTC,1720,b8a7f6601b700ddf5bbdf5bc4a1f1571a56b1d7ed34df3c8ff7fda09904066e8
legacy/AsmeVip.NET/Arch/WN5/PAG4.FTC,1698,2204a36e79c775217f94da8022c2aa096787c551f1d2a88fede363b5b1203f2a
legacy/AsmeVip.NET/Arch/WN5/PAG4aa.FTC,1698,c9d425939327345a0346078a166de258e53ba12b11bbdc56057e47dd5cd17123
legacy/AsmeVip.NET/Arch/WN5/Pag1aa2.ftc,1444,d7bd4bfbcf871660dec239aeae059e54168e891a6f90849b5532f7019b4c5318
legacy/AsmeVip.NET/Arch/WN5/Pag1aa5.ftc,1444,58bf196f38cda80ac3e0879d2fca72ab45ba5a102aa6b649fa2b41d6b52b49d8
legacy/AsmeVip.NET/Arch/WN5/Pag5.ftc,1596,1ec540375c769adb330395dd28a50551f236f7e980f253b68542f8d4be6ea376
legacy/AsmeVip.NET/Arch/WN5/Pag5BS.ftc,1596,f4b801ad1fcfced8a7c3a1394f106467c9aa961ae7901be6ff5752e5d12da060
legacy/AsmeVip.NET/Arch/WN5/Pag5EN.ftc,1598,9d2cf2b5f44e8022e3933e633d3bf318983ea7529fd463a9bbd3e41dec77fe0d
legacy/AsmeVip.NET/Arch/WN5/Pag5EN.ftc.txt,1566,e5c11c6fa67f2f3fe993c16f4bd6f6258614da2dac352a387a7ea683b583ec03
legacy/AsmeVip.NET/Arch/WN5/Pag5SI.ftc,1596,bb20680e146771c124d1e090be818fdcdc108db937ca11677c0c3711df782d5c
legacy/AsmeVip.NET/Arch/WN5/Pag6.ftc,493,cba2dae24769e7c40b570ef47d98080c4da89090e7da03bde749d4a0bec9165a
legacy/AsmeVip.NET/Arch/WN5/Ptffhl.dat,498,45302f2d5408f607b5808f045098d7bc6fd695732d1b7847504156fe44948f8f
legacy/AsmeVip.NET/Arch/WN5/Rotfl.wnf,8158,c9b196ac033c01661da2390b4b5d5445143a278815ca3ecd20914df2d7818480
legacy/AsmeVip.NET/Arch/WN5/Rotfl0.wnf,13585,c192cb13e5716c9e8549bdd91557c7626f7b7da8849a81101f239b28f3711007
legacy/AsmeVip.NET/Arch/WN5/SINTDEJ.FTC,1844,8610003ee59783449e0ffb6da9539a5fa76d1e15390c87e88043ff9d6d883569
legacy/AsmeVip.NET/Arch/WN5/SINTDIL.FTC,1844,4754ee68aa028de8c2ff42cc030f157a3fc81c72c9b44ec20a60060101a75e2e
legacy/AsmeVip.NET/Arch/WN5/SINTESI.FTC,1917,ef10c5b3618f6038fc15d9d141f63fb340510241493b6a2f108ccdfe625bba1a
legacy/AsmeVip.NET/Arch/WN5/SINTESJ.FTC,1841,049522056e55611eddd2500334bde6928da31c6181c1caa4868debde98b244fa
legacy/AsmeVip.NET/Arch/WN5/STWR04.WRC,4805,c33d97780ac8459b4a965d7e89ad4cefb3f9b259e97f39fd6c871ee165a2ed6c
legacy/AsmeVip.NET/Arch/WN5/STWR05.WRC,2950,03cdb247047b7d2dfe1d2be8eaaf2e4fc9a7ee9e2c0c3442fe96a91c4ef83c42
legacy/AsmeVip.NET/Arch/WN5/SelfArchWn5.exe,315904,e217a4e558833cc3bce650b8a67c2f0bfb60921863497dc290618017bccd70f7
legacy/AsmeVip.NET/Arch/WN5/SintesiF.ftc,2431,6fe3574ef448bab93df9dee7b8bbfa64c7e7580c3b7ac0af3501d284868bd078
legacy/AsmeVip.NET/Arch/WN5/SintesiF2.ftc,2319,4ac436f2e1477d2d73c92357b6cd568d771f0f0eeaab2336ddb2918f047e99ea
legacy/AsmeVip.NET/Arch/WN5/TipPT.dat,244,6587b2cc60f5fd877b5ff1e347f538ebcf5e2f061f54b41c3e2db9b4cc8125a0
legacy/AsmeVip.NET/Arch/WN5/WN1STAM.COP,867,c747bb745acc6ba68d3d987638043731b2f85df2e54cd1007cae8d07280d9d74
legacy/AsmeVip.NET/Arch/WN5/WN1ST_TOS.COP,5011,fa3b331355a50eaa74e03f602aedbe958c9a34192c77fbd6ca7de11c4fe68939
legacy/AsmeVip.NET/Arch/WN5/WN1ST_TOS.WNF,4233,4f41f6f253196af022f05a442b2b9ec3782fd19f9726e718cffec7e620e676d2
legacy/AsmeVip.NET/Arch/WN5/WN2STAM.COP,410,b3808c5da48e35989d205da1f8f4ee9d47319f7cfcbfc8cddbe4e5f46d9ee2d5
legacy/AsmeVip.NET/Arch/WN5/WN3STAM.COP,178,24a59d20e547a1786cd6f00533c736e4bc0150e2a997bf17e56e52b7222a3c92
legacy/AsmeVip.NET/Arch/WN5/WNFLAN.WNF,41316,d17aef72aa042be7b7aecb044e6a884c99b71969a5ce6f23152adc97fc1de0f0
legacy/AsmeVip.NET/Arch/WN5/WNLJ01.DAT,240,50daa09548411c7fa72d78feec6bd03381d9a9274c9a27fe455dc58aec70f8fa
legacy/AsmeVip.NET/Arch/WN5/WN_MAWP.COB,1644,3c99e5873247bc142c3acf60eadfd7d4559035d80e738b08881b100fdd048eb3
legacy/AsmeVip.NET/Arch/WN5/WN_MAWP.COP,1686,2c1eaa8dedae62fdb4b527a618c709bc867fa0e21ac011bf171f948a61516d51
legacy/AsmeVip.NET/Arch/WN5/WN_MAWP.WNF,1755,d2e8d2933902b96500acaffd58de62f20e8931502a8e88c5adf93813423276bb
legacy/AsmeVip.NET/Arch/WN5/WN_STAM.A14s,33463,9b261dd4f047a8e776fa146c4b033671220e7b48c304eaa9bd4dd8a5e2e33de2
legacy/AsmeVip.NET/Arch/WN5/WN_STAM2.COB,7795,601ae1e2539c981da797876f6baa5f5960c15d4d8f6d69dee2ad660988feb49f
legacy/AsmeVip.NET/Arch/WN5/WN_ST_RO.WNF,3774,a02b0e3889d0cdfd2b67175f2bb0fb5637d7f2b2187718d6db5e5761684dfa4a
legacy/AsmeVip.NET/Arch/WN5/WN_ST_TO.WNF,5441,b205c6d239c1725213ed0b7351a33b9370667740db3c5ae7722582df39c0885c
legacy/AsmeVip.NET/Arch/WN5/WN_ST_TOS.WNF,8757,3c2995ff5f0c957cd37dd3d2fefefa3ee5a06f60de77a3574b8b23863a4f238c
legacy/AsmeVip.NET/Arch/WN5/WN_UG39.COP,959,b87933649d226432e3097c37902d45f3f04d5b41b1b840b070924651144babff
legacy/AsmeVip.NET/Arch/WN5/Wn1st_to.cop,2509,059f618980997f5cd54eefd0cccc28169b66ddcc526aca5f315ccbbb9245e9f1
legacy/AsmeVip.NET/Arch/WN5/Wn1st_to.wnf,1842,9df959cc35a4715fafb67ec4cf16b51b68053ab337b609b203b6aae546a2675d
legacy/AsmeVip.NET/Arch/WN5/Wn_mawp.a14,1713,c7475f73079e809f9e5cb73849092edb36375db57ff4d173d12383cd7bd78125
legacy/AsmeVip.NET/Arch/WN5/Wn_stam.a14,33071,adca1ae9f681a357efbdba7352f6d983f14dbac493b8565f3a38238e5d566f9c
legacy/AsmeVip.NET/Arch/WN5/Wn_stam.a15,33057,7a82688ed689cf5e373146d54bce26f5b05b15869694c29742cc2f2ce30daab8
legacy/AsmeVip.NET/Arch/WN5/Wn_stam.cop,9851,e40aeb4dc01469c21fa7cfc3f3ae6166b1e17bbf626647b2253d4c1b5e30837b
legacy/AsmeVip.NET/Arch/WN5/Wn_stam.rev,35804,0c92983ea09faeff9604f25ee6d6ee9710ec3baabac860433f9523a1c5075484
legacy/AsmeVip.NET/Arch/WN5/Wn_stam.wnf,12857,6754262ad8590766f4792a74138890b4a3d92e74d075c8846cc618385f726830
legacy/AsmeVip.NET/Arch/WN5/Wn_stam1.cob,5357,6bfc32c4f0f38971705c6e1014d73ec48742501577e9e8639955e4151060b606
legacy/AsmeVip.NET/Arch/WN5/Wn_stam2.cop,9288,2a6268d29de88ac56efd3c7e725f8a979900a6384bb45a90c07a6da6e4930420
legacy/AsmeVip.NET/Arch/WN5/Wn_ug39d2.cop,879,5d92c87ae879702f0a7d47ef8da28380af0a47c32031e753715ad6b0d9323bf6
legacy/AsmeVip.NET/Arch/WN5/Wn_vari.a14,3360,816f1b253a88332fbeb57cbadff189f89e3b5b0fd00f88db343f2afdf47ea807
legacy/AsmeVip.NET/Arch/WN5/Wn_vari.a15,3207,4377975dd880efb71f1abba89f47359da167886b3c3644a6b74f09eabbc46dbc
legacy/AsmeVip.NET/Arch/WN5/Wn_vari.rev,6701,da20633b137b7c9834d9ea0ac76407b92a833c260d61012d8a4b1142e18d8718
legacy/AsmeVip.NET/Arch/WN5/Wn_vari.wnf,6382,30cb8c99348109683b24060f85bc7705212de6aba20b3969421c0f89d64361aa
legacy/AsmeVip.NET/Arch/WN5/XINPUT_A.FTC,1986,752fd1054a7e630933bf39b47b54d0d62cdf096ba0c6c0241a1940040421b3f5
legacy/AsmeVip.NET/Arch/WN5/XINPUT_B.FTC,1973,3a1639c7d784c7eb6acf9c9b1deea273b81119887897f5be627a2d09af739c56
legacy/AsmeVip.NET/Arch/WN5/Xjnput_b.ftc,1967,4bf5366f3820f0c7515e9cbf01e3eb3e70b9bca9df140e3b37bfc4a6a5ca67d7
legacy/AsmeVip.NET/Arch/WN5/Xknput_b.ftc,1961,fd770a46642c5b0f5e2ad3f0c5df32f0d91f267b5cb8543b8c6cee1c43c9545b
legacy/AsmeVip.NET/Arch/WN5/Xlnput_b.ftc,1959,a7519ec5d46a26a6c5cba25b743f14707d896ffd1b662d8dc77210a5765c8640
legacy/AsmeVip.NET/Arch/WN5/fh_vari.ljf,5481,40bb288d9fa90c8347825a152dfa5f44259c9c36d3bdc42d56819063e9f3c30c
legacy/AsmeVip.NET/Arch/WN5/fk_vari.ljf,5485,970a15201dc309a0c59b03c6c2e677a395d561917357156ef8467529e1084bff
legacy/AsmeVip.NET/Arch/WN5/tesrapp.dat,791,c4245695c595c071ff22fb6d3656ce82865bd443d9f117b5c6df36b7024a2fdc
legacy/AsmeVip.NET/Arch/WR/Rcb851.dat,1141,8132634315937308bf359eb9fb7d4058b589fea8c27b8c4671783312bc31ce8f
legacy/AsmeVip.NET/Arch/WR/Rcb852.dat,1486,4f2b2100e564daf7363650180f02762ec07f2642315625ae5d15ec3d5aabe737
legacy/AsmeVip.NET/Arch/tabdesign1.doc,34816,e2c83722904dfc310525c7d10cfd954fdb7305d5a8c49cfbad36385f1f428618
legacy/AsmeVip.NET/Arch/tabmawP31.doc,27648,fecd953a4a9e48f98adb6f271175ed4c28d2c1209b305e40a82fc1b3dc34408e
legacy/AsmeVip.NET/Arch/tabpi1.doc,33280,175ee1be519b324f339ab1831c2da487b3f9aefaf5f69842ea3509ff7048281c
legacy/AsmeVip.NET/Arch/tabpib1.doc,37376,aa0daf9f5d0baa683177dfc307f5c5c1fb0770098f7d9c1db6d3a7fc66dd8c5a
legacy/AsmeVip.NET/AsmeVip.ico,766,42ae0e902764fcdfccfe0701d620ec3d7c192d116ddf6a2ae09c059058c6ee67
legacy/AsmeVip.NET/AsmeVip.log,510181,7e515e8d113a92eaeb91bb95b716d4a9a7fb39fc7d1156c40a821b75b14f2eaf
legacy/AsmeVip.NET/AsmeVip.vbproj,110502,fa53940b2f15bb82a7591805b7e0e94494790e8521e08b750db5643c3862e50c
legacy/AsmeVip.NET/AsmeVip.vbproj.user,1896,823b07b927ab17703c7c92196dc218aef04d96013430b24e9a930e3e83875709
legacy/AsmeVip.NET/AssemblyInfo.vb,1076,d448c7e6716e3a74947d02af10f2bbcff426b2c7745f1f99b95ea647631f4e17
legacy/AsmeVip.NET/AxRichTextBoxArray.dll,24576,ec9a0323ec897751429002fd119ce7cc3c62e8d8849083a28ad15a12d4eaab2a
legacy/AsmeVip.NET/AxRichTextBoxArray.vb,9190,073688cb72fd70be2eecead23ca0fbb4f460b2d69c244ddebab862a9174ddf93
legacy/AsmeVip.NET/AxUpDownArray.dll,13312,7ada4d189e055e99d9a5a0ca5107de61c23bc92189e1af688cfcb3f3d02936cf
legacy/AsmeVip.NET/AxUpDownArray.vb,7249,5e3b42af021a90c5c408080dda7b6ed2d92874e6c5be0c55a2454294b4865388
legacy/AsmeVip.NET/Branches.vb,186867,2461acbfd28bf481e28dd548f06d0bcc1907d83315a63480ced58f4ad3894cd1
legacy/AsmeVip.NET/CalcASME.vb,8879,78a2c8c672fa9ec0f4d58d00f246f8b0e41e336c2ddd82e6d9970ce9629a08a3
legacy/AsmeVip.NET/Calcol1.vb,147192,80e1c0742b64760b174c92f0cc60f6bb9b3425f127215ecf3e95f216209920a0
legacy/AsmeVip.NET/Calcoli.vb,138050,5d45745d6fb84f4244c38064a497ee7ff482e482986f842bb6a12dc27ebaf8da
legacy/AsmeVip.NET/CercaNome.vb,156,acd006fdc1d14578594c2cea362d2f89cf5b8a3fd21aa60deefeec71f72a4136
legacy/AsmeVip.NET/Collegamento.vb,487,74a27f8cce722ce30a15c4569f5f63218e9103adf9b90a2a92b33ac56934c7aa
legacy/AsmeVip.NET/DATIDES4.vb,4046,7cc6fe5f09706414d000c6f8ed58bb0e61b51b6027f27206d624ad389e906571
legacy/AsmeVip.NET/Dati/115-MC06.VIP,159956,112d5ab25d8c648b57bdbc493a19515f5e88aafc98b04cb2d05ddcc9ec6c53b1
legacy/AsmeVip.NET/Dati/CoperchioConAperture.VIP,552798,3bc6febff2f0d6ea85b2b32bc83879bf5b5313406c5f4805a31912a27344fa28
legacy/AsmeVip.NET/Dati/Lm2p3p1.VIP,14560,be37f1fac00a422698d823e8c8f963eabcf2cd05ede8b324ae0cbade25656bbb
legacy/AsmeVip.NET/Dati/Lm2p3p2.VIP,34780,87e46828892165642bdc6776bdd5da4e49309a3f47e4ebb33c52c7e76a57dbd7
legacy/AsmeVip.NET/Dati/Lm3p1.VIP,21431,716abf4dde9f5f71e7fd7e81c4034642e77ebf147bc024fd2ae010cece5d75e1
legacy/AsmeVip.NET/Dati/Lm3p3.VIP,38483,4fd7b4949ae0a56ec9d5e1f32b75bb21d0abb2c0ae3004a4291386bb5e324ba8
legacy/AsmeVip.NET/Dati/Lm5.VIP,21429,43821468c69a8921efd1c17c8605ca794a544cec30a0e10ef3990e65d1acb950
legacy/AsmeVip.NET/Dati/Lm6p1.VIP,21440,289950eef9bb6019a0d099cef368b982a82f9d7c2269894064f727188320db2f
legacy/AsmeVip.NET/Dati/Lm6p2.VIP,21442,246ad97363a2e81ba45d3739e2020ac804138509d3d28ec08d29d415f9c0217a
legacy/AsmeVip.NET/Dati/Lm6p3.VIP,21440,1b7347199b1e8a9c3fdf514d09fcc56b0deec45e58561d2de48333cc0205f1b7
legacy/AsmeVip.NET/Dati/Lm6p4.VIP,22450,49ba4b236b492ae18b463871b6648c637538ab340bd3e9bdc8b1a129a5176e13
legacy/AsmeVip.NET/Dati/Lm7p1.VIP,67410,04d6c409f3f3e5285b17ebe722d072621b0b6aad696027e4377ed5eb249bf38a
legacy/AsmeVip.NET/Dati/Lm7p2.VIP,98309,4a9e481d08d186f63bfee6b72f63af9bd5ddbd28243d3adc71fd055024537d44
legacy/AsmeVip.NET/Dati/Lm7p3.VIP,98365,7bbb7877c764ab3c31ae46e8ac680a94652c7383c0047680a8341b27049a94fd
legacy/AsmeVip.NET/Dati/Lm7p7.VIP,63584,5c8ad3009d7c7f1f7ddbc208a041c0163c584c9c18ba297631c2bc5d978026a2
legacy/AsmeVip.NET/Dati/UHXm20p1p1.VIP,107975,4e745db3d3774c50278ea1fb598e99c4d840f42f74e9375b1fa9b81a6f476465
legacy/AsmeVip.NET/Dati/UHXm20p1p1met.VIP,162133,ec5c69a3ddcfbc0cd8e31e74483f2ca231f8165194a29a6ba2cd3fbe8e8a0cad
legacy/AsmeVip.NET/Dati/UHXm20p1p2.VIP,28691,88d0bec7aebb0dec21ce9ff3c4a1c69073002905f6dc1fe0b9f79de6fd101c28
legacy/AsmeVip.NET/Dati/UHXm20p1p3.VIP,28724,52ccc12e14930b40f7c352b844c1de1a297fad01ed7a64b5d80d4de8174f92ea
legacy/AsmeVip.NET/Dati/UHXm20p1p4.VIP,39021,464aaa1bea7815743656154415c0af87b38b04b184e31010ea2276f1effee2e6
legacy/AsmeVip.NET/Dati/UHXm20p1p4met.VIP,96067,5e8137160180e973879c27602ec85fb1f271d2b1757d41268530bc1cecb333f7
legacy/AsmeVip.NET/Dati/UHXm20p2p1.VIP,148767,6822c911b8dc319888650e29b67829cd1841de1dde5da8f76a249904862bb3df
legacy/AsmeVip.NET/Dati/UHXm20p2p1.VIS,949204,b458457d9c4786f1eb8cdb1c858e2d471c7ea0ae09b352a04cc6b13006699cd9
legacy/AsmeVip.NET/Dati/UHXm20p2p1met.VIP,245667,b16cf63469d26827e86aea11d902f17e11a8a44a8631ad96cab35e0397a3b92a
legacy/AsmeVip.NET/Dati/UHXm20p2p2.VIP,148981,022e9098fa082cb422004dcff42a057825f5ca032d6ead65dafd543daa022e87
legacy/AsmeVip.NET/Dati/UHXm20p3p1.VIP,180104,efcc087f1968de2f13924c584d0c52243fe40c4bd3fae07dec157be0b300dfad
legacy/AsmeVip.NET/Dati/UHXm20p3p2.VIP,99873,7c307534a26aba5011d7e1d151b04577e12ff0ec3ce37fc9b675d03d511b82b7
legacy/AsmeVip.NET/Dati/UHXm20p3p3.VIP,115883,cfdff4fdca0f2d6c647730ef98c15851aeebef83c853cdc0a945bd3ea714f582
legacy/AsmeVip.NET/Diaframma.resX,72491,ff98dabe9e6a1e721143f260548a0a08437208a3a93b82cd32d5a5aa158b375e
legacy/AsmeVip.NET/Diaframma.vb,118360,05bbb412a41ed5082e70e31f44dbaad4a16c3d766ce150c1346d65e36d759c6e
legacy/AsmeVip.NET/Dll/AsmeLib.dll,262144,760f2ff3ce5a95d6fa59d4adafad692e7a2022378c7bde7e9532baed4f0f7b74
legacy/AsmeVip.NET/Dll/MathAV.dll,28672,8723cb68f0d2083d0585094e8d5374cca813aee86d3973fcfcf597317603c04d
legacy/AsmeVip.NET/EuroNorm.vb,51078,ac944a2bd560c175a007a8e3e8ffdfc2a0c254fcd2899c208298b1dd8b83c459
legacy/AsmeVip.NET/Figure/FigEuro/F9p4m1.jpg,14251,4218cfcb5a91df168b8dc119aab870f0dd948b306b5e2c880605db7a3e10cf0b
legacy/AsmeVip.NET/Figure/FigEuro/F9p4m10.jpg,19798,925fe365ff574114a87baeec48f0b192c8aabe3a83f193f166f96ebe47c9d74f
legacy/AsmeVip.NET/Figure/FigEuro/F9p4m11.jpg,17148,c5e30da5b7c47be96c9b2cb338923536bde752bdc490b6d450007024bbab25ed
legacy/AsmeVip.NET/Figure/FigEuro/F9p4m13.jpg,18141,0ab1550b07c2ae9a3afd3f60b0250f92cdb6ab2ac6c76a11cb5c93c111f8b2cf
legacy/AsmeVip.NET/Figure/FigEuro/F9p4m2.jpg,12094,f15244d3834c41c709d3252e0db67d25f011af4d47d8b7cbbb2a204180831a61
legacy/AsmeVip.NET/Figure/FigEuro/F9p4m3.jpg,15700,2f1dd60c9c774b604387578720987072b4c95aaa4d05cc3cb5d0b48a409097a4
legacy/AsmeVip.NET/Figure/FigEuro/F9p4m4.jpg,13911,b80712303ce64b7df9cab1143cd85b275fde5d3548ac10399399db69123c26c7
legacy/AsmeVip.NET/Figure/FigEuro/F9p4m5.jpg,18049,573e08a749f18d844263b18ae2edd07a83a6d8cfb2103b0c1bff16d1a0fa3d41
legacy/AsmeVip.NET/Figure/FigEuro/F9p4m6.jpg,17834,76d0e87f22fb4660b390b9d0474c2faf0ea1e3a1fbbcc1535c172e08018e24db
legacy/AsmeVip.NET/Figure/FigEuro/F9p4m7.jpg,15931,1d143d8fd54562a3b7218ea4154f1c3ae725725a5c2ba3373ed2d8d51087edd3
legacy/AsmeVip.NET/Figure/FigEuro/F9p4m8.jpg,19975,86907c0b723ed742b9bf3e2a6de26e09022e50a353aed943cf743cc29406b183
legacy/AsmeVip.NET/Figure/FigEuro/F9p4m9.jpg,17722,ed7626af797ac6af1bd28b50b6c19d446d56278219eb78f9109d025028f6b01e
legacy/AsmeVip.NET/Figure/FigEuro/F9p5m1.jpg,20007,2e9d453bf997c0ba42da6e44ea845a021ee1b47fb86f384148ff056cd2bb1e9f
legacy/AsmeVip.NET/Figure/FigEuro/F9p5m2.jpg,18947,1772921cd97a9e447a1e52fda773e4a55d6a2f2918b76daf83a8e9e2b3996581
legacy/AsmeVip.NET/Figure/FigEuro/F9p5m3.jpg,23969,09e1591fe9c53a480e8cd6f5b9441a7ea8b8aa60367ce879f5b495fda8f01132
legacy/AsmeVip.NET/Figure/Figdiv1/LWN1self.jpg,8165,c2e54f0db4ac262e5043731c9fea97c3dedb490fa0ef3d98a48d73d4d777f148
legacy/AsmeVip.NET/Figure/Figdiv1/UW3A.jpg,7266,6282094ab78b90e0d9f8f60fc0f7ffd52e145c6ce2ff254f67baf666fc0aacb8
legacy/AsmeVip.NET/Figure/Figdiv1/UW3A1.jpg,9648,9673e87758e94081ae82a9242a27f8ba49207010594db0c0dcb275e908ff0113
legacy/AsmeVip.NET/Figure/Figdiv1/UW3A2.jpg,11277,20edbd38dc0f24999b4ae5df2690f6574afa034461e1ee16f4c1be663920fdae
legacy/AsmeVip.NET/Figure/Figdiv1/UW3A3.jpg,12218,ceef9880b559aa7e17c368d374563218bd6b86ced68ed831327d5491afa637e6
legacy/AsmeVip.NET/Figure/Figdiv1/UW3B.jpg,8774,d6d97701baed13c2294b3dca86159a19cdd30e7ed005ff0f5c76564683f86ba1
legacy/AsmeVip.NET/Figure/Figdiv1/UW3C.jpg,9423,bf81434efbc905c8b1b15d194d6361de7f0516deac3b6ec4a70d6e0f93face61
legacy/AsmeVip.NET/Figure/Figdiv1/UW3D.jpg,9905,ea1fb5d4783bedbd47d2bb9320e6155b2ac57ab66a483501e0f46fb9211d6211
legacy/AsmeVip.NET/Figure/Figdiv1/UW3E.jpg,10675,b2a7e75ea4d5b66667f231c9d76f267864a28e5997636cdb4434274181084f1a
legacy/AsmeVip.NET/Figure/Figdiv1/UW3F1.jpg,8499,37aba0675e0206012efff33145b041c3796021f9af8ee49dec1fb6604d6e5757
legacy/AsmeVip.NET/Figure/Figdiv1/UW3F2.jpg,11137,d841a639818061f5653daf63465660cd8539aacbb39ca31c108fda8fc362d14b
legacy/AsmeVip.NET/Figure/Figdiv1/UW3F3.jpg,15093,8c59f33d78386b9af805755a3472128cea6c186b32f3fe3bb0f6f7e4df040a97
legacy/AsmeVip.NET/Figure/Figdiv1/UW3F4.jpg,9308,0ec4621320352e6d4e9ae9b4c19e3595162a9ba0ca7e1c643d71a964639ca824
legacy/AsmeVip.NET/Figure/Figdiv1/UW3G.jpg,9543,72c6d30b587e3e74bc7c96da173c1941e45c659c114f098e8cf8d9e8e93b36fa
legacy/AsmeVip.NET/Figure/Figdiv1/UW3H.jpg,12907,c221ebe3975512bad431f70016b2fbdaab352cfb688633ed77e75364b1775fdd
legacy/AsmeVip.NET/Figure/Figdiv1/UW3I.jpg,8934,08bb0aa97a21bbaf4a216f6c69bd0c4717b897a1f7f421df18d596888d4ceb99
legacy/AsmeVip.NET/Figure/Figdiv1/UW3J.jpg,10216,ff112022f09b3ba721bafffbf1ce0444522d75232e2a1582853543f8d242b200
legacy/AsmeVip.NET/Figure/Figdiv1/UW3K.jpg,8986,33df088a84cd6870020e783a2ce1881d0fd19571536a83cac7d4b2ecc7049ec9
legacy/AsmeVip.NET/Figure/Figdiv1/UW3L.jpg,12104,d581259f271c63bb3db12c5d272e8b0fda15e96b70cdb2f08b23e9b666e32d76
legacy/AsmeVip.NET/Figure/Figdiv1/UW3M.jpg,11934,dbf81964d1178b9c221eb362523a3aafaf825667278c3fc2cfc3e6d785a5278c
legacy/AsmeVip.NET/Figure/Figdiv1/UW3N.jpg,11673,5b733754661ac56cf49ba2377ef9effaf1569c0e9b4f430c507f034a87a1d2e7
legacy/AsmeVip.NET/Figure/Figdiv1/UW3O.jpg,11596,f8ef7aa74969523c5b9f0096d4a9706fbd8179c391007a72d15cdc7a34d2f78d
legacy/AsmeVip.NET/Figure/Figdiv1/UW3P.jpg,12473,2563667de8717cc54ad871311f2c5e35f1ffa7a717eae9fdae0b7e2653a55d3c
legacy/AsmeVip.NET/Figure/Figdiv1/UW3Q.jpg,12371,587b3809d467738003fc24971d28b35b2a149a58a4b8fc3535a47b02b99677cc
legacy/AsmeVip.NET/Figure/Figdiv1/UW3R.jpg,14673,d617e7c27f69b75dfbb142d0d9e173467664f175f597c16d1761c334e2473cb0
legacy/AsmeVip.NET/Figure/Figdiv1/UW3S.jpg,13110,cad9034a60be50ff2ae22ba51f23fb8f20b4b9c932b1874c8c5aed6e8fe4742e
legacy/AsmeVip.NET/Figure/Figdiv1/UW3T.jpg,10251,23efedf98b81bf06d618b1064a90f5daf0544aeb600196603bfd426b2b04255a
legacy/AsmeVip.NET/Figure/Figdiv1/UW3U.jpg,11034,982a9b6550244dc5a517980ad510b1c9a21fc45116f3d32c699fe6337b9b1238
legacy/AsmeVip.NET/Figure/Figdiv1/UW3V.jpg,10305,e73c104f0c57683622c945a7714c2cef09f69448ea16bd89eddfd6d3fbfa7e70
legacy/AsmeVip.NET/Figure/Figdiv1/UW3W.jpg,11163,6a8e9e30d60c1f2d5fc15c64cba31b3c362c23605b7f7585ae7bf2fa9a03277d
legacy/AsmeVip.NET/Figure/Figdiv1/UW3X.jpg,13385,54f36c5515daed2e77da430c07e5bf1174bb48725ef9036b1d6b3159d6ae621d
legacy/AsmeVip.NET/Figure/Figdiv1/UW3Y.jpg,13986,b20a87f6ec88d2fcc9ee07e272f9d5519d92d448e266b72935e7e09af20c52e2
legacy/AsmeVip.NET/Figure/Figdiv1/UW3Z.jpg,11981,0b70854420d6e5b182f5b521b1d28d4e53cae008bcc6f6b04265e7d6ec49ff89
legacy/AsmeVip.NET/Figure/Figdiv1/Uw3UHT181.jpg,2978,18ced5e1edc3c78527892ac9d3dc90cb0cd492096bcfbcfe06967499435d13f8
legacy/AsmeVip.NET/Figure/Figdiv1/Uw3UHT181d.jpg,3273,bcfdd64cce7a4c0c1caa9bc8b5a789fb9dbd10c691f042ba312af572329ca334
legacy/AsmeVip.NET/Figure/Figdiv1/Uw3UHT182.jpg,3168,212f511311d722e85365b020309c422a37af63b3fbc76f75f847525dbe862689
legacy/AsmeVip.NET/Figure/Figdiv1/open.jpg,9647,2a724ebca0874d01245db340739811aa2ac98b8069383e12a15e0c2d220f3300
legacy/AsmeVip.NET/Figure/Figdiv2/AD5401a.jpg,10457,4670733e0ea6be338593f42b494903d9dd94471e5e17e694114c84046e19f66f
legacy/AsmeVip.NET/Figure/Figdiv2/AD5401b.jpg,8858,f1805181415911b32132f839bf4dc04c1b6a5b9f74d6afe33a11948cc57b8858
legacy/AsmeVip.NET/Figure/Figdiv2/AD5401c.jpg,11479,fe3952ef3e2efa12cdff618e422e32d6cddf65cc11c639e6ebf31f7a9824c902
legacy/AsmeVip.NET/Figure/Figdiv2/AD5401d.jpg,15524,7a19b27f8b525072523f53240ce2e668734e6a36c2828d885b479a21993d38ce
legacy/AsmeVip.NET/Figure/Figdiv2/AD6101a.jpg,11496,3b4af5ea9357530f79b8acff6b8fffda3650a633047c133960af53f004b2bc2f
legacy/AsmeVip.NET/Figure/Figdiv2/AD6101ap.jpg,11496,3b4af5ea9357530f79b8acff6b8fffda3650a633047c133960af53f004b2bc2f
legacy/AsmeVip.NET/Figure/Figdiv2/AD6101b.jpg,9269,d67a4d5a5b0385652f07d4d984425d69ad8919a87c383025e59f91ab9329e096
legacy/AsmeVip.NET/Figure/Figdiv2/AD6101c.jpg,12520,b2075a88d8dd44d75274b6d1238115e2eaab98563cdafae631bf5e4c2b97ed44
legacy/AsmeVip.NET/Figure/Figdiv2/AD6101d.jpg,8330,f9133168def9fc4e3d8070ce1ea802e565fe7c2713f7441b44c001ea7fd03cf1
legacy/AsmeVip.NET/Figure/Figdiv2/AD6101d1.jpg,10279,2859dbe2a5861bce4c519100de8f5a7b89aaf272802cb9f3ce5e34241bb1f20d
legacy/AsmeVip.NET/Figure/Figdiv2/AD6101e.jpg,9103,a24b36dd9f930e5a07eef3e0fc4ac1a2403f899a4e1e0b74ebca9fa1d7fe2336
legacy/AsmeVip.NET/Figure/Figdiv2/AD6101e1.jpg,9110,94309f1794d25e80cd3f71f6ea994447fb4a3129e95330ec21b442df169ab047
legacy/AsmeVip.NET/Figure/Figdiv2/AD6101f.jpg,14054,45bbc9c262813ba46170068fc4c52c4bfb83dd4164feda8a9ba811853656b10f
legacy/AsmeVip.NET/Figure/Figdiv2/AD6101g.jpg,11844,b5fd984c113cb782bf471a9d46ea4ea96ab8e38800656bad2eba679a066f98f2
legacy/AsmeVip.NET/Figure/Figdiv2/AD6121a.jpg,11884,c625b384a06b5b1847526bd9d3191f64bafe8ec37f03dc54edeab485152cca94
legacy/AsmeVip.NET/Figure/Figdiv2/AD6121b.jpg,11345,c973b3506ce75500ac9970445bb64ada939f2bef394c44cb178c654e505b699c
legacy/AsmeVip.NET/Figure/Figdiv2/AD6121c.jpg,11830,c6901e6ec837a099ad54017dfe3346ee3d04605d4d8b77ac0d3d3769898b3169
legacy/AsmeVip.NET/Figure/Figdiv2/AD6121d1.jpg,11561,c9f1ca9d6629b954dac29446cfb87363a90c0fed6361ee153f1a342ba0131a27
legacy/AsmeVip.NET/Figure/Figdiv2/AD6121d2.jpg,8466,11499a290484a1f688df9a36d1319afd62153a34ffc684d810551071d931f7cc
legacy/AsmeVip.NET/Figure/Figdiv2/AD6131a.jpg,7707,25fa539ae4f79afedab4a9584f8d4709946d7a28ae902db7efce0c114651fa37
legacy/AsmeVip.NET/Figure/Figdiv2/AD6131b.jpg,13318,085b2e89eb9ca861f573c0d365c53282f7c53acf563997b87b359b1f6a11f586
legacy/AsmeVip.NET/Figure/Figdiv2/AD6131c.jpg,12561,e68e9e016d33b9e70f9c7eab71364a8f344fdb805cad61b5e7866caa7ec19d88
legacy/AsmeVip.NET/Figure/Figdiv2/AD6131c1.jpg,15688,f61f008943982f4c059c7aa90d38cb736e130ae387466412f231369056db3500
legacy/AsmeVip.NET/Figure/Figdiv2/AD6131d.jpg,9132,914537eca25df92c83a4fa92f950d7cdf06bf3ffad3b4a68e126fbd487ed36ff
legacy/AsmeVip.NET/Figure/Figdiv2/AD6131e.jpg,9851,93a7c2edfc58df6b942b15a21beb7297b52b3f5397928dca3da567d8ef1efa21
legacy/AsmeVip.NET/Figure/Figdiv2/AD6131f.jpg,4049,0c81ad2b0254f4b0e4f294cb19cef7b2ab4dce1653befbb5e8d6419f8439f2fd
legacy/AsmeVip.NET/Figure/Figdiv2/AD6211a.jpg,12106,e58d2419287d19c2b55f77ed5c8e7604ea4f0ec8506682ebb70bf688ea055d0b
legacy/AsmeVip.NET/Figure/Figdiv2/AD6211b.jpg,9851,7d2304de2b10d4626ae01fb299b886e0190f7e0d0713ffcbac24ee8f6e933b15
legacy/AsmeVip.NET/Figure/Figdiv2/AD6211c1.jpg,8479,a2a94f3d8a621baa779db4248ca7d9c254809661dc753641b003c40d4c428ee6
legacy/AsmeVip.NET/Figure/Figdiv2/AD6211c2.jpg,11663,0b0af9d7a3a5bb4aa7f2909a546b0f9cfaedc6dad02cfe7d67dcd69ec30a64ad
legacy/AsmeVip.NET/Figure/Figdiv2/AD6211c3.jpg,12685,167bd4189c3f6f4fca4bf2b3d344ffe0e2b64fe720bc21980674fd4bc32ff251
legacy/AsmeVip.NET/Figure/Figdiv2/ad6101gp.jpg,11569,2bc2d835a1778d57d9e261a3db8e4deb54eba7ff21f0ac0d54e78b7cfc7df00e
legacy/AsmeVip.NET/Figure/Figdiv2/open.jpg,9647,2a724ebca0874d01245db340739811aa2ac98b8069383e12a15e0c2d220f3300
legacy/AsmeVip.NET/Figure/Membrature/Cilindro.bmp,2374,45c3fa62e196458c9242da0479089d1154be37789ad52952d1606141cf3ec857
legacy/AsmeVip.NET/Figure/Membrature/Coperchio.bmp,2374,34afb864aa6315842f93f9032769a294358d0d7b0599c139d3731fea5b1366d4
legacy/AsmeVip.NET/Figure/Membrature/DiafSald.bmp,2102,1d98523ebe8fee38a1e5ac309617108078064386b3712b9ec0e6d3ba377dfd7b
legacy/AsmeVip.NET/Figure/Membrature/Dilat.bmp,2374,734ff5f1044659f6432cf2d7d1cdbb25b3dddb6a600ebe82e71fdb5cdef15cf0
legacy/AsmeVip.NET/Figure/Membrature/FlLoose.bmp,2374,5bed9b493efb5982a48c5a2ba412954521ecf26c1a88762f29b8a19a61689e03
legacy/AsmeVip.NET/Figure/Membrature/Flangione.bmp,2374,3f0ecfa98524cf4b28cc3779d2693c860796625ea84e94ca5f9a7461916bcb62
legacy/AsmeVip.NET/Figure/Membrature/LM.bmp,2374,d5f14e424c1e8c93b798a375b6d4437eae835194809a144466d6f259926a1e9b
legacy/AsmeVip.NET/Figure/Membrature/LT.bmp,2374,642b436b0352728e756e09e59393ddb82f93e13f4739c9c1c03fc4734d04c2d2
legacy/AsmeVip.NET/Figure/Membrature/PT.bmp,2374,e4b7301feb78d0510b05ce98059d8893a8b49665f7b155725e03e580875dd05a
legacy/AsmeVip.NET/Figure/Membrature/Setti.bmp,2102,44cdc153ba32e9ecea69f19c90d39df166e7b4dba0075fbe4caa0658a8b0fd53
legacy/AsmeVip.NET/Figure/Membrature/Tubi.bmp,2374,c8c9c167f036a0d8f1d5c3897a86696268b5821746227b55b99484bde3e90b73
legacy/AsmeVip.NET/Figure/Membrature/belt.bmp,2374,6b2a8bb06e0f4b96d0e65baa8038fd1f9426d5025ef852b7e0d5ec3ec2209f1b
legacy/AsmeVip.NET/Figure/Membrature/bocch.bmp,2374,ded91b5b5f4c9e95ac3255a0ff40281873117662a566a02779830faee2b0465f
legacy/AsmeVip.NET/Figure/Membrature/both.bmp,2374,d021f17914bc30e1e0c9515b5e6646412f889254da94069ca84ae3999f293b52
legacy/AsmeVip.NET/Figure/Membrature/cono.bmp,2374,1626a7cbe1a35792bee694fca3512513f2245212ced1db11e4979f668697dd2d
legacy/AsmeVip.NET/Figure/Membrature/fondo.bmp,2374,d68341674cb4371a8cac27a76c156781a87b86b075f6f10d1788ff2a96dcbfc3
legacy/AsmeVip.NET/Figure/Membrature/transition.bmp,2374,d00fe6eb11049bd2c6a1643049a41e0b7e2cdc76c44296d025a1b382dcdd2414
legacy/AsmeVip.NET/Figure/frmPT/16a.jpg,13158,c8ddfa324e76716ffcbb7e59966517794dd7511491b31d90008ca2357c469633
legacy/AsmeVip.NET/Figure/frmPT/16b.jpg,14036,df661957697170bfd997094f1e5bacde995dc1306f3ecfdecf111240b872b584
legacy/AsmeVip.NET/Figure/frmPT/16c.jpg,13339,d5a9c94dc96d4e815df03a1f0096d362a75c6e1fa36c24c7fb3d690c0ee9d8c6
legacy/AsmeVip.NET/Figure/frmPT/16d.jpg,16029,0f6261b501ec7956bced7de8f0c31ad49b5a1423bbc30235e893e6183a2d1f6d
legacy/AsmeVip.NET/Figure/frmPT/16z.jpg,16487,eff643f5f7e56c573c17482690e8c92c8dafade775987935d7cf427eff5ffff0
legacy/AsmeVip.NET/Figure/frmPT/AAa.jpg,9859,fca2f5857a7082594ece83e5bb9de2832c8f2a836da6fe38d7b31354ab0624af
legacy/AsmeVip.NET/Figure/frmPT/AAb.jpg,8426,ada6d4ae1a63685e09c7a7d59b5db852f46a7a9b5f02dfcd152a60d07fceb4c3
legacy/AsmeVip.NET/Figure/frmPT/AAc.jpg,8131,28b81b3d650b82a04eb48a4b0bc08b37157dff5435389018ef3c5788f4721ddb
legacy/AsmeVip.NET/Figure/frmPT/AAd.jpg,7628,eb83f9a8feab1513a65c6d6eb96e73f53bd6d6dff4d2da8fb9ad5b3d51c533c6
legacy/AsmeVip.NET/Figure/frmStiff/UG30B.jpg,12536,cd644a78c291d1a211f2bb37425f3bf8040724ef02fecce436a839937a6939ed
legacy/AsmeVip.NET/Figure/frmStiff/UG30C.jpg,10005,901321c0afd87409d105f3d6e740a106d06cd3cb94f2c39f3f3d54ed64dc7a07
legacy/AsmeVip.NET/Figure/frmStiff/UG30D.jpg,10302,e1c3acb293245c2295095bc944b9fd49cfa6e97ad778d552c77826f9d6ca0ec7
legacy/AsmeVip.NET/Figure/frmStiff/UG30E.jpg,8860,1759db9689c918b2d2afa90dd09a6bdd2dd454911e6e2c8deb1b412c929a51ac
legacy/AsmeVip.NET/Figure/frmStiff/Ug30a.jpg,12154,c6abdd5f56e7a5ce774dde3691a0cad70153a418f4ff09c93dceb6c0dd0f9286
legacy/AsmeVip.NET/Figure/frmTub/UHX11p1d.jpg,8412,86e69b2c1b481de2c64b69ef0955774e7ecd3a5baf459f913b1b31dd5b4b6894
legacy/AsmeVip.NET/Figure/frmTub/a.jpg,12929,3a593f79440c7c7395892b8e06e5b0c910d400e0ab8d6af201101b488319d6ac
legacy/AsmeVip.NET/Figure/frmTub/b.jpg,9065,53db4c2c588f4c7b9c5fd5dbd69173cc640745351f8b2568bfb6ab255b4c8b8f
legacy/AsmeVip.NET/Figure/frmTub/c.jpg,14719,acffc54b42110e34aab15ba075d442d75a2af95e84a15a25d13028f36b8fbe1c
legacy/AsmeVip.NET/Figure/frmTub/d.jpg,14303,790149e25b0482ecb012fa78d92342681d9f7693db760c552b8e21e4970c5551
legacy/AsmeVip.NET/Form1.resx,1691,ca69e581000c785ee309909ec81f11dbf6e881f0af58bb6f3cca904254fb5f1e
legacy/AsmeVip.NET/HelpTopics.resx,13564,97334f9cd8f601c3a374ae7badff18956adc460b7c2e71a714726907a3e59581
legacy/AsmeVip.NET/Input.vb,107821,59741d3b1c09633aa7a79cfe9e8930fa5148c980e0b68fc8c321bab1bb1337ad
legacy/AsmeVip.NET/LinkedList.vb,39,c14157df3af111009ed5f0b06f2103c767b773d1854c61f5409bd9012672fc83
legacy/AsmeVip.NET/Monitor.vb,3677,6e506f59d00322379594071a2ecd80f96f891a7febbadc9548a8997d802f52c4
legacy/AsmeVip.NET/Output.vb,133787,c717b00e07b9779a44a072616c2bbe0b1f9b63b9c216f7b7210b9c5287154515
legacy/AsmeVip.NET/ProjectResources.en.resx,3516,5153c6fb2fd3e6d5fa154647b53714f085a929bfbaebe1ae2acf7044ee77e248
legacy/AsmeVip.NET/ProjectResources.resx,61268,b74b64d068f9e861a6fbde1cdd7a4d700238a8887e89e52c8d35ddc63aef7280
legacy/AsmeVip.NET/Tipi.vb,4165,8f58fba163efd7e8b9b0c903a3d9ee47aca9a7c51530ce5337a540a691903186
legacy/AsmeVip.NET/UpgradeSupport.vb,142,4a47bb5879bdeec5f96394de1d09216a5992af52c13e0de73aa50629d9ddc6b0
legacy/AsmeVip.NET/asmeincl.vb,11449,0847706a3421fe20535b8bda79661b2a2038b6c90f459f286f0acd03a2009c1f
legacy/AsmeVip.NET/asmeincl1.vb,12407,b6ac9821acbbe25cad8a8d9d09caf983c652e33328c5367ea388fe90c527e768
legacy/AsmeVip.NET/asmeincl2.vb,40577,176b98320cd490112368a62b32acca6aa97c8b8665605e9ce4f71e4eae1dfab4
legacy/AsmeVip.NET/clsValoriMAWP.vb,358,53f70ab7f5f9069a4d21879217d820c1313fb75bcb89a4e8e9ab664b51b86a49
legacy/AsmeVip.NET/clsValoriMDMT.vb,991,c2d76c0a0dc9efd1a2af67b1a9d4635af1bcdafee8169d45d7e51258200d174f
legacy/AsmeVip.NET/frmASME.resX,57998,b7d7f07404151ebd202bc705b06a1c6162e54267165e6db6ecb1e7b7b5a6bffb
legacy/AsmeVip.NET/frmASME.vb,135704,bf18d2153d4864201ea7309d6a8b74c80e4a9921c2964757ecbb3e458cd235de
legacy/AsmeVip.NET/frmBel.resX,30615,ffe17a255ce7cb0bddc3252191c73a7c6b681512d52f0c0ccd67297802b343ab
legacy/AsmeVip.NET/frmBel.vb,42202,9061d492556879710c1e9ec47e44e9b715a566bed5a242508e354d21119e5d02
legacy/AsmeVip.NET/frmCil.resX,44911,2c1aec9e27a7391543a8e8c2ec8b3a81808d4bb89f2b8842f0f40fec712934aa
legacy/AsmeVip.NET/frmCil.vb,59329,d83177bc0eaa30b70cdba1d6ae6ab63086f4283a38e7613328090e13f5f50651
legacy/AsmeVip.NET/frmCon.resX,35787,5edd4179da6d00525af5fd8e3e85ede51977579f190c6f28181f5cabe8b5d5fd
legacy/AsmeVip.NET/frmCon.vb,45879,b3b1366570315efe4737f40c63ec0d3069632278cc2408b4821addf5c7444e3a
legacy/AsmeVip.NET/frmConDoub.resX,38672,5c74566b00654caab56e62a1f0fdef2991f760b439dc88404a4c31060a174935
legacy/AsmeVip.NET/frmConDoub.vb,54267,dc9977c6df456f165c0428599f83c15912f578cf9bdcde7df77463e2fee47f47
legacy/AsmeVip.NET/frmDil.resX,40887,efdb068dfd16971eddd64b3e4c0618d7d53998bd5c2af3a1978ab211fb3d3039
legacy/AsmeVip.NET/frmDil.vb,61934,97fb96c33fd7a2f20f8760833eec86fe3da2c6c3523476eebf9cf5dea715fb92
legacy/AsmeVip.NET/frmFattUs.en.resx,4934,dce7780fcc9da6a9cfa2c7faaafb23d302c0b03e9000d5500189c6f09ff44540
legacy/AsmeVip.NET/frmFattUs.it.resx,4864,136701e0be729e26efaafc53fa6a5824f11b3a4a733137b2d4bd7249a7428305
legacy/AsmeVip.NET/frmFattUs.resX,21033,d7ed4004127b035a9003822eeb3bd4a1b07a9d82d81d4b9e6ce8536eca9632fc
legacy/AsmeVip.NET/frmFattUs.vb,12107,da98b0c7daaf46e73271c2b09341dc0e7d825ccccc14039db31a5c21b77e3964
legacy/AsmeVip.NET/frmFlanAn.resX,48068,9456865441dc64722b15baba3ccc92beac4336e3c9ef1b539bcbdc0b7a4ce84e
legacy/AsmeVip.NET/frmFlanAn.vb,87921,a18e3cafcecdfcf65667ebb6bece374b18ec4a73d96b392b940ba21bf919c955
legacy/AsmeVip.NET/frmFon.resX,45403,795210a90e90a00a3e3deae05454fcd8714acbd740c6bba1e70c669cd8356b28
legacy/AsmeVip.NET/frmFon.vb,67727,04bee6a1485b7086952afaa954ab2ce2b1108761cbeaee882d4d692a6c8c6c42
legacy/AsmeVip.NET/frmGen.resX,64160,32c09a1c527d336427510384e01bbdd33c8a4f254ea3a09333c44f461b1e4768
legacy/AsmeVip.NET/frmGen.vb,105139,96d1cfae123bf6b6f090044e03addeb33d6a6dc79b9e21b2fa684887fc6e434f
legacy/AsmeVip.NET/frmGrafic.resX,9680,4d02b2bb44aa8a7525ab594ab2403cd29ff22e69e8191b07d41b3a99a39eec55
legacy/AsmeVip.NET/frmGrafic.vb,7404,73835b52fb179e33c4faf7a1edee4c49a9aa7bab94594a3b5386f8d4f26afa18
legacy/AsmeVip.NET/frmMessage.resX,7426,949102e965a36771fee70179945df1270500fbcf0835eb2048f096669774e15d
legacy/AsmeVip.NET/frmMessage.vb,3520,22b37025008df6d695a7492559a200a838c9c748da36d2a4fd31ebd8669cec0f
legacy/AsmeVip.NET/frmNoz.resX,1139913,fc8d2a67d06352be423e45ec51ba52efa0e95dc2e33d6ffe4830bd7d703e30bb
legacy/AsmeVip.NET/frmNoz.vb,188123,620a49c0c4986f787ac492900ee9ec2ff138e9241f54ec197819020047bace04
legacy/AsmeVip.NET/frmOptim.resX,44532,d0d880f190912cee395e63559cde995c89583611f603cfd0a4ee7345748268f6
legacy/AsmeVip.NET/frmOptim.vb,55501,a0a7eea94696f19071d39f11f32d8422000047d81f0c571760dc2d16e773025c
legacy/AsmeVip.NET/frmPT.resX,394855,cbd0913f9692f86cd99bdff89d6b099841d7967f50e0d230c358322b86b3006d
legacy/AsmeVip.NET/frmPT.vb,609752,0f7f6302820517d2a660c472b058a9fb72918d59c083c86091d517eb78e4cd58
legacy/AsmeVip.NET/frmPart.resX,30944,00dfb0c192e8b8f9a54288f5562145cb8123631a536b2d872313f113162b9218
legacy/AsmeVip.NET/frmPart.vb,46515,6cb581e0eed9a6a8e6f1a710455d658bce5bcfdc3932aaeb0ba3c11eb9d0cfd8
legacy/AsmeVip.NET/frmPartAB.resX,30240,18b275a6e68c7dcd9fe9d0fbd7645291964522ae44c602fed16738f16ef179ad
legacy/AsmeVip.NET/frmPartAB.vb,33667,4ab68b86f4c147b74f06f41bdcc1f5ca4ce60a32adbd2674b70af6614f820a48
legacy/AsmeVip.NET/frmRat.resX,16425,a74e2f149106ed2f48ffa4997fb7c411e25e9eaffebc12f6289a55d4a28a4906
legacy/AsmeVip.NET/frmRat.vb,18376,35b094541dc0fe171311005f4737c33ae5e48f8a82c9925a53c9bc80f07adc82
legacy/AsmeVip.NET/frmRis.resX,34483,3c7657078959cc99cf0e59296c3d1af59f3bacb1438b13686fa01d17fe62629c
legacy/AsmeVip.NET/frmRis.vb,56609,7745ea8da72ec234b8a979a0eb842748bb2abe327d6cf5af28d63ad1c4440c99
legacy/AsmeVip.NET/frmStiff.resX,68460,19d336f7c0f0676103269f9cb252caaf6ad746703b443d7bc36e4fbe591a0ba2
legacy/AsmeVip.NET/frmStiff.vb,16643,ea8062aee28d2ea0d0d8c7a4f194a7e1f3baf8a29d73e1bd852096ae9647ec65
legacy/AsmeVip.NET/frmTab.resX,21402,76eeb0c62b3544eb39190248cc84d409974720a2e1be3e582709f24bd4d7fe24
legacy/AsmeVip.NET/frmTab.vb,110155,310b9ffc4a55c11d4612887801de51b17dbc5de1e3363347fd81b41ce1d727ea
legacy/AsmeVip.NET/frmTub.resX,208244,5bfdce96e9c4e15ebcf8c2715a824754041a14dafb732ac19461ad952e2c4702
legacy/AsmeVip.NET/frmTub.vb,99441,9b92707b6f1da702741b6ade8fb24b3a818c10149e86899ab61f386a892dc5ea
legacy/AsmeVip.NET/mainASME.vb,141423,07a9014cb7d0206e57e15e15c425f7db394d5797f9fc308d820061676399c28a
legacy/AsmeVip.NET/mainPT.resx,1691,ca69e581000c785ee309909ec81f11dbf6e881f0af58bb6f3cca904254fb5f1e
legacy/AsmeVip.NET/mainPT.vb,5818,66168b79f53f09545d0f00b55f09b75a6c4b6c31184f34914c986ded183cbac1
legacy/AsmeVip.NET/messag.resX,10211,5120376ab8d4e8d05b6e18072a6f9dff87f743fa3492322b4a7322babc9b08b8
legacy/AsmeVip.NET/messag.vb,8155,7301e9d97789741e4bfdc0ed393314bf96d9afe4ddb8fe5e182b7e3b8b6b09fe
legacy/AsmeVip.NET/wn_AA.vb,277845,a3d6876c8ca2771a84ee80838510b4758b9fbab7a57a9e28100084d4741e6692
legacy/AsmeVip.NET/wn_Diaf.vb,32306,10f89cebfd55698d97baf482d225267e0100649d9e0837d92471a20d861c77c7
legacy/AsmeVip.NET/wn_Dilat.vb,140250,af8f19af48b3b6c7d6293dad93fee9cf6f139c3460e0d5ca7c0ed60e818303e7
legacy/AsmeVip.NET/wn_FTC.vb,438337,ea1b6c89abc61988053682d40e260142912077f80277eb4c03ed0e5235f5b162
legacy/AsmeVip.NET/wn_PT.vb,89822,16368ffd2e61b64737fd0f1f6a213994e02204fac60f3cf1c2cb25f3609b31a7
legacy/AsmeVip.NET/wn_Part.vb,9633,a61676916d503194ebc7d3f4647bf6c3a4a4d159b81902666597ded58b1d3355
legacy/AsmeVip.NET/wn_Tub.vb,7152,ee13acad757674e0abd461a3f2dffffdece96f1d7f6cc14f5f5b03e6af1c0f3c
legacy/AsmeVip.NET/wn_UTEMA.vb,208797,9dae333df76a31613919392eba50e2e89436f30a47015a3ab23563f7e6e88580
legacy/AsmeVip.NET/wn_flan.vb,266488,e93330c01ceb3e478372a8ddb1705d2d20f3207e43fab2e524ed31d511ea47a7
legacy/AzioniPersonalizzate/AssemblyInfo.vb,1281,47057ec8ac2436197becc5cab8ae89e44e5015a597b6305dc918d2fcb3884dda
legacy/AzioniPersonalizzate/AzioniPersonalizzate.vbproj,4389,4014bc7f5ce679a181c38dcd85499329e4fa89a1020e7a80cf4c2715b44a3d5a
legacy/AzioniPersonalizzate/AzioniPersonalizzate.vbproj.user,1765,ea0426ce5aa4c21dea6041c6d0aabdd0a95ba288eda15d62d2484c9324af7720
legacy/AzioniPersonalizzate/Installer1.resx,1691,ca69e581000c785ee309909ec81f11dbf6e881f0af58bb6f3cca904254fb5f1e
legacy/AzioniPersonalizzate/Installer1.vb,3856,e34ddc15af24251746a2c26a339c84d8debbedadae7ce2940cdc5ccf871233d4
legacy/AzioniPersonalizzate/modMain.vb,5911,906dc0cd88ae5cd38c21a3d7d1f83d87c6aff0f707262724aa8814251f8b80a3
legacy/DataSheet.NET/Aiuto/AggCrea.htm,225,1c09a517af6ffc50980b3cccb8af7bbc64951ae1663ee84794fbb0bce4e17a0c
legacy/DataSheet.NET/Aiuto/AiutoIST.hhc,2860,5d7e33fcef7d6a0a03f8dde0c6f0251c69b576c1052f14d1b82913520b4d72da
legacy/DataSheet.NET/Aiuto/AiutoIST.hhk,194,26f9b37f6f6cf8fbcb850231fcfa6813b76135b45806f2a53a0488e3376abb5b
legacy/DataSheet.NET/Aiuto/AiutoIST.hhp,1062,f42f869ae0fdded080c6110987d20c399abb038f1ae31dfbb7b35687ecd3e55a
legacy/DataSheet.NET/Aiuto/AvvPreserva.htm,763,4cefa2cf73b155d5ec683d7c393df6d15f7f76c66b80a3ed9ff58a3b4f50caab
legacy/DataSheet.NET/Aiuto/Avvisi.htm,224,f1a1bdaffccfb998d6b54bee820bccbd39c679b193973d4f45613c3bf6492d6a
legacy/DataSheet.NET/Aiuto/BotCalcoli.bmp,5114,67b3419b4ec831f2fdd7e0a58de3f0495cf3e8e0d08417e2d73a43cc505f256c
legacy/DataSheet.NET/Aiuto/BotClasse.bmp,22410,47cd8a440f70e17e72f7f1fb9ea4e3b1f89e63d3e646a561ffbb7aaa878511aa
legacy/DataSheet.NET/Aiuto/BotDataSheet.bmp,5114,d2cac95669079321e47b4ca3772f46561e2c72a88cbaa8b801580a0c28c913bf
legacy/DataSheet.NET/Aiuto/BotDistinta.bmp,5114,65dabf8383fddbaf97d6e70483d3d22f7232145a1004dd208d14383d552e37d1
legacy/DataSheet.NET/Aiuto/BotFormati.bmp,5114,db7ec55197e18c40b4520a2ad6f8d43d9f42093ff24bea31e8b941a0b201263c
legacy/DataSheet.NET/Aiuto/BotGrezzi.bmp,5114,7a0f97721814835f996ce9ec5466d034c1dbacef905cdf7f50e97f34ae61d4f8
legacy/DataSheet.NET/Aiuto/BotSottotipo.bmp,25422,183327a759d171fd796d70f8d2dff4962c86b4c417b386d8779f59b9387e0b54
legacy/DataSheet.NET/Aiuto/BotTipoTEMA.bmp,9470,1dc79ede3116c7810a416626b8760ef693a3f84445935f5941b3350aa6b93b4d
legacy/DataSheet.NET/Aiuto/BotVisPrototipo.bmp,11494,cd3cfe2f2c12eed65794ab4f06c1192c9052c74e6f9bd4bed71c1cbae3406d5b
legacy/DataSheet.NET/Aiuto/Chiavi.htm,338,9e2332f8aa5a2aef5fe5f8fbe2db41eb42d56a11c0b8d6889982b5cb917b61bc
legacy/DataSheet.NET/Aiuto/ChiaviS.htm,1179,c4584a58e81636603d18a67da6acb3701bc3bb8d8752adbb00d7313710fbf3e6
legacy/DataSheet.NET/Aiuto/DSf1.htm,210,afd27e33923505f876df6db923d74eb5fd3f96c8045fab63d4d158a0a276f9f9
legacy/DataSheet.NET/Aiuto/DSf2.htm,210,af28cd558f7dbae0f58ce185e23b595633034786941a47bf0507e2e446443588
legacy/DataSheet.NET/Aiuto/DSf3.htm,210,cd6ce4ad883bd349c841b1685149d5c0b552c643deec06149171c31400941933
legacy/DataSheet.NET/Aiuto/DataSheet.htm,213,6de043842a27e55d24a312f715c052602fd3a33c5b6d18a2a0c0e7b10bf65f2f
legacy/DataSheet.NET/Aiuto/ErrNoDS.htm,909,820f65108cae34b96f36bfa56cc0d6eaa4816ddba9917e62ae91b9049072c222
legacy/DataSheet.NET/Aiuto/ErrNoProto.htm,1535,5bfb2601ff074013f1e240608fa974001474b865563d18aae8de1b95328ad1eb
legacy/DataSheet.NET/Aiuto/ErrProto.htm,268,c71730997fa54045953b1f66855e24608a74ca2a82b1890abb2372af3c3932d1
legacy/DataSheet.NET/Aiuto/ErrProtoNoWMF.htm,475,62ea495df5c8c861ff0773b4b93a43a7a6770b997a9fcd8752c5bf0073ec37e8
legacy/DataSheet.NET/Aiuto/FinIniz.bmp,626614,d054b2ef0b28d244801fe19d447aee97e9c75c9050f925efe7317966fc1fdc88
legacy/DataSheet.NET/Aiuto/FinIniz.htm,2539,a9c913e7ba8dc24b784885fde2e010ede6e076452106b685d54b71c88597a800
legacy/DataSheet.NET/Aiuto/Introduzione.htm,215,d822d17f2cbe54a7c06db4279d6a868389eac9be1efd145e11c48b00fba04c1b
legacy/DataSheet.NET/Aiuto/Panoramica.htm,1604,5805e7808a1f95e2d7b00f3a7a96e374197fac31ba86de09ebe39aa31a5f986f
legacy/DataSheet.NET/Aiuto/Prototipi.htm,792,07e108adc30f8a3d25b4cf9224b7be6af7bdb62bc9f331db0af632fd5375e03b
legacy/DataSheet.NET/Aiuto/header.rc,583,ecfbee8742c158ea953020c920555a8495b83dfb5ac26bcd29421f274bff0955
legacy/DataSheet.NET/Arch/A.BMP,29518,fce140eb4c8856cb513631312b6cac89babbd62e2823a755d65630e4d36d57aa
legacy/DataSheet.NET/Arch/B.BMP,29518,4f6e7f603781353534a623d4908d4749a52098538cb28408fcde6524b4603570
legacy/DataSheet.NET/Arch/C.BMP,29518,6bf59325c5328b8425a998421160b9ca2e3e859f356131605ad83497618dfb3e
legacy/DataSheet.NET/Arch/D.BMP,29518,0b57d3d93aed33784c460ab9ffd6929379f657661a77676eb31c4c048179c9a6
legacy/DataSheet.NET/Arch/DIST04.DAT,77,1a68a04d90a09a09803e77485b0ceb3050da932c05f527c398bd51215fe80ede
legacy/DataSheet.NET/Arch/E.BMP,37102,42ed17c0f8c95d184142fcdb5dbdd7b1d472aa8d302b68aa520abfa8e912d220
legacy/DataSheet.NET/Arch/F.BMP,37102,37a97c1e2bb35b1464861dfcea9cd49dbc975f29a6e52b9aae388b7ee700dc8e
legacy/DataSheet.NET/Arch/G.BMP,37102,ffa263f795ea55febbb4dba5e7c8228b55d17c32bcaac61072db35125b506a99
legacy/DataSheet.NET/Arch/H.BMP,37102,3c5a212c523f483e920ae2ba2f58d5f3109b043892d204aa851e6b50bd081382
legacy/DataSheet.NET/Arch/J.BMP,37102,8127e2539480ed6cf453f89a3da609bc8348e62f8c36a85f49e7cedf13ac4c5f
legacy/DataSheet.NET/Arch/K.BMP,37102,c7207ad7805d7d46194041f33f586754b3ae1509a943b60dcb32580e97a040b7
legacy/DataSheet.NET/Arch/L.BMP,29518,ce8ca4efa27b20b50a8e43327d5e0b73fef8d69ae1a3332b4c40cf24c353879b
legacy/DataSheet.NET/Arch/M.BMP,29518,3b4ed29bf375772dfa65d34b881c69979710bda4c230176bf400292e1f40fc16
legacy/DataSheet.NET/Arch/NN.BMP,29518,6d6a3446d48f081e756caa9fa29073b89f41975bac29e1781e1de579cd92b059
legacy/DataSheet.NET/Arch/NULL.BMP,29518,2172e82f2b600abbfef2161abfc142d9033548221ede7b174a1f09cf926f2a5a
legacy/DataSheet.NET/Arch/P.BMP,29518,80d1508c107d8cba7a68f213c909bc23631343d7bb96babd65c919689010128c
legacy/DataSheet.NET/Arch/S.BMP,29518,0d3fe1d5cb8f3ad9c9b762c32001ca48e1ece55895fbc9e2c0ec0f91d7caeeb8
legacy/DataSheet.NET/Arch/T.BMP,308278,e413c5027d108f8c06bbd52ca50898b3dd9ec5bbd390f41051cd198de0bb3ba6
legacy/DataSheet.NET/Arch/TEMATY.DAT,778,b72aa56a8ec49feef790c9ab4d627af6bdb5ec2368290dbecd73cd42d0142672
legacy/DataSheet.NET/Arch/TIPOP0.BMP,1610,98f08cdae23813a341b56f53b8112216a37703e8b7df6e875596d1affe4b6a15
legacy/DataSheet.NET/Arch/TIPOP1.BMP,1610,e9a70e7abc2b0bb3b9c39f36895da8685117fe84bb3785a2ac5cd5efc2e3b02a
legacy/DataSheet.NET/Arch/TIPOP2.BMP,1610,1b9e0c588a4a505913fd54eca0897c681b8a06b8fecbb04bf8fa421f177f343a
legacy/DataSheet.NET/Arch/TIPOP3.BMP,1610,c8518686781e04bc4c881a4faab599d859359b0df26b10fc926bb07428e87039
legacy/DataSheet.NET/Arch/U.BMP,29518,0d20cc297948bda5f45d021b3a3ca6832c2fe7e451f393b09c3024405a8ca668
legacy/DataSheet.NET/Arch/W.BMP,308278,baa04c45b53bdeeea0f818d67b76fa024edae4ea08f90a997cae0705711085b9
legacy/DataSheet.NET/Arch/X.BMP,37102,035650569ec44dd778db4ba709159889b0bb7905d380281ac010e42ee5669e1c
legacy/DataSheet.NET/AssemblyInfo.vb,1139,1ff70334c8cc6cd67d6b73db460edf8f05ed6de214286fa4c5413a9b19825bc7
legacy/DataSheet.NET/DATASHEE1.vb,85409,a736040ac92386e2c16bce88431157fbd63e8906ae313401e049cf73d88dd9d7
legacy/DataSheet.NET/DATIDES4.vb,8567,2c48ea5d1f4d3eacb7bb4a339abc11800505406c4b6888d9206cb9cf126efd31
legacy/DataSheet.NET/DataShDll.log,48115,93db4b8d3df181a652776ffa5457f4a4f9bff035fbd9f66e9fcd444d202ca40e
legacy/DataSheet.NET/DataShDll.vbproj,14524,6587e66e433143ea64bde676b437d4901ca5786f1af3774da816b7af586790c4
legacy/DataSheet.NET/DataShDll.vbproj.user,1854,4315825d1cbfb9231c1ff5018e1bc667687b702f200f3fe3ea519bbdd9ab827b
legacy/DataSheet.NET/DataShe1.resX,82588,29cba0c3323d1256f275921996fc4cbda1d69d4872d29d904d1387e26432d73d
legacy/DataSheet.NET/DataShe1.vb,86942,e64075850b3b531380ef1bf7cbc1ef75adaa1a2912d05e9015ca61450427123b
legacy/DataSheet.NET/DataShe2.resX,81158,d0b25b970cacae5a40a505578841f8b35d5264b8374bfaa9fa5273821cb2ba51
legacy/DataSheet.NET/DataShe2.vb,88790,7600929dddf8b32c30da9c9afc5e6925376d7ed3de19a97e3a8040b553b775f3
legacy/DataSheet.NET/DataShee.resX,13962,6dd6e238e87ade3e6caeddfa57b811ad7c93abac22240c153a2817d234a28d05
legacy/DataSheet.NET/DataShee.vb,53576,f4025bdf8a0c627c8a515a55898e260e528b144ab64911610abba4d837082ca1
legacy/DataSheet.NET/HelpTopics.resx,2074,80a07226933f0dd2a5ffc7f0b8cc8ead4eb917563e4550c8e698d23564f3592b
legacy/DataSheet.NET/Monitor.vb,1511,95c0416ef8e320e9f80a7dcf7243f207fa4ad062ea424163a0ffed53607ee77b
legacy/DataSheet.NET/ProjectResources.resx,5823,5c1dd9fa87cd2619a3cf4436b90b1700fea2aae6c1e45444e6fbce33393e0fd5
legacy/DataSheet.NET/SaldMand.resX,10779,60225eddf85e4dad1f481618597720a77d82470e7b60c9b4ca6d5ffb32b8d497
legacy/DataSheet.NET/SaldMand.vb,7744,67cda3ba1aac7db07acba514cb1bb27ca3df667a712a38ac557ceb70180c2068
legacy/DataSheet.NET/Work/1246.JOB,1213,392fe4dc3705c6d87b94913bf47db3c3d3fc628feaa8c5bff88e94c41bdf6aa8
legacy/DataSheet.NET/Work/124600/000.APR,281104,8652d629b1a31b097e29c5f2b889c3c3029090e34b571dd6f79d62f8cbd88ab7
legacy/DataSheet.NET/Work/124600/000.DES,3132,6a053efc8b30ea8fc5281bb556cd6db5ec607a778c1d1f2dd8f78ee9103880e4
legacy/DataSheet.NET/Work/124600/000.SEZ,547,42b278a011535abbec6b2e09800981843e8a4573347787e2bdfe7d02a184ec74
legacy/DataSheet.NET/Work/124600.TEM,1213,74a4c80136376af6dc15ecdf919dd93cece2421cc4782ea0ce143569e15ae905
legacy/DataSheet.NET/apert4.resX,41230,1f7fee25504fd380e391aea4478180010415c749bf130c89b0b3ccfb221c3b15
legacy/DataSheet.NET/apert4.vb,84316,682e6f65e560eb18aa8530c307d303cec37debd95ffb610322506891776a9eb5
legacy/DataSheet.NET/clsDataSheet.vb,2611,6b29ecff5ad3a8a7365975cd035fd88cbc8db9d07e822a88a07afc56f9e2c367
legacy/DataSheet.NET/frmForm.resX,14370,49f081c5f778a04ca4f9f6b950b1e19cd3cadaeb79a1e9da73b01d8f1b4f65de
legacy/DataSheet.NET/frmForm.vb,14636,f4aab590d59117f4ea1dbb28bc0dfda6ce76377f8acdec10c0596d1da7bc6937
legacy/DataSheet.NET/frmProto.resX,16350,3d84ea52bf8bfc2667c8481c34cc81f6516df493c73b256069b32841481ff282
legacy/DataSheet.NET/frmProto.vb,25714,e48b99719c15221ce8986f7b3fb13e48f1cb2850a934c2e81b7896393f9d6a00
legacy/DataSheet.NET/frmTipoP.resX,6168,7cf0a629978919f359c3db5b967a0e743cd9ca43a1bdd733da1f636053197b23
legacy/DataSheet.NET/frmTipoP.vb,14023,929ec04e083df7cd57ee566bdf9e0671a741752be20de40b7a8b3ff387fc3b47
legacy/DataSheet.NET/tema.resX,53803,7492ddf220e9f423386509eb28e56574b0217dff90c8c94b4c5c7d13781c55f7
legacy/DataSheet.NET/tema.vb,39775,58f15daa8add79008e88994ee3a4029b95194dfeb6547a2995dc5d46718961db
legacy/Figure/Ellipse.bmp,1398,9b29721a426908624fb92512c1186cbec68275d5193a298547b942a16dcfd450
legacy/Figure/ZoomIn.bmp,1334,2f213e5024a9b2f9bd7bbab1e7e013c49fdc6b5ef0c3e9b30039e8233f5e8ced
legacy/FormulaParser/AssemblyInfo.vb,1306,2ca34bd001077cfdc9d0ea5400b68c5920cb4d26eeca2327596ac127ad69cd2b
legacy/FormulaParser/FormulaParser.vbproj,3500,bc1cb203c44e6b3dcf8c500a4854c4ff11e85e840d9ec1d61fd7247d90b14852
legacy/FormulaParser/FormulaParser.vbproj.user,1767,de9e587cc8f20f5c5e80f4ef6babcf154342b499970e0a6980ccd2d8c46e2b93
legacy/FormulaParser/clsFormulaParser.vb,19373,8396434625f01e9277e9f3d47f349afa786f6b7c4c8bb20770e562d88a0a1248
legacy/Grafica.NET/Aiuto/AggiorPrototipo.htm,781,0f4eb8ab592a23e557aa44e2aaa4eacec02a08a514c1d15963738b2cb9b9e888
legacy/Grafica.NET/Aiuto/AiutoPPSM.hhc,7808,cac2672baed4df10f740e079408a1e12f4982c7ad5ae275d9b7b170751c0d4c6
legacy/Grafica.NET/Aiuto/AiutoPPSM.hhk,194,26f9b37f6f6cf8fbcb850231fcfa6813b76135b45806f2a53a0488e3376abb5b
legacy/Grafica.NET/Aiuto/AiutoPPSM.hhp,2064,e230cc4a71b51f256fc26793607714e6355ee8fe433fefb3faed750ecf2a895d
legacy/Grafica.NET/Aiuto/Anelli.htm,409,a2dd89c8bbb9a2a36889b4dac92dbd32ada4d23509f4a57adbb3a5578eaa812f
legacy/Grafica.NET/Aiuto/Anello.cls,10430,b601d37e191f595c2fc0484fbaa2f2f9a1fe51666b4f873384ee71443850f6f5
legacy/Grafica.NET/Aiuto/ApprovImmagine.htm,251,0ffa23cca48ae493deffe70480500eaff83134837fb5cc541170c7211df8d1c5
legacy/Grafica.NET/Aiuto/BasePrototipi.htm,623,0f992ee2198a90d745361bec24e99f36d2245122631e6347ba81036657c91592
legacy/Grafica.NET/Aiuto/BocchNonStd.htm,235,e9965045a20f99c4f0430723cff6174b20ccd553b6b34aad7bdf0867319527a3
legacy/Grafica.NET/Aiuto/BocchStd.htm,251,8a22526e9d4eb6f4f11d9d2a15c1fc1c09324e63e7d76254f2d75e9e6e669a02
legacy/Grafica.NET/Aiuto/BotCanc.bmp,5730,4aee62c8f123f1e36a55bae2c6a40322cef7a5a841cd02d17bb78f79cb5e05ca
legacy/Grafica.NET/Aiuto/BotCreaP.bmp,7874,de924151f10f86bfba40e4cba28d9f41e40f8afd1732810c723aa9a79a6c0baa
legacy/Grafica.NET/Aiuto/BotCreadaP.bmp,7874,77d33d52c5435a87ee312ba6acd5b0c225a139cec67c7fb6cfcb270fab0fcf2c
legacy/Grafica.NET/Aiuto/BotDupl.bmp,5138,233d516881a5560f6f74530b2102f98a81c000e03a26ec0c16b9cfb276166a90
legacy/Grafica.NET/Aiuto/BotEdit.bmp,5730,b374e07e27f177458c2811b7e691cb73f5e6c8b5a89a2e4fac084ec8856ac6a7
legacy/Grafica.NET/Aiuto/BotIns.bmp,5730,a52fb71fe060461706be6b83f152a3aaac869b6f2dcc619420d5c0d70e01e4b7
legacy/Grafica.NET/Aiuto/BotLordi.bmp,1566,93bc74480a255fae2dc028c9ea05ac4c168930547d7089604f55a36ad8738047
legacy/Grafica.NET/Aiuto/BottPict.bmp,7254,43186e6a15b9794185cb22cae539d406e06af26f9913bf8313fff4f77628d8e5
legacy/Grafica.NET/Aiuto/Cilindri.htm,207,5899e086b2ff96cc259faf332ca259094e52923ee77417dffe069106bf1b7098
legacy/Grafica.NET/Aiuto/Coni.htm,922,f65ef87edf2832caa41252c60b61e7159f53f6e1cd88aba9672c78e2ca2ae8c3
legacy/Grafica.NET/Aiuto/Conoidi.htm,205,fd2deadb495c80cabe5a3802781cbcd32a97fa11b4b49e5a0f6d388c1f0c100a
legacy/Grafica.NET/Aiuto/CreaApparecchio.htm,249,79f9438e81335ec1d97b9551bdc37ad8f2155cf466aeccfefcb5ca39b5aaddfe
legacy/Grafica.NET/Aiuto/Diaframmi.htm,535,f5ac9256311c34da41ffe6c5380110b477c63b2efa87a670edd028fe20f3de96
legacy/Grafica.NET/Aiuto/Disegnatore.bmp,822,1dd54276a7535bb7871d6ef943ceb3ff50d9619cbf61dcc35c87c280683f02b7
legacy/Grafica.NET/Aiuto/Distinta.htm,1691,d494f195741b23e7dee6053082d1a3c961893440b59cb5fbe0167c1dd5636160
legacy/Grafica.NET/Aiuto/Err2proto.htm,888,e5e53691d380ea39999b1290929da12b9c4ea7f6e5ae1aaf2d72da2a84cf5983
legacy/Grafica.NET/Aiuto/ErrLamQuad.htm,792,ef17338ac31ab56278ff5c04ef6a204b8f6fd7f379cefc2f79ac1b9a7d524b6a
legacy/Grafica.NET/Aiuto/ErrNoLamSpic.htm,680,5645a565a30dc2c001cf43336a31ee827d01cc23390af0acaf20af9af9fd9f0b
legacy/Grafica.NET/Aiuto/ErrNoProto.htm,965,da47cee7d80b27450e3961799478ad44377906e9a08bacd495cc48bb8954520a
legacy/Grafica.NET/Aiuto/Errori.htm,225,b0b52e46c5b47ebc7e1924df12a9220857cc981648881fb92c72eaabfc808006
legacy/Grafica.NET/Aiuto/FasciTubieri.htm,217,77001c33456216b281e87c10258c4d7754a3103592d8d94e402addeebcb9c63d
legacy/Grafica.NET/Aiuto/FinAvvisoDS.bmp,289014,703e690d2fe83b554bb0d9cc7f320dd58ae5474d41843304f012bc88fe948b0b
legacy/Grafica.NET/Aiuto/FinAvvisoDS.htm,706,87086121756b46ac4e0ece7b8966463a3acc941a90d5d6ba4662eba9ee7a0d1f
legacy/Grafica.NET/Aiuto/FinDati.bmp,901782,926c7ae8497ed3a514d0b6b26bae7023d3033b47ed3e09405c9ecfd191a2c0b1
legacy/Grafica.NET/Aiuto/FinDati.htm,677,352d8b02d953b853546921c08f5129d6b502999af7f53837ef2caa399c5e1b32
legacy/Grafica.NET/Aiuto/FinDatiCono.bmp,1029006,dcc6aea4a22f1727a4a93e22ad79a81b853b7112894366ba95a22a9c37a72d80
legacy/Grafica.NET/Aiuto/FinFori.htm,243,67384e831477eea66f7d79ac021ec584027a36d9f4e2d022b23f50e48c108316
legacy/Grafica.NET/Aiuto/FinIniz.bmp,1473174,8868947d8202fc1efd85f40669d2026beb8f56014818db0d05cc2f336b44f6cb
legacy/Grafica.NET/Aiuto/FinestraIniziale.htm,7460,fddb36622850f2e18afa2421f48116e1f874901c04fdb9010e62a47e96b54b62
legacy/Grafica.NET/Aiuto/Flangioni.htm,225,53ffdf84ac8c645deae5b8fe25ef335135c1adda9c3f4536018fb8b238130048
legacy/Grafica.NET/Aiuto/Fondi.htm,2070,a19c783df912ce4bf85f57f90b1a5946024fe34fdd5391abca6979d124d3b266
legacy/Grafica.NET/Aiuto/Forature.htm,210,294afae2d63c16a0142e81443e679fe00437f964474ff1e5516aa05f3f2de1dc
legacy/Grafica.NET/Aiuto/GestInformatica.htm,1739,f15de43b0b27aec8eb3a58644e0c3ec6036cf6fb635a9d4a4cfddc56e4c0ee20
legacy/Grafica.NET/Aiuto/GestioneGrezzi.htm,1602,1ef5dc2aee3ce761365dd1dbd0a06d9d8d9fce9e9a7be6fe5513b8ca58580a31
legacy/Grafica.NET/Aiuto/Introduzione.htm,614,26a238597a6103c70fd33c9e8743e9a2aea6009b47aeaeda67aed30caee94617
legacy/Grafica.NET/Aiuto/Lancio.htm,1168,b811a691f071dea585f38a54a86581fc0f9630d20f83758be29949b86ff6c9c3
legacy/Grafica.NET/Aiuto/ManHTML/OggDiafUnsupported.htm,13692,37eeb21bab48fdd9588dd8bd64a2db4f566e83ae0444e4ac1b8a94cc34696908
legacy/Grafica.NET/Aiuto/ManOgetti.htm,213,5e4d6fa099efa225af2eb8e8a2ca2ef7f5d7bfdcdeb6bcf9aacf90d4a095bb18
legacy/Grafica.NET/Aiuto/ManOggDiaf.htm,229,e844b32bbc61a72951568d29cb5b53cf444025eed311dbd79dfebbeac32df7fb
legacy/Grafica.NET/Aiuto/ManOggMemb.htm,273,19bafc87a72d98d5370cb88e8f239beb5d36f72c85c1bbb220c4e0544627fbbb
legacy/Grafica.NET/Aiuto/Membrature.htm,245,9b2bb92ed5de31d40ca2a645d3864aabc5f40261f49d6797d805134921aa5be2
legacy/Grafica.NET/Aiuto/NoAutoCAD.htm,660,2901c4ae2804350fc2eeebc5a0d4bb5917eb8bcc4e33d4117a0cb6203a7edf8c
legacy/Grafica.NET/Aiuto/NoAutoVer.htm,396,5137f919032f43779d06ed91ebcfcf40ac051395d1d96ba8c22e9f007cc4a148
legacy/Grafica.NET/Aiuto/Panoramica.htm,1377,88433d9326c2aec1e4d3c1ccb222bd7f9812cd328bb34398babfe143b0bdd804
legacy/Grafica.NET/Aiuto/PiasCop.htm,686,0dad995fe8f15774e9e4d69639bf5da01d1eba9ed41eab8ce701e9922a5675ca
legacy/Grafica.NET/Aiuto/Prototipi.htm,1074,e8c428f3959b1133224955f61e1066447fa6b0cc51d20de2796fa6cbbe90de43
legacy/Grafica.NET/Aiuto/RifiutoCreazione.htm,537,1b0b78206a090184a398814d84c381a31ce8ef2a9015b446d5f6211e022edb24
legacy/Grafica.NET/Aiuto/Rods.htm,199,438df413ab4addd8476a7c6ff3e5d726e6473aeee4235f5d0d3b83d1a97f9f6c
legacy/Grafica.NET/Aiuto/SealingStrips.htm,219,5de3300c339e99fe618885dc03d8a2b843779da245af4f681ddac17fd2de28ce
legacy/Grafica.NET/Aiuto/SettiP.htm,408,ebaf80e804a5739d6d30938d9e37456d332948bad0c986367cbdbb70748c0e99
legacy/Grafica.NET/Aiuto/ShowForm.bmp,1138614,d626f588dced2c9aa8ebea899aac2e834e255098893fd0ac0cd8ecdd4893ca53
legacy/Grafica.NET/Aiuto/SpicShow.htm,1023,f79f6ab531bb9bdece5ba273586767d403666898fa39d3abba7497e966dfcf28
legacy/Grafica.NET/Aiuto/StampaDistinta.htm,226,0ebc45b589291987d13f57439aabf6586531c77d577d945d28f12089e5749638
legacy/Grafica.NET/Aiuto/Tiranti.htm,205,63fbc2d1bef0698e7133ac58e887aee0994b664fcab9e49ba57d19682edd1b0f
legacy/Grafica.NET/Aiuto/TirantiFascio.htm,219,afce6437b494271ec37c99648fc6849d6a2b9c7db1d335be1efbe2c363e51db2
legacy/Grafica.NET/Aiuto/TubiScambio.htm,221,b457c9d0e0500bb8b7c37974708d77d70b06c5cdf30e68dcf4c23046533ceb92
legacy/Grafica.NET/Aiuto/frmBot.bmp,23418,2dd14a04da272e1664f30fc9d860aa85a043a55fe3c111b5a177a48cd4404f43
legacy/Grafica.NET/Aiuto/frmDescr.bmp,79782,3b789ebe174237d54831a37dbf64c31fe2d60a6054089070e69977ed7e5a17e1
legacy/Grafica.NET/Aiuto/frmGeomPara.bmp,132246,3a7b36bd1b7bfbf5bf9acc6ac38a1207553048187523d23bf59f205174f4baa5
legacy/Grafica.NET/Aiuto/frmMatDenTip.bmp,72870,77d2385dcaffba309df464a615fcd189a34388f4e0fd4918d4d5ebe5cd60d0fb
legacy/Grafica.NET/Aiuto/frmPesi.bmp,128102,cfdf40e34509e024053ec8d5caaddcffb1c07bfdd372d6cb7d786c24109da536
legacy/Grafica.NET/Aiuto/frmPict.bmp,255906,f5215fe9325a740683b3c0da971136f7f6e131ed2ab8a67b70aaaa69a9153cea
legacy/Grafica.NET/Aiuto/frmSuChi.bmp,141278,6b8f9b9042570c33c78a37e43fd71afda2af753cc542e8dead0567e53c3032cf
legacy/Grafica.NET/Anello.vb,12008,bfb84736635ef2d69129ff7655a98b4c69b189886353bfd7dd63f73c6fd597cf
legacy/Grafica.NET/Apparecchio.vb,12978,01860448a549c9cce92661e2bb0d5dd14f6a642d01d6a7c614c05d8b218669e3
legacy/Grafica.NET/Arch/ALGE07.DAT,139,b663e52d96cb8d03ea8bcdc61a9eda8d8b2af11eade3e0b32a7e2ea4f28a029f
legacy/Grafica.NET/Arch/CALA01.DAT,913,2835369d6329cc9c5affeaa76cd900eb376caca1071596e0dc7b7bb41c80f4c7
legacy/Grafica.NET/Arch/CALA02.DAT,195,8bdbdcaa4521ad395d96e041a49feeecf24eaeb69636086ab2e2c3519d17834f
legacy/Grafica.NET/Arch/CALA14.DAT,62,f51d693756d55927a66c3a5dda9f232a2c75383563355e3fb2b5af5878a86aa5
legacy/Grafica.NET/Arch/CALA15.DAT,20,e706348ff8f0fa1d7d7eb07cfca8aa2c4981854d40b0290b8e9b2372b671bfe0
legacy/Grafica.NET/Arch/CALA16.DAT,133,9687fbf98bea4389b4c2def70a3324f562158fd0fe3bc86cc29c9b48594dc24d
legacy/Grafica.NET/Arch/DIAF01.DAT,658,0d2a4f955cc93d9c0dff0924f1f6356d56e64f5fbcdde7e9dee47caed476a1ef
legacy/Grafica.NET/Arch/DIAF02.DAT,209,9e95ae08014d465309782270d06ce3faffdd65d566424078cbc39a81e0b2d1e2
legacy/Grafica.NET/Arch/DIAF03.DAT,429,5d086a301661a42148d4310afeaeac0ad9e582300118eeefef8835b9c35f8b73
legacy/Grafica.NET/Arch/DIST02.DAT,116,34dae9417d08af7873dbf3770aaf5dd1533f84a68b92d175613b75ed78b4f59a
legacy/Grafica.NET/Arch/FLAN09.DAT,894,00277d404a5b82d7d66ccc04878bff43ce1639d6788b73dd192e55f4d8f4d6ed
legacy/Grafica.NET/Arch/Flange.mdb,2121728,fa593f765f610cc5de30290af1bafa63d089493cea2cefbfa20949192611378e
legacy/Grafica.NET/Arch/Grezzi.mdb,221184,591c30a2b38aee172bd8b6dcde930e24690bf2dedef6e4c8c2c743820643b4dd
legacy/Grafica.NET/Arch/PIAS07.DAT,116,a4529c2388bd3f4403ceed6cf3b829f37b52638730201e4849bb28fd12c0a3de
legacy/Grafica.NET/Arch/PIAS12.DAT,886,f3318a8203ec2e2f846f424da2760eca683ed38df5a206c858e4da7886b817fb
legacy/Grafica.NET/Arch/PPSM.doc,19968,47821aaed23693b81980446d6584d47c535448455baf34924933780edf2110f9
legacy/Grafica.NET/Arch/Proto/A000101/100.ADU,848,4ed44fde9ad4460b13164f113d640bff6e917a1ce19c9c4e6ba1bcc0db95ff11
legacy/Grafica.NET/Arch/Proto/A000101/100.APR,24603,0c78d1248254d40e8924217449441e320e1c47cdb8a77a22c57183964a5616ca
legacy/Grafica.NET/Arch/Proto/A000101/100.BLO,40800,21bd768113d52cb735763ae98802d8b83dde40ed023d98fffcd5eaec9b77e8eb
legacy/Grafica.NET/Arch/Proto/A000101/100.DES,288,d76534e7aab8657d2d9749d224b77c6470385773b1a52a816f88bd5c4b5d2f72
legacy/Grafica.NET/Arch/Proto/A000101/100.GRE,0,e3b0c44298fc1c149afbf4c8996fb92427ae41e4649b934ca495991b7852b855
legacy/Grafica.NET/Arch/Proto/A000101/100.INP,239,f90146caf20af6a9ede07ccb58ac6c32fd018f8c32fd73826707b087ae91a9ac
legacy/Grafica.NET/Arch/Proto/A000101/100.OUT,832,644ae2f009210842705231338d6d7d76b8b573570cc518eb06f2270899f912ec
legacy/Grafica.NET/Arch/Proto/A000101/100.TRC,1869,cca829356e22b877ca71666ca87707e976a554716c884af9ff71175c0c5fe539
legacy/Grafica.NET/Arch/Proto/A000101/100.TRK,4178,63d6900d821783726f4dc7e702d9b67b4eb8c58832a1a564ed503fc9a548473b
legacy/Grafica.NET/Arch/Proto/A000801/000.ADU,826,1f98804a0451ef23935b287068d74956cf27cd3e0e1f7d749fce1a5c56615cde
legacy/Grafica.NET/Arch/Proto/A000801/000.APR,48032,4d2fba79493a670dea7defccff05ce95cc3986f3890984a3bca1cbb161910143
legacy/Grafica.NET/Arch/Proto/A000801/000.BLO,40800,0fa39456130d029edaf9032223fb64cb5bc82b38fb0f1875507c8ef02e2f6324
legacy/Grafica.NET/Arch/Proto/A000801/000.DES,1656,c5bde433d651565eafa100baef667affff25e0b490f7c42ae106afe5c788f120
legacy/Grafica.NET/Arch/Proto/A000801/000.INP,589,ed7ff687652e456c40f87d64b27249c847433cee81379722076ab8da1b7f241f
legacy/Grafica.NET/Arch/Proto/A000801/000.TRC,3473,1c15ccc34479bffcd4335f55dbd62f779bc2f6e707b4c926266c16a007181d2e
legacy/Grafica.NET/Arch/Proto/A000801/000.TRK,7621,6611d45ae724776f83f2f6c4034cb67c4c26ac442a38e23fd96d5fe1046bacff
legacy/Grafica.NET/Arch/Proto/A000801/000.wmf,11928,b7cd0db2e58039c5ef3a4d38dff1fd373be1a91cfa257cb6c006c1d871f6d52a
legacy/Grafica.NET/Arch/Proto/Classi.mdb,176128,b31d14c4e8685431aed93bc5540c48bc9458d0005cf5ce51f79a17c06a2627c4
legacy/Grafica.NET/Arch/STAM02.EXT,6428,4bfd7e5be7920a379e05647f972a7bca46abfeba536d816829719d4ef0d9c42b
legacy/Grafica.NET/Arch/STAM08.DAT,820,abe7bf65d2d64d11ce13434bce267ae8bad595f4e4384aed55e9643688f6e6a2
legacy/Grafica.NET/Arch/STAM14.DAT,78,6f24ac4122a368e9406f249668cd13795ab7b1a1a4b59202cd7942f2e132f8ec
legacy/Grafica.NET/Arch/Selle.mdb,253952,9a71049e481a0af2f7dc768d2285f37f8176df337410f83f825a26367d145b2d
legacy/Grafica.NET/Arch/Suchi.mdb,548864,2fb18499e0fa1ca4f6d5841c5b6009492e77e141ae1bdb4cf01dc04792eeaa49
legacy/Grafica.NET/AssemblyInfo.vb,1122,546bf6bf7d0afa882ed8a40d6faf3ccfad2faaa337263dfb85e5358ab19f8fb7
legacy/Grafica.NET/AxSSCommandArray.dll,10752,39d216e12f44b5008af8a3ce2c0f4232226d55830169f220866d8a103b9709e6
legacy/Grafica.NET/AxSSCommandArray.vb,5079,496df756f8df26c9ab30c77b8d91fdc51667d0e843bd3c2db928265a6e8a2972
legacy/Grafica.NET/CalDisc.vb,11488,2b3896bb25ee2595be6db22fd8ef3b9d8e6fc8aa250ea4f503f17ce4b85a926a
legacy/Grafica.NET/Caland1.vb,62752,800abfa46f781c4334bfd0969323ef9b3b7f6f5eb6bd4d4f31f0b896db8627e4
legacy/Grafica.NET/Cilindro.vb,15171,a866b2c2dc4e768c7636b48004bafde1e23c16a54f3832e6929c3893eb952990
legacy/Grafica.NET/Cono.vb,41331,cf907d44423ca05ff634b827714dfcaf41ec3775101584ddae2a07c9687fea70
legacy/Grafica.NET/Curva.vb,9119,fdce702ac0a8fe5b5cdb4669d8d0fb935862afffb6f89ab637d2927b7aad2080
legacy/Grafica.NET/DATIDES4.vb,4361,243e59a88a8cc9771dfab647ab5a2cf3278e62e275aeeb117139f84bb80bd38d
legacy/Grafica.NET/DataSet1.vb,191781,1664985f898f9fb3a35f207561aef76469cf3a05c5d69d764e00bd280d7091f4
legacy/Grafica.NET/DataSet1.xsd,10278,39517495ff14c753fe703ec9cff1f6a04b8e762ef0c71385ce5dd0f9f0cf658f
legacy/Grafica.NET/DataSet1.xsx,1430,fbd598514dad2189e9197b209a1f6945cac2b5e092f8066472efa172994ba75e
legacy/Grafica.NET/Diaframma.vb,21833,3265de66f9894cb7976ac1555cc992b7a859ef4a33b3dcc65deba41d7a7ea891
legacy/Grafica.NET/Dilat.vb,19521,7b01cfd6f8de4fc7937f4c9263611a78e2429f16dd018338775ef01626bc3364
legacy/Grafica.NET/Fascio.vb,25819,815a2a3ca68cdafa93ecade8c398e860bbf28a608b34615c825a2c5a55ae6f1a
legacy/Grafica.NET/Figure/Agenda.bmp,3354,b68e4e1d979bc099da014c33f69ca420054f55ecdfb61e0109b70327efcc7216
legacy/Grafica.NET/Figure/AutoCad.bmp,1062,341c2c8cf0bbb4d53eae15d293d732bbc3f04486ee7788b63bf44f0211b94aa2
legacy/Grafica.NET/Figure/Gomma.bmp,3354,cf55748857c4951690b0a240b39a959f111b7ecedce1a89833207a3845de1b82
legacy/Grafica.NET/Figure/Regoli,3354,f5f0afb8e1edd4a33e84a51ce4a603aaf24d91ecda0db0d866f38daf4cfd2e02
legacy/Grafica.NET/Figure/Regoli.bmp,3354,f5f0afb8e1edd4a33e84a51ce4a603aaf24d91ecda0db0d866f38daf4cfd2e02
legacy/Grafica.NET/Figure/SolidEdge,3354,7bfd4955f3ffed6122f3e0c5c54b0f1397859f9cf2a1709c7d58016a30125439
legacy/Grafica.NET/Figure/SolidEdge.bmp,3354,7bfd4955f3ffed6122f3e0c5c54b0f1397859f9cf2a1709c7d58016a30125439
legacy/Grafica.NET/Figure/duepersone.bmp,3590,b386d23bf6575b85476d06363b1724fbfcefa1bdb1eb1e3de249df9ff647021e
legacy/Grafica.NET/Flangia.vb,18202,1c9d5767de0150fba752f2c4f4aa1d15a5579818a2602087d4c403156c799675
legacy/Grafica.NET/Flangione.vb,15155,bd0e47ee35f5c3cc3e95c04f5b29800c8ac8781170cf072f6e41ab385ea1aed0
legacy/Grafica.NET/Fondo.vb,23073,9bcab7f59742c9ecbe663eb575e60026aef1a46b8b704322b370ce3c71ac38f4
legacy/Grafica.NET/Foratura.vb,1053,b6f98de65500d520b6e69f82fd58da672039fe988ae57a3a09b622ddd1221619
legacy/Grafica.NET/FormRibsFBM.resX,6134,8d9b21ea021f0ecb276eb887ac21dc1bc8efd3c600ef88c058f9c9e1441d502b
legacy/Grafica.NET/FormRibsFBM.vb,30172,19d0bb8288cb494137e7612ae3fb8d03a77e7483a45654798a9f2e6c63505fe1
legacy/Grafica.NET/GenMem.vb,11398,9e96535cc549c1f146978da110a8c4754c65bb920b897c69bb98b7ed85c471db
legacy/Grafica.NET/Grafic2.log,423200,d1ba0d49a880ca68a708b76918ec731456b7d23c05a4d45c9985f8d664452b6b
legacy/Grafica.NET/Grafic2.vbproj,24135,8a61d40d213bd6c7099d8b0732260c5d869c5610e119d1c4c8b344a03989d31a
legacy/Grafica.NET/Grafic2.vbproj.user,1884,19d5952d7df34f52d0c699e0648bc0395640d291b620c5f75a859f339d70b151
legacy/Grafica.NET/GraficMain.vb,466640,5462d62421d382fd353136665a34d7cd5abf3984a122c0e3e105d1ff997fa3fb
legacy/Grafica.NET/Guarniz.vb,4030,708c072ba4d16a7abb6e6cd34665ce8ff02d88b928d9999c53f2648a1c3e9426
legacy/Grafica.NET/LamQuadr.vb,4045,357de3d0c96a02a86f9452aa8a343580f420c991aab0bbbcfb75222b3457b08a
legacy/Grafica.NET/Lamiera.vb,4678,77b52d094534024b162ec90adc399eb00f6885ec164ef755e658a601a8b77faf
legacy/Grafica.NET/LibGra.vb,35359,2992b47aa2d14621d071365ca4b4e2610694b1c2770199e830c96870811f71fa
legacy/Grafica.NET/LinkedList.vb,5881,3893e78201b11f6cbb6f19c71ebc73a5a53bcdaa4745fc174593a89b12f66270
legacy/Grafica.NET/Membratura.vb,10898,0d509f0a8edaec30350abed5a1ef94184ff56315e3d6b67454301f2ce3214b4b
legacy/Grafica.NET/Monitor.vb,5473,3f6e24c58f248d18662c1b47285b3e63bf3b4e0cd15cf2670f3731762e06fefa
legacy/Grafica.NET/Origine.vb,615,66bfc842051821a7f1bbb802e77f24bacea8ac56398af5b2a8055b3a8a60eaab
legacy/Grafica.NET/Piastrone.vb,20169,e4c65b88627a2be1e26856213cae5a891f8a75d173cd0c2140ff8e4f150f6da8
legacy/Grafica.NET/Polig.vb,11822,1dc65b5ead68a4fbfdd41d4acdeb04c0823db33bf5e2c7939a6a87142666ebe1
legacy/Grafica.NET/Posizione.vb,2128,d9ce0606ac00b44832bed224524fb6c0ed2011e722c93eb186e5f2e23653b422
legacy/Grafica.NET/ProjectResources.resx,8451,59f24493c096d1e8f74a0437dc42f0c571f9ca87fd1cd52f1f066520f45c5f33
legacy/Grafica.NET/Raggrupp.vb,32998,552b302244e130a686b83de5bad36a3f995b522271890ba4eabf5e1769da3012
legacy/Grafica.NET/Rectang.vb,4277,182435d56d11c5697b9cc2d870fce716ba2ef5ba2b3ce648563e6a986e5a013b
legacy/Grafica.NET/SellaMod.vb,30389,5106419311464baa3c0d8b32d1b40d1ac98b36a644a9d2541c14e9b5ae413128
legacy/Grafica.NET/ShowForm.vb,13022,a57065b999c6e3fa8c41e8728f70f103bf75b87f4151c871eaab0d7063a41757
legacy/Grafica.NET/SpCollection.vb,522,8df4d700788b96c340aefb43daf877e3f582d6aa9e9c37109f431bd9af49489b
legacy/Grafica.NET/SpicLam.vb,217,bd2c42683af95fe3a62397a418740bb0d17041e31b09e8ffdb27ccb4fa65a703
legacy/Grafica.NET/Spicchi.vb,18834,ab177f1d1165a802c5d6e9a9ce691ed8905179081002a0fc727b1fd08a2a351a
legacy/Grafica.NET/Spicchio4.vb,2526,18c8ddcef7a4ffbcb12a2e8f413b2bb2ebe2ca3e9aa77981f9798eed210c8045
legacy/Grafica.NET/Striscia.vb,4123,d1a319dcf20fe10a91ade8ea2f17fc17bfe83b667591dea0d126aceff257b492
legacy/Grafica.NET/Tipi.vb,6619,7284897f2cf1c96bbec88d120ac657afaab2e5c6da6b348a289cf9ee1c02d290
legacy/Grafica.NET/Tirante.vb,4394,a84301fc8dea4dba24b9d54ee321c40de922cffa220ea47eef3c078344e460de
legacy/Grafica.NET/Tondo.vb,3623,f288ef99d5f6fb37fa5e410e12e4f384362a3c0141bc742b6244129a1becf5e4
legacy/Grafica.NET/TrTipi.vb,7753,ef7bdefec6875f20846c7913ab54872fd49804b7de16317974858c2e45d91903
legacy/Grafica.NET/Trasfco.vb,59424,ef0839b6acfec410ed71bfde2acfc786123aeb5fc8117108dbfb025c11ed6bd0
legacy/Grafica.NET/Tubi.vb,7939,4d93d7922b968facb991f3264516cce20577183953239b2b73055698369e3475
legacy/Grafica.NET/_UpgradeReport.htm,927664,7c1cba8633079f8cc3959c0087b1870a33c370c43d452cf7f3fe6e196c9bef0e
legacy/Grafica.NET/app.config,320,2d774ce41c90b13b48284ec7648ab85c8bce6f8f2e8f062d8d08992ee63bbf50
legacy/Grafica.NET/clsBocch.vb,22399,ad4e02090b239c7f29dd54c4e3f911d71a2eaec5fb3383a5289303c02e4ad093
legacy/Grafica.NET/clsGenLook.vb,11066,0c17450d0a67045fbe40e3d06e9cd641b55a357d41ccdf10405458ea585384d3
legacy/Grafica.NET/clsGrezzo1.vb,1493,62c094373459cf9cec6a7cb6e548c30b8077024f4476d99706d95907a0069f34
legacy/Grafica.NET/clsLook.vb,326,53dc2e88b5315e01ee7f10c2e45b85906e52b6b94601dbb8c30721b16419f1ae
legacy/Grafica.NET/clsNonStd.vb,25392,0e2eda021e265a3ed24199cc123cd5e45328938d1fbe56745e87bba71bc5f366
legacy/Grafica.NET/frmDBSelle.resX,130795,0de981e9bb93f9f5fafe20177a3b6af4577140a7ada69081b43d6f92cf82076c
legacy/Grafica.NET/frmDBSelle.vb,93893,debac1de348efc06dd24b6010cc58355aa00d9fe83ff264c57e793c30eeca1c3
legacy/Grafica.NET/frmDati.resX,77903,a2c52e8d5ef9c0a475d55a49f7cbeb5a3839fa851cc187e78572162f65dd039e
legacy/Grafica.NET/frmDati.vb,330339,a5d519f8b3bf28362181e32025f467c81a407cff10d681f0cffcf4144d77e1e4
legacy/Grafica.NET/frmDistinta.resX,67997,159fc8c41b0cab6be3c43469786339bfcbe94c262016cf03bb670bb8edadd8ee
legacy/Grafica.NET/frmDistinta.vb,68569,234ef55cccb6ad93d545e842b82d60457627ea16c75043d1f9f405a1d28f5a50
legacy/Grafica.NET/frmFlangia.resX,78242,ba0e35b5d99fc8260d4de4c17cff23e51829ac3fcf0b5cfc3758ce688945c486
legacy/Grafica.NET/frmFlangia.vb,212007,202143e8264aa4ce878e3aa6d88266fc8de38417798c2783428bedc2962f9ef1
legacy/Grafica.NET/frmForature.resX,5221,d591f3a9da108c16f51eda26beab324b644b38ad050b141948343011f20c46ad
legacy/Grafica.NET/frmForature.vb,18571,53769f58205713548c83b6de075cf094cd603b296b9fc919b93dcab1c13d709f
legacy/Grafica.NET/frmMatDS.resX,5404,71a530540d7019997b855bdec464a505fd15aba1dad5669fb751b04c6ddf616a
legacy/Grafica.NET/frmMatDS.vb,22392,fd6153c985ce294b5a1a3012fc2ef78f12b778bcc60b73c5ebed18d71235a553
legacy/Grafica.NET/frmMnuMemb.resX,5225,8ffb54acff9f25996545c027987fbf72d1fc1630507447d224fff5f5977cadf4
legacy/Grafica.NET/frmMnuMemb.vb,38420,6f1f0b5f176cbe358c525a55d9ff74408d4d02b628bcbb3c7f64a122f74cea73
legacy/Grafica.NET/frmMnuMemb3.resX,60779,1d6356145498dc3fe745e9df4c39be082ccbcff88c221ccad2d571f97ebaaebb
legacy/Grafica.NET/frmMnuMemb3.vb,85456,b600885b5c3aa306e5e678b45e07610bbcc6d63f6eb82c4578b65fe24afd3f55
legacy/Grafica.NET/frmScelFla.resX,22287,ec97a142c7e07fc92cc69e26985670f94f03357fe330825217636363f2411109
legacy/Grafica.NET/frmScelFla.vb,24033,d9fb2fbb6782408c20e4b610fac8fcd6e90e1f3bf6922433b58eb823fb325a16
legacy/Grafica.NET/frmShowForm.resX,20604,7ebaf33ab60657d4e93cd3ba9a163076c62d6ecab0913a42bcbc4d4a540460b6
legacy/Grafica.NET/frmShowForm.vb,21631,32c87f9b8c3e1e82e7f732bb49624e3fc613b0719f151be3cc553f9de9bef52f
legacy/Grafica.NET/frmWMF.resX,4856,b9c71165a1bcd9b4ca62dadc8b806b00494ca69b89e2b19b6ca5c915e75eadad
legacy/Grafica.NET/frmWMF.vb,5641,82a8eabd874a43edc6b3a409d151da445c9d47e6c98898bd67b59bc1763704c5
legacy/Grafica.NET/modSezioni.vb,6754,dd18c997ff1293c5ed401d090f8c3dc5a2ed116b53ccbcd82a452dc712dd4a5a
legacy/Grafica.NET/spot.vb,370,b302ac7465676460dbf430eeb1a4694257b7ac0a3c75171de55921ac2d6c2fde
legacy/HTML Help Settings.xml,948,8377ef3a9de9c8dd96ef648c27e557de49b91c2d53543dc6fab556b1a54affd7
legacy/HelpLancio/Aree.bmp,355430,1aa8ee8df4a31b7564ee10986bc22c84ef16fe625c7081e5644405bd66305366
legacy/HelpLancio/Aree.htm,3575,71ad7da804dff0c638c5db6eb8446714a9f9683aa86a62a1893dfe00f13bbc91
legacy/HelpLancio/AsmeVip/stop.stp,244,4ce72f9b05c50b9e35c41dc07c2e182985b5a5d5d61b4b60ef982734d9ce6f06
legacy/HelpLancio/Autenticazione.htm,1166,5f97ad799de5df13d7c57f35c2ec654ffdb5867ac81f614c6e3a4128818ebf6f
legacy/HelpLancio/AutoCAD.htm,603,c21c39cf4e36603b06dbef1ba3639b086652d2a2e620870ab916295094878e9a
legacy/HelpLancio/AutoExecBat.htm,822,e00eca75ca83c50473349cdd31d4dd1becc330234e98a17abc628905775f9d41
legacy/HelpLancio/AutoExexNT.htm,818,52419d658f89893f054251633aea3d4a0e0e26bff442bbdf5895c7dac973144f
legacy/HelpLancio/Autorizzazione.bmp,206350,34163efb08df2ffd757f15023751651c937f0c4b847d18c16fb5d98dd7d1182b
legacy/HelpLancio/BancheDati.htm,804,ae62fa8053d82d047bcda7b7f02f10ae8869d05654b4c6dc7e1841c98fd54e61
legacy/HelpLancio/BottAFC.bmp,20550,4aac3488f2050fde01e519e1793122d703da9c234d7a4bcd8268de935931ad1c
legacy/HelpLancio/BottGest.bmp,21474,762f8d7e69256e831b5be9e3dbf3f4dd937ae438e73aa554d75e624b7abe9827
legacy/HelpLancio/BottPreCons.bmp,21474,b928c701e966c63495b8451baeb3b7f7b9ce6c8dc2e368ea41ef2de50c1784da
legacy/HelpLancio/BottST.bmp,20550,144e06b478b03085b8feaac17ab0c8803a73b0e7f22e9df746d69dd7d6d2ffec
legacy/HelpLancio/BottUtil.bmp,21474,066b57d221ecd6ad1143710c7f4df6f135d0c0c1351471e0099ee57fc286718a
legacy/HelpLancio/BottWHB.bmp,21474,ebcd24a1d2544943ba8aece5c589700c87cc8692edbd9cf6111028306788745c
legacy/HelpLancio/BottWPS.bmp,21474,60525f85f04777d75e1f0ef48fc66b339c087432717d00a602356c7160f166c8
legacy/HelpLancio/Checkdir.htm,1568,a3c7e2278b3f6f17fbe7f189418e3d9c6b1506b87a6a3409c2dfc4c0b6ae95c6
legacy/HelpLancio/ErrLibMat.htm,463,37a060a7a206f75f84805e35a1c324380c2181e872974ac7b245279db158bbba
legacy/HelpLancio/ErrLibMatAlfaTer1.htm,1147,95394207ab47781f2f1aa077ce7dc49d2a4d0974436390cec302c785525f5d0b
legacy/HelpLancio/ErrLibMatAlfaTer2.htm,1301,3f2ee73654fe1f17a4ffe3c4d9b9ae162a144664e6022fc665735739459dcb9f
legacy/HelpLancio/ErrLibMatEmodAlt1.htm,1056,af3dfa1c00ab94d9534c2832670670842e97baba981bbd9323903683cbe3022a
legacy/HelpLancio/ErrLibMatEmodAlt2.htm,1231,5eb984196bed96a8350474eb577ff9cbae3303ada12a3dd10b1fed8813ab9d61
legacy/HelpLancio/ErrLibMatLegRat1.htm,1151,1641a0a12827e234284db11479955cd08f0aed1cb3b2658d7051f22c69692b22
legacy/HelpLancio/ErrLibMatLegRat2.htm,1291,ad49d0f2245370488491bec430935104cc55b4b07053fe106cbc82d9ed7e1283
legacy/HelpLancio/ErrLibMatNoDiv1.htm,1031,ffd353a6c2dff1f68041e4b41573c78afe4d65bd18411c96aa5a92cc899fdab6
legacy/HelpLancio/ErrLibMatNoIndMat.htm,981,f65748f7b0c30fef54efa2d4ed9dc81087c40df625fc370d8f17c1202852408a
legacy/HelpLancio/ErrLibMatNoPrezzi.htm,456,faa42d75db709e9eef2ea017d4c57635ac70954e2623ef838f09f1662c975333
legacy/HelpLancio/ErrLibMatNoTabelle.htm,464,d8a8bba9d2643e470dce300f2435f10227edee57ae951ccef916d5d17c260480
legacy/HelpLancio/ErrStampante.htm,724,1a1c7d755fef3324cca7572ea42f9bfc35a02ca74964a6a73d976a07c614059a
legacy/HelpLancio/Errori.htm,446,9a4fc0cd27ef970ac98e9941d6ee6583a25b9c6b7b877754c12a46a4fd1a6837
legacy/HelpLancio/FinestrIniziale.htm,781,c252a387002461fd73dcc32250fb7fa34e92cf6480bb0f423a5987f02dc8c80f
legacy/HelpLancio/FunzRete.htm,1475,533dec293920fba160636952ca691631a1066a644fb16758c99d16eb69786bef
legacy/HelpLancio/Generalita.htm,1093,5d27f6e6962d4bc8d043314b2ad3757e883c0749d8ba4883544f4c2cfe2369c0
legacy/HelpLancio/HxConv.LOG,16118,26a0d2a1edf9f41c8d01b5066082877ab0e5abb0e874ead859c0e5907e655a6c
legacy/HelpLancio/IE.htm,854,28114d0d44ec5e0789e816d26c32457826a88618b05751084db328831236b70f
legacy/HelpLancio/ISML.htm,1985,b69b3f589ec2f1ecb70985642e035a05cbd89a6763f9390d1af3d13bfd3e5df5
legacy/HelpLancio/Index.HxK,5798,ee604b38837b79b970a6c233b2a7c24a51399829f1d2bdb1959928b1aff03b91
legacy/HelpLancio/Istallazione.htm,430,50ae3b03045f2d6402dae8e06d24080fe8f8c51c8e0b527df3d72d5ca8093584
legacy/HelpLancio/Lancio.HWProj,3026,3bc7e5efa76074485846fb96791067731c11da0b0147701825884361db4de4af
legacy/HelpLancio/Lancio.HxC,1208,e37a9fb9162605bd39c1b71bc4e84d37820faf2b3252495961e0c4980c7d71ce
legacy/HelpLancio/Lancio.HxF,2960,ee96f639c3de2043703cb84e0379c6100ed39bad56eb951533527d30781d69ea
legacy/HelpLancio/Lancio.HxT,15456,11277c38a3913f795d83a127f4b5ac900494c06a38f9657c31bfd1fcd819c163
legacy/HelpLancio/Lancio.bmp,744702,1585613957531cda64d4b039cd74f21c6008205a8ba2f48e4b132d62359b4e2e
legacy/HelpLancio/Lancioini.htm,1366,7919e9534c21668981867eada39fa182271ec7d64bf45c7bbd1a31702b8f653f
legacy/HelpLancio/LavSciolti.bmp,103374,14e55309eeee03d2c5a41ad822ed2ea6bf658f03d888cf3a3dd9410dbbab55ab
legacy/HelpLancio/LibMatFinClasse.htm,487,a00ea271db2ce98fde7d366dbec82db0e0bde49974a201f002f0f3a03b98c6ef
legacy/HelpLancio/LibMatFinScheda.htm,444,e78f727736ee5d851b8b1bb6bceaeb23d99278a4426ad669d4b95090f4dd58ec
legacy/HelpLancio/LibMatInterfUt.htm,467,221c58cd75c20aaa88b2a3724d53b55935bd99fc13a09dc9f949014dba71f552
legacy/HelpLancio/LibreriaFlange.htm,436,95be7222c02c64e53f6972b57695adbdcddc0fa6eba9d61725ebb7ad2b4d0750
legacy/HelpLancio/LibreriaMateriali.htm,7432,1ab61bfdba4914b6a4ecd3b58923666048afaf0e2bd3c8cc3a2a6c90d51b2c99
legacy/HelpLancio/Librguarn.htm,446,1f226b6be46f0c0403aeabcbc0dd759f9ddc72e937e8090133e5c4cd4a0a7aeb
legacy/HelpLancio/Librpip.htm,1327,07b2d43db466d6f86d36e1503b8d92e616af6f247afb8038377a34db2c57163f
legacy/HelpLancio/Librtir.htm,438,64ea7a08ac8555532fda0cce6239717182876a3cda1fcf0b9f266bc3ccc6d4b5
legacy/HelpLancio/Librtubi.htm,438,29d764da19674b68e45e7792c0f66e7594ad41ccdf47918d9f693e0b68550844
legacy/HelpLancio/Lingua.htm,1084,cd2899ea8ee991031aba84347e05ee947e20f1e283bff413f7217410dad61beb
legacy/HelpLancio/Menu.htm,750,ef3e613032a9bb0eb535e76b82b78bee71e859fb727b57a31575e852316131c8
legacy/HelpLancio/MsgAmmissC.htm,456,c5ce9774498989b1152d20537c4b2d6a4a63bdd7a30edef03f21529d70361ce5
legacy/HelpLancio/MsgAmmissF.htm,458,afb8aa34b4ef4f07d9f612f650af84c57162418944fb4dba88c35ccf46da72fb
legacy/HelpLancio/MsgSnervC.htm,456,ecefaa153a932a25724b9df9922a9555fc5408ac329e3f5c704a11d9083defd2
legacy/HelpLancio/MsgSnervF.htm,458,6b12aa9cf18736d2d867a0333c206b4a185a77a697cecddae2d9317bcd47c38a
legacy/HelpLancio/NamedURLIndex.HxK,746,70019d50306e924e2248035e5223088e1af54da52bc1fad2edde4923037d3e52
legacy/HelpLancio/OrgProgetti.htm,460,c6db991745b511b2d41b7cc70b31bfba5da3bb33727a731f2815a37fa44207ee
legacy/HelpLancio/Panoramica.htm,9844,54817b97b9035ca4019070d5f6c66999fb4784dd2783253a7c92669692293507
legacy/HelpLancio/Pulsanti.htm,1664,51371c03eff9575ccecdff586995b983406d81f20eeeff4a65ede0d2e5197a1b
legacy/HelpLancio/Risoluzione.htm,658,171b1c59e31d5f836823db40c436c3faf175693038d817b13d8eb68f97527080
legacy/HelpLancio/ScelBotClasse.bmp,4378,312374503dc66d808cedcb476294ece0c61de84df4f70060cd90c969c5bfc9cb
legacy/HelpLancio/ScelBotElim.bmp,4278,7c78e1c35724b560f47f889169aaa527084f1bd384c7b8d45711dafffcc46d4f
legacy/HelpLancio/ScelBotEsamin.bmp,4470,23a4038ce839c4d67d547da7e82630f0622502bfecb97aa62d2187e9ab9cdfc3
legacy/HelpLancio/ScelBotIns.bmp,4190,7a5a0cd63a1dc80b935042d8f9adaee26d03d0ba867c2c8ef770c9b52e1763a3
legacy/HelpLancio/ScelBotModifica.bmp,4278,615917a081b9104b5af78ec3723c02b322b5a481869b36fd0f32af61cc97922d
legacy/HelpLancio/ScelBotNessuno.bmp,4102,765c8d82b86dc31516d4c8f0ded9d4bbe55d62c8c5f1f37546cc990302e9a890
legacy/HelpLancio/ScelBotVista.bmp,4470,b1bc0841b02a27ec39511b37b5131cd2cb4d8309d97b52d7cd34bf87e1ccf43f
legacy/HelpLancio/SepDec.htm,1115,bff5db1dbbb87416d734ded339ed67abef6a2cdb82c9672c72cc4cb807bfd1ab
legacy/HelpLancio/Stdpip.bmp,152586,803d857321ff19a9ee7cd8b5db07a9210cc329cdf12d91288d93b549b5314555
legacy/HelpLancio/Word.htm,1000,bde98e506db97d9a9b831f5e1b1239c5645762335db858dd08dd21527c0714c4
legacy/HelpLancio/frmDatiMat.bmp,635682,67ffe4a64c40ccffdeedba33beba04fdf34315fa7e694e90565b683746e6a65b
legacy/HelpLancio/frmMatClasse.bmp,641754,854dd6722a61a4f570e2cec64bf1367d921229a445a7bc70af4b4b064b034d7d
legacy/HelpLancio/frmMatScelta.bmp,641754,98375c0472aa24d4be1ee989dadb2d59f142880d72c9e5840ebb39fb5dd959f5
legacy/HelpLancio/frmMatScheda.bmp,712710,3a7ce2af782365c824031163f5b8595988d211489012d8e05257c6b2e18d2f48
legacy/HelpLancio/frmPers.bmp,554118,def367303b2700bf0bc97dc3be4e84e53edb899fd68641859be665919d537281
legacy/HelpLancio/mnuCalcMecc.htm,1220,426e9236f7cf1ddb98590171e1e3d7c5af308ff3f9d4106f003ebbcf33fd0f34
legacy/HelpLancio/mnuFile.htm,624,966f7a4f2805124bcbb21d7b27cce0a533d78e0a9447812b03cb251be3e898e5
legacy/HelpLancio/mnuMecc.htm,871,392a9e29b32f9b76aefac11fc9db3e2c83a49b2563bc4c6e0690a7ac58d2c89c
legacy/HelpLancio/mnuPref.bmp,38534,f09877830cd58abeb82f1140bba1fa84a3dc8bf53901260cf4d051b75bdf450c
legacy/HelpLancio/mnuPref.htm,2267,1f56a50520c662e862cbc4f81e9845755fb0f8c523fbdf833f20f7d738df61f3
legacy/HelpLancio/mnuTerm.htm,1045,e917bc30e0e021b4d612096666a27780546f2df86297afc22e9758a25985fc02
legacy/HelpLancio/mnuTrac.htm,1056,21c221992bba2eb50d4957bf7409350cd6f4353d93e905d70a4fc3e5fee2dab2
legacy/HelpLancio/msgAlfa.htm,488,bcf4f323f4395f6054a335e4415db0d94368c5a1aa6d721541de5dcff10004d5
legacy/HelpLancio/msgYoung.htm,448,e9e641f1f3103ca0426843fdec8930bfa5c0b34a590d472bf9536b935788f9be
legacy/Lancio.NET/Aiuto/Aree.bmp,355430,1aa8ee8df4a31b7564ee10986bc22c84ef16fe625c7081e5644405bd66305366
legacy/Lancio.NET/Aiuto/Aree.htm,3362,eb95ed3e20b73e95e7424ac0a7b9c58ddccb604d49150dd27c11a350dba2b264
legacy/Lancio.NET/Aiuto/Attributi.bmp,5218,02ccff39c56928f454e650351450bdf0f1ddee4aa7f97aec1fe4ee2b23ed27eb
legacy/Lancio.NET/Aiuto/Autenticazione.htm,951,5426afe370f98358f4d60e827ce4525bf4b2b413abc423d148fdba0f26700fe8
legacy/Lancio.NET/Aiuto/AutoCAD.htm,388,377f2076ea4651bac42cc0e03c4eaaa5cf0d2bef4318f6bbbf3d518190c786cd
legacy/Lancio.NET/Aiuto/AutoExecBat.htm,608,5891de9aadef62bf665c12e2243de9b797db6ad6359903025e8851fb0f6a8f5a
legacy/Lancio.NET/Aiuto/AutoExexNT.htm,604,725ce3556cebdb734c3d0359e3787644a3b74d72e33ad505e475bfbfecd8b103
legacy/Lancio.NET/Aiuto/Autorizzazione.bmp,206350,34163efb08df2ffd757f15023751651c937f0c4b847d18c16fb5d98dd7d1182b
legacy/Lancio.NET/Aiuto/BancheDati.htm,589,fa074b8a96a42c8053371a745f93417d58b20c696943eff25c946913f06f7fcb
legacy/Lancio.NET/Aiuto/BottAFC.bmp,20550,4aac3488f2050fde01e519e1793122d703da9c234d7a4bcd8268de935931ad1c
legacy/Lancio.NET/Aiuto/BottGest.bmp,21474,762f8d7e69256e831b5be9e3dbf3f4dd937ae438e73aa554d75e624b7abe9827
legacy/Lancio.NET/Aiuto/BottPreCons.bmp,21474,b928c701e966c63495b8451baeb3b7f7b9ce6c8dc2e368ea41ef2de50c1784da
legacy/Lancio.NET/Aiuto/BottST.bmp,20550,144e06b478b03085b8feaac17ab0c8803a73b0e7f22e9df746d69dd7d6d2ffec
legacy/Lancio.NET/Aiuto/BottUtil.bmp,21474,066b57d221ecd6ad1143710c7f4df6f135d0c0c1351471e0099ee57fc286718a
legacy/Lancio.NET/Aiuto/BottWHB.bmp,21474,ebcd24a1d2544943ba8aece5c589700c87cc8692edbd9cf6111028306788745c
legacy/Lancio.NET/Aiuto/BottWPS.bmp,21474,60525f85f04777d75e1f0ef48fc66b339c087432717d00a602356c7160f166c8
legacy/Lancio.NET/Aiuto/Checkdir.htm,1354,483402560a464170294b1d1e36028ac061d6ad6c08b582ee4ad73d7c7a2c2c65
legacy/Lancio.NET/Aiuto/ErrLibMat.htm,248,ddbc5fee49c80fe3487aa83d72e96f3b92d27f25bb770dcfaacb3fc38f0ecb62
legacy/Lancio.NET/Aiuto/ErrLibMatAlfaTer1.htm,1388,20f0409fd6a49994d20a18646a231ea277348a43a73e3f7811ca5c41e6bc9933
legacy/Lancio.NET/Aiuto/ErrLibMatAlfaTer2.htm,1542,c1c70045b3b29960fcb94ab11ad162c37bc2943b1d90b5428f56ce291fd26314
legacy/Lancio.NET/Aiuto/ErrLibMatEmodAlt1.htm,1289,85b256d1d7008a3e08232701762c52156dc9421fcc57b62dbd632efd68b91bfa
legacy/Lancio.NET/Aiuto/ErrLibMatEmodAlt2.htm,1472,3248c43226799dd258fcba41bc36ff4df1082092f94fc6e14b3d54f7f899ad99
legacy/Lancio.NET/Aiuto/ErrLibMatLegRat1.htm,936,9ee0538886ee5e35348780d2995e1a7c2acbbce1af43bedef58b6a156b3ae884
legacy/Lancio.NET/Aiuto/ErrLibMatLegRat2.htm,1076,9effcd514017d26040b8e9f5d89cae3b72adb1af2eb07656dd8d14f0d6cfbc00
legacy/Lancio.NET/Aiuto/ErrLibMatNoDiv1.htm,816,a2feabb9307e2caa7e2320b3eafde216e163fe7e94c823fed2880a2a5c998ea3
legacy/Lancio.NET/Aiuto/ErrLibMatNoIndMat.htm,766,0447dada548bfc107fc139326c1e0a6109612758b94870d0e7e7d1b41af30066
legacy/Lancio.NET/Aiuto/ErrLibMatNoPrezzi.htm,241,62665cc3edf544d130904d989ee4942c5431641ff94c65b415c759ec158a34cc
legacy/Lancio.NET/Aiuto/ErrLibMatNoTabelle.htm,249,ebc93a6961475898c3b814e11519ae6778532641fcd986ef2aef597a35d51376
legacy/Lancio.NET/Aiuto/ErrStampante.htm,509,c63b67bbd1ff77849eafb654bd71cab4092617e30064e30459dbd2a15e0bf5b1
legacy/Lancio.NET/Aiuto/Errori.htm,231,587111c62da7f6f2118406148dea3e0e852176c2e57cc466712493799445f021
legacy/Lancio.NET/Aiuto/FUOCO.BMP,7478,1527df7d32c3f7b314e6934fce425ce486e58f8640dab6cc914e2544d35b9cbb
legacy/Lancio.NET/Aiuto/FinestrIniziale.htm,566,c7a9939cb130c7f5493e8c2a5419a53fe6f82ce9e593f062985787ac9c448ccc
legacy/Lancio.NET/Aiuto/FunzRete.htm,1260,0fb850ba125b1ffe09b55660a166dbea0c4c202e7272742589270300273fe84d
legacy/Lancio.NET/Aiuto/Generalita.htm,878,f7c1c3f0fee82892687f783fed23a6ac4e77d28257a57f7ffade079e56f29c90
legacy/Lancio.NET/Aiuto/Gest.bmp,5218,cfae10e6a0515df7295ee5ffeb9fe84f53f11f7b3bfe4ef44cdfc84bf1fc0363
legacy/Lancio.NET/Aiuto/IE.htm,639,91a6c7588225698df49e54add5f2d615d694e37419681dcda19fd48a1448ba49
legacy/Lancio.NET/Aiuto/ISML.htm,1771,919fa64aac91b89bea99f14e2527f7fe4e7323f21ee977af99bc5e6832867b9b
legacy/Lancio.NET/Aiuto/Index.hhk,5562,bb1d043ff3c71299a8bc4d1c4784087e2fdc349165d23d1a3ce1c825bd8f05bf
legacy/Lancio.NET/Aiuto/Istallazione.htm,215,265a580397495aad52e2b6d7490c257164b5ab8a27e5eae7483295b0fd5a9dd4
legacy/Lancio.NET/Aiuto/Lancio.hhc,10874,15c63df8b7b5c24c7905ba2b9ad2b12d04f1d347758963f3bc1861fd43564726
legacy/Lancio.NET/Aiuto/Lancio.hhp,4587,ae9259fbb202b074868254feb2ae74a8b6e38c749654c261b8ec196bbbe4b2ba
legacy/Lancio.NET/Aiuto/Lancioini.htm,1152,44f6d5152381b836eb2b6d90eab2e790430fef0bdbfc65dedd3db45b4fec8349
legacy/Lancio.NET/Aiuto/LibMatFinClasse.htm,272,d1b32aa7ece7097476cd13e64f3fb7a7b7ef13c33cbaddd4f478c8253267c1aa
legacy/Lancio.NET/Aiuto/LibMatFinScheda.htm,229,27fc407aaf062e5a1e88e91bbe8d4ea8080e14b35737b54681c7fa7e692064d2
legacy/Lancio.NET/Aiuto/LibMatInterfUt.htm,252,093459451646b2c05039a5705564b225361c98b806a99f0468466be58193ba58
legacy/Lancio.NET/Aiuto/LibreriaFlange.htm,221,fafd80bd3be54d664a48e087a3cc923bb180bea86e4b6560168e20ea3558d4c8
legacy/Lancio.NET/Aiuto/LibreriaMateriali.htm,7219,6c68e2f98cea59a7d5b69822b524b62774999ade355e7826f0e3bbf610330e7f
legacy/Lancio.NET/Aiuto/Librguarn.htm,231,d4d0dbddf0ab99266a7095d34cc4bb1130557d0acbd4fa54ed4cffa169fee760
legacy/Lancio.NET/Aiuto/Librpip.htm,1112,1aff8ee4aedaf3764e52accf4da2d07933f71c3d3b1bc707db2dc79648e34a40
legacy/Lancio.NET/Aiuto/Librtir.htm,223,4bc095e9964139d33821821da9c938c3e44c0f70c045b0115cbba089b43bb24c
legacy/Lancio.NET/Aiuto/Librtubi.htm,223,c7575bf5a37ed033d89a08d4a35630f9dcc1f1ba0e956b8ecb7b3aa61bda4ac7
legacy/Lancio.NET/Aiuto/Lingua.htm,869,8cd7e8c52dba12ac711cbd5c5e6f180d06652f509f813d39cf72e5c66bce2048
legacy/Lancio.NET/Aiuto/Menu.htm,535,0e3949989a9d5bd00697cb7923bfaae0fa9dc5d2df11c5ffcecedd8d7bab6b5d
legacy/Lancio.NET/Aiuto/MsgAmmissC.htm,241,321e4809aa7dc4fd68fb44d1dce3d54d557f109abd317468d20115396a3b2c0a
legacy/Lancio.NET/Aiuto/MsgAmmissF.htm,243,730a78acd3804bd67f5f0e3319d115f839dd6a8d0f331ede077df75ae3fccc8c
legacy/Lancio.NET/Aiuto/MsgSnervC.htm,241,74edf1036da5bf65c9bc293289bc3a25646d07c42600eeb35a6ed379ed2f0f44
legacy/Lancio.NET/Aiuto/MsgSnervF.htm,243,c499e738c601853ddb770e6c48d471233d45e62ff65eafc09f3e6c2bb86ce1d1
legacy/Lancio.NET/Aiuto/NCP13311_014b.htm,3771,344d4a45852252d51f7f7e839c32fba2e77c91b56557a7a72b4342ac3e14ebd0
legacy/Lancio.NET/Aiuto/OrgProgetti.htm,245,a0503c5fbcb1059ecd67b704705de4381b2bce4f4355017c9bdd1d334486661c
legacy/Lancio.NET/Aiuto/Panoramica.htm,9678,475b282559422178e6e89bf5d22433f33b798231a2dc87155f8089c48c374753
legacy/Lancio.NET/Aiuto/PreCons.bmp,5218,a0adae469de26beccafdd401f2861555e176cc94171c35194da75d8d2d1d216a
legacy/Lancio.NET/Aiuto/Pulsanti.htm,1449,9c9c3df4b48ad84e18ddecd0e3417e02a60c2c4d9cca350c0a37444a09d75b5c
legacy/Lancio.NET/Aiuto/Rete.bmp,4462,6c11ba5482d2c6c6489147b74ea63447421922e58cf758be2645ca1d0d45415d
legacy/Lancio.NET/Aiuto/Risoluzione.htm,443,ce03519724e8362b4321c4db11b64cc06f9ae451fcc1100519d2e4266ba0786a
legacy/Lancio.NET/Aiuto/ScelBotClasse.bmp,4378,312374503dc66d808cedcb476294ece0c61de84df4f70060cd90c969c5bfc9cb
legacy/Lancio.NET/Aiuto/ScelBotElim.bmp,4278,7c78e1c35724b560f47f889169aaa527084f1bd384c7b8d45711dafffcc46d4f
legacy/Lancio.NET/Aiuto/ScelBotEsamin.bmp,4470,23a4038ce839c4d67d547da7e82630f0622502bfecb97aa62d2187e9ab9cdfc3
legacy/Lancio.NET/Aiuto/ScelBotIns.bmp,4190,7a5a0cd63a1dc80b935042d8f9adaee26d03d0ba867c2c8ef770c9b52e1763a3
legacy/Lancio.NET/Aiuto/ScelBotModifica.bmp,4278,615917a081b9104b5af78ec3723c02b322b5a481869b36fd0f32af61cc97922d
legacy/Lancio.NET/Aiuto/ScelBotNessuno.bmp,4102,765c8d82b86dc31516d4c8f0ded9d4bbe55d62c8c5f1f37546cc990302e9a890
legacy/Lancio.NET/Aiuto/ScelBotVista.bmp,4470,b1bc0841b02a27ec39511b37b5131cd2cb4d8309d97b52d7cd34bf87e1ccf43f
legacy/Lancio.NET/Aiuto/SepDec.htm,901,60698dd92195a4ec19e60b6c16a2c369ca614dbb9a3aaf0bd9262a78aebf5ecb
legacy/Lancio.NET/Aiuto/StdPip.bmp,152586,803d857321ff19a9ee7cd8b5db07a9210cc329cdf12d91288d93b549b5314555
legacy/Lancio.NET/Aiuto/Word.bmp,1418,ccf71d5298ed38fd5f7ecabb6d75120d84370da9c78e621250e5f4642605e446
legacy/Lancio.NET/Aiuto/Word.htm,785,ce5f7358ad79753acb98901dde21a5c1163c3ed54b590edf90f6b74371ef9a7c
legacy/Lancio.NET/Aiuto/mnuCalcMecc.htm,1010,ba6bd32f1c66df126d2bedf8bc1e0382da515665dde1aa9f21141e0828ef8569
legacy/Lancio.NET/Aiuto/mnuFile.htm,409,91439b1ec3dbdfcc59d5ec7186131a01ed836c7e73ac9aa04b179b10c0fdbd03
legacy/Lancio.NET/Aiuto/mnuMecc.htm,656,95148ee7aed2a164e989afc061e5c1fe92e827bc62b8c2e799da804598074d6b
legacy/Lancio.NET/Aiuto/mnuPref.bmp,38534,f09877830cd58abeb82f1140bba1fa84a3dc8bf53901260cf4d051b75bdf450c
legacy/Lancio.NET/Aiuto/mnuPref.htm,2052,409499abc7c28da7a7e158b860e1860a50d0a87fe0259993b9d979e4f600f8fe
legacy/Lancio.NET/Aiuto/mnuTerm.htm,830,4a33a03d692c460a4c61b4f9fe5d94b046f726abd107b884fda8be3f92ffa7a5
legacy/Lancio.NET/Aiuto/mnuTrac.htm,848,2a175b7e54ec64a8c63731bf6e45d3a127fbe0292e01261f03aa9a71b58f3666
legacy/Lancio.NET/Aiuto/msgAlfa.htm,273,38f8eca245b33dafe85a7229204d0092107dd8889421ab032b2592c7bebfe0aa
legacy/Lancio.NET/Aiuto/msgYoung.htm,233,a9cc9f1ac5139d1d155fd4d28a51413fc7d205b1e783a2ca7a7f0199d67c8586
legacy/Lancio.NET/Aiuto/topics.txt,519,c2a1cdd421a1b553b29193890f2b13034d381742a9c7bea0d3def83cd6b25633
legacy/Lancio.NET/Arch/indirAzienda.bmp,33854,735844502481171f6358fe282cfc4a771215f9be49ec3ba63b70c3d769176b72
legacy/Lancio.NET/Arch/indirDEL.bmp,33854,4c074aff09590928491ccc2adb3e155b7a9fc0cb2ed8c51de5797da0dd45c3c9
legacy/Lancio.NET/Arch/indirFBM.bmp,33854,1cca20b7dacbb33aab7b0ef57896c0880ae5cc3b9cd0c8c3990a33f93a1d1618
legacy/Lancio.NET/Arch/indirGM.bmp,47118,1d323bdb34d190a3e5bd11d2bf9392432bb9cd7b64cec11ef5cd144f6a131c8a
legacy/Lancio.NET/Arch/logoAzienda.bmp,37222,8ff9f68a5849c3e60977236522c578813a44b1f7948f147d659b7efc94fc396d
legacy/Lancio.NET/Arch/logoDEL.bmp,66150,f01a6420f05d521e0f853eea855b0d61f792e1e241844ea70ab4162d9a8a386b
legacy/Lancio.NET/Arch/logoFBM.bmp,64518,08c69f1d757d47979f3a918d92443f41267c446f8d47a9d2567c77528bbd1ae7
legacy/Lancio.NET/Arch/logoFBM1.bmp,37222,83a09c553e27718075b608b347d0e3b636d1f90472ab91e128815b6c0d4cf75f
legacy/Lancio.NET/Arch/logoGM.bmp,64518,eebf574ea2755c2659ca7687614ef00e870d58cec20afb5d0ff16fce8db234b7
legacy/Lancio.NET/AssemblyInfo.vb,1089,cc6a6c3bc9c00c7e73bc1719143adffbaa622e262949fe39c6faf6ca3bbf8bad
legacy/Lancio.NET/AxListViewArray.dll,28672,3334f68d74bad180ab633634fc4272e5e90da116354d3e816d43f6ffd37a8ed6
legacy/Lancio.NET/AxSSRibbonArray.vb,3796,72bce2bd79120371faafed8d9da1e0c456c5e7248403fb16e3b9f3b65f2cb069
legacy/Lancio.NET/AxUpDownArray.dll,13312,190454fef1e0bfe544dfb5bbfb9c79336f34372e05b42a5552ef058f171f1e5e
legacy/Lancio.NET/AxUpDownArray.vb,7249,5e3b42af021a90c5c408080dda7b6ed2d92874e6c5be0c55a2454294b4865388
legacy/Lancio.NET/Form2n.resX,16837,033f0735a966c32e1e8025010624b8367e0864c14d483ecf65207dfda2392fe2
legacy/Lancio.NET/Form2n.vb,23386,a5fd021a367b74fff5f5dd76e156a93b4be1cc417a7cc6699815872d32ccdb69
legacy/Lancio.NET/Lancio4.vb,6964,ec66aa5102c6a1a92022d3cf5553bf863345df0f57c353e17fb6ad96bb7ddfc9
legacy/Lancio.NET/LancioNET.ini,1691,594c62f29ee22a81010b7bdb09c3fa663e29170b5461f0764059b2e2b3e072ec
legacy/Lancio.NET/Lancion.en.resx,8379,f6957d90e1a2e04774071e37a1743d09469f15719f995c62e689a6c80c21a16d
legacy/Lancio.NET/Lancion.ico,766,303ec352414111169ee23793a09f0bcc55cbd2e1f10eb60ec30e70a6b029a3c4
legacy/Lancio.NET/Lancion.it.resx,6752,14789d4f7b0f6f6e68be2f729c6961634f92075ee403084c0c1aa44460d4e8a6
legacy/Lancio.NET/Lancion.log,16162,12a841be961db2e2569744820620c53ab0f0f6ada3d639bae26ec1bd2eea03cb
legacy/Lancio.NET/Lancion.resX,268638,e842ab2b5c88c6b852968bf6ead7fc77c2f09036a317993d5b9c29ec578d12bf
legacy/Lancio.NET/Lancion.vb,124721,eea6a605009565355a07fd9a8342bfd4ea2bbe7ea157aeff2f79c6a7b391ecdd
legacy/Lancio.NET/Lancion.vbproj,12560,23cbfb6d553a0104f46b8e12df5a9e20c88fcb8cd66e216577cd7199c0009246
legacy/Lancio.NET/Lancion.vbproj.user,1823,9d052a84a01ca402326647f613d3177f06593646d04ffaa545512a6b6ba1d85b
legacy/Lancio.NET/ProjectResources.resx,12799,cf6d88f4cd3059c2c8ed19416a2c6df8e6eafd2cc86d796f15f76f5182827aae
legacy/Lancio.NET/frmPers.resX,13600,391c6878285eddeaa965c7fcb492fe0d37764301c42fd1a1705f7675f255cd46
legacy/Lancio.NET/frmPers.vb,15320,11da415f114c5d71e373022607920c7436c1d1e912b8e4712b64939fcbdbd4d8
legacy/Lancio.NET/lanMonitor.vb,6531,9e56b8bdd8eea93040ab92f223101acbc912d35e669c91e08e06158f7a2007d4
legacy/Lancio.sln,8475,221bd708604627410980ffc6c7c41dbee005edf6fc67e7a67120fa3b3fdedc06
legacy/Lancio.suo,197632,325a9bcf84746ea9ced5ed08a30e1bbdd1ed6a47b00bccae8c7a688c20f34b56
legacy/LibMat.NET/ADONET.vb,2548,59e6bb26589ce998c0412eb4d4728e46e9e833d2e55f6758447983298fbc7e90
legacy/LibMat.NET/ADOXSample.vb,2879,b508857654dbb8901ae8bac2e79e7d71a736fe0c49f09329e1839874fec8082f
legacy/LibMat.NET/Arch/1a.WMF,55054,babb9834189b757905cf8c6e7a64763c33bc980326285db6c62928af95227da1
legacy/LibMat.NET/Arch/1b.WMF,47446,3cd916afa3da803a95151d8f43cad7d0b53bd05b2065971e8b430a2a6cb0cb92
legacy/LibMat.NET/Arch/1c.WMF,44634,ddf44c0a751b8835230e4cdf24abb93bbe6f2424f2a7a87177608075cffc4266
legacy/LibMat.NET/Arch/1d.WMF,49574,55639bcadcc242b63dc3a3fac1dd60e87a0da7dcdd0008688ee1a7812c543b72
legacy/LibMat.NET/Arch/2.WMF,47750,c208c02116b442d18e1377e6ec706a916feb9762441d30c0718aae4ae9c5dd32
legacy/LibMat.NET/Arch/3.WMF,50486,79f7e61a5a6bfc660dd6844177cce854b16fabe97e09a32a888f104799d0fd05
legacy/LibMat.NET/Arch/4.WMF,47386,e5669ebe262b7491d274ecbbda14712e31c7ea386ab0f5111a31d784fdcdfbe6
legacy/LibMat.NET/Arch/5.WMF,49902,a1f01b1924885ad427909782f3ae8e083325e2ba494b3258e33f0c53d393d124
legacy/LibMat.NET/Arch/6.WMF,53158,2ecf73523424e9f977981eac24f31dc70b36b49eed2182e3afb4ce063e97ad02
legacy/LibMat.NET/Arch/ASMEtable.doc,24576,bb9a28c3b3f247ca15e17c95629ce81a6edaa2ea91fd8e109fdb8b379f329974
legacy/LibMat.NET/Arch/Asme7.dat,1224,a6a962fd4954f3d242195078b97a3d79b0ec5112cc60585186aa60e0fefc27c2
legacy/LibMat.NET/Arch/BWG.DAT,211,55ca087bc552cd0ffbfa34091dd5e8e687772fa0e94c45d5d125e0f9a76846db
legacy/LibMat.NET/Arch/BWG1.DAT,514,a28f13677f6f62aa6ea134988caec10b8c517d052246e3e4f0eef137130f0eeb
legacy/LibMat.NET/aa.vb,72967,180d623ac94ecc1b903167a8d61536ae812117b9ec642839b2b02d0ba93f4582
legacy/LibMat.NET/aa.xsd,4590,110ddc0526c2568a195ebd3c81ce9f33c5e14e3d16052b215364eeeacc8a96ff
legacy/Orecchia.NET/Aiuto/AiutoOrec.hhc,416,79253ca1c4d553c0bdf77f5a74825d9d5712e36cd66917ccdc69e02d0d6c4a91
legacy/Orecchia.NET/Aiuto/AiutoOrec.hhk,194,26f9b37f6f6cf8fbcb850231fcfa6813b76135b45806f2a53a0488e3376abb5b
legacy/Orecchia.NET/Aiuto/AiutoOrec.hhp,467,fb70d4816e392a42a6c8ed5f3f229f964d467231e7c3a9cddcf25893aa663cec
legacy/Orecchia.NET/Aiuto/Panoramica.htm,211,93e8cd4c1e3df465baa71f6e1456be1d8bbe2fb307181b8fa0d87c7dc58f465c
legacy/Orecchia.NET/Arch/CALCOREC.DOC,194560,c2a10dadc359aca75d08c2507586b2165674ecd3104b6d9ed074a524a25bb3a8
legacy/Orecchia.NET/AssemblyInfo.vb,1081,00ea33ba2ce6c594e715673cc365b190cde721788239b4a6eefa91501239490d
legacy/Orecchia.NET/InserDati_1.resX,103127,640133d86e42f519909dda05d284b163c89b7c68ee5fc61e145203a5d0b23510
legacy/Orecchia.NET/InserDati_1.vb,113612,95d73b183622e9505bb828397a0be892804e879571314dd2e787c3bc79d4a360
legacy/Orecchia.NET/InserDati_2.resX,16383,aca34327152905439a47746c903f928876c8c0d95b54d1efa88c981bbb21a576
legacy/Orecchia.NET/InserDati_2.vb,36477,50f8e1dfc24a2389169bbfd547ae82fb93e88a4e02e3f942305bcf47fa424869
legacy/Orecchia.NET/InserDati_3.resX,34246,259173d3b7ebba928881d1cfebc560608e92f07aa45b9c933434b6df36233df0
legacy/Orecchia.NET/InserDati_3.vb,46318,a69812448256d97a1c87822a8121912590b14f694e106e1c0ce6ef4afd04feba
legacy/Orecchia.NET/clsOrecchia.vb,2136,3aaa35d431764b70a176d051de5f4b7c7d1783ed846f482dc3d662c5891a70fc
legacy/RoutBase.NET/About.vb,393,6e7ea0846222fb0c51486e6e25c6b5cd6903cb1d13983621326acc0078190a4d
legacy/RoutBase.NET/Arch/EXCH.CAD,442,1f4f6e656020a72da2c7337018441a5156e32bd8f2ee5f4523c26d3523a8c801
legacy/RoutBase.NET/Arch/Errore.wav,20306,ed3cbbb46b0cc1f84a5635315db7f43f66ce14b5fa02fc667ec4db996fe7af53
legacy/RoutBase.NET/Arch/GIUNTO.DAT,349,ec75d2e06131b57555c5ef6ff84ef4ab4bb6d84d1141f5d124ff3ae4a76623e3
legacy/RoutBase.NET/Arch/Gestione/Commesse.mdb,1753088,2b5c4466749e93179165b06f4a5132d288e0ced8c75592ed3bd1eac64d1ab25e
legacy/RoutBase.NET/Arch/RTF/Asme18.dat,496,406d0dd5e0ea847496e24933ab5b1fdf25db3cae09a0aaf029cced878df2be86
legacy/RoutBase.NET/Arch/STRI01.DAT,178,04d15755eb3cfae1886bc0f1f3ea7765ca3db78e8b33eb7614ac796cc3e20498
legacy/RoutBase.NET/Arch/STRI02.DAT,78,eb4a4396380004b88fec7b9a16d53dde9f88040a9f4846f5cd504a5772445c65
legacy/RoutBase.NET/Arch/STRI03.DAT,75,04bc328e0a1ae1891116c4f78d76522ca403d6a6fa00193b80a8f781873ba0b8
legacy/RoutBase.NET/Arch/STRI04.DAT,404,55ee1af37c5ea2859bd48aec6e27d3be995127302c948084c5f1e8190b538a99
legacy/RoutBase.NET/Arch/Tesdxf1.dxf,5635,031b47e4fcad4a434505700c784e44663f95c9526c1819764504b59d6721eae0
legacy/RoutBase.NET/Arch/coddxf2.dxf,3932,ebb6bad246bc726210d53369154c83d53a26512d029bf144293048f2b0780ed9
legacy/RoutBase.NET/Arch/header.rtf,11309,3abdb4b1989523d814d18b7310fac361d91638656f2aef0a3487088bf3316b65
legacy/RoutBase.NET/AssemblyInfo.vb,1080,5a67e42f593f4f4114ebb36b0df3bbb546e465af1b38e405f7561526897f73f7
legacy/RoutBase.NET/AutoCAD.vb,62548,d45cd995071063348ceaccd9be6d82cfb2794c12c8ce75abd549dbb5d4ad10f5
legacy/RoutBase.NET/Comm.vb,2369,c9198ef79c81ce618e45617f1dff5e01b4c6a3d8ace66ccf9fe47a0091da8a1c
legacy/RoutBase.NET/ControlArrays.vb,26561,323281f9e8d1b19a5847accee3a521405329a8f8c5af6522e3a4a3610e516c20
legacy/RoutBase.NET/DatBase.vb,13629,fbfaa3ba1e862177a8df246bbf79b0392d55894306d944104efbe7f2a7ec552a
legacy/RoutBase.NET/DataForm1.resx,27601,04d0f93424524d1ca28d7e28155e7f08fe78e891a4f9ad400165997d3e97394c
legacy/RoutBase.NET/DataForm1.vb,41137,3a27b1fab6dfe7b0edbe1864d5fb8cfb77cf44204087f70ad7201e776e1db8e8
legacy/RoutBase.NET/Generale.vb,23885,2e766740bdf0454e780030913981697008b3a17d9f87c6a651cf7ef8b1767c04
legacy/RoutBase.NET/Grafico.resX,4856,b9c71165a1bcd9b4ca62dadc8b806b00494ca69b89e2b19b6ca5c915e75eadad
legacy/RoutBase.NET/Grafico.vb,5499,5563d8be22aaf0ebd313946b01be9847457051ac82b65052460d368195867c9d
legacy/RoutBase.NET/HelpStrings.ResX,14042,d29883d441017f129d07cf931c0477cfde5aa7fc2b20a8ecca658895fa78452c
legacy/RoutBase.NET/IFCollection.vb,1415,4344b9457fdcb72861d09b99dd55636e8311f05845138818baf3fb0720f6166b
legacy/RoutBase.NET/Inizio.vb,47584,bc577b63e2a1da0c0b84df28da57eca9581b4422bbb782e89e36cae0169e8a72
legacy/RoutBase.NET/LinkedList.vb,30592,731efa9f83befbf60ae1de5ac79fc40f6ea09225ec0aa0b632fc335a6c3f2665
legacy/RoutBase.NET/Motore.vb,56932,73bdcb97233ae44724c5ed0c781d8a9b716f60e20d2b31656824882c96bb8ddb
legacy/RoutBase.NET/Problem.vb,1602,38049de8bb43c66c821292500c9a2751b182d555e43daa6f906aa1485297d281
legacy/RoutBase.NET/ProjectResources.resx,15344,dad2544270d44c1da559c9943ad561233332b93a0788290d82f6ac95e271bca2
legacy/RoutBase.NET/Rettangolo.vb,1346,3389360f7830e80af5fc92f2df31968c31a6263176d3a4cf249b1da9bf7db306
legacy/RoutBase.NET/RoutBase1.log,124251,bf9ba4774cb6bfd8893b026890014a4d6870b7a280913a70efeb577a1381680f
legacy/RoutBase.NET/RoutBase1.vbproj,18366,a5546b97adf024adcdfa1f72bcd3aeb8c0d86d3d448f8a0dbc73bd1eff4ee6e1
legacy/RoutBase.NET/RoutBase1.vbproj.user,1825,8fff0cc2093305dba9805838cd4a1ae79c142b4138910a7122dfd86196ff1946
legacy/RoutBase.NET/Routines.vb,76458,143e08f176ffa46003db13ad78d80a1b0d652a349736c022508bd1b2afb26a98
legacy/RoutBase.NET/StringheF.vb,352,62ca866d7d50f23cf06b5a05bd2a584943bfff60c2fc092f600e536c83abf930
legacy/RoutBase.NET/Tasks.vb,11559,e08f0e57fa14332df2a48124ac2731bc83bcb21d56a831dead8a7f6e172daee4
legacy/RoutBase.NET/Tipi.vb,16474,68253eaa33bf485b00d91f222a8a32aed1b266be8d544780e9d72d67131015db
legacy/RoutBase.NET/ValoriComm.vb,394,7865d302d0aaa2a659c30bab4c3eca7e6c314e7f84615e1b73c05db152ec77a4
legacy/RoutBase.NET/_UpgradeReport.htm,261244,5f94fdde60f95f3b9be5c9acff6cecc6a704903c6e05498a3a06cbcacc16b9c0
legacy/RoutBase.NET/clsAbout.vb,295,171e609e831d97a48ede615086848aa35d04e20b5568567e9d33f3714238245f
legacy/RoutBase.NET/clsCurva.vb,188,735a755c643d54be7a60b7f234c3139325f3f5aee207a9d526892f68b42e2100
legacy/RoutBase.NET/clsGrafico.vb,11652,afa74ab4e1b41ebcc9ace436a01acd3d34895cdac709580282b87024f9830eab
legacy/RoutBase.NET/clsHTMLHelp.vb,31364,37e53f6a3acc6e456b89d0c9744c5a4ca21b54fab3d78f796abbc961b358c07c
legacy/RoutBase.NET/clsLinea2.vb,6712,86323598e2a94f8ebe7e7cd59062936e5255661bacecda2b8ee4f675baf7b041
legacy/RoutBase.NET/clsPunti.vb,2124,95524c46e5f50fb618bf5ce00f1074b0a77e4601f2d8c65bcca1c1e971c2fcc1
legacy/RoutBase.NET/clsPunti3.vb,984,e091c0a21b0c32d6eed884c0266d7b97fd4a735df0c9b769c3902b10ec292e6b
legacy/RoutBase.NET/clsRextang.vb,1149,01cde55ce0801290f1bb5fb6f2f890225317f0df1e03b738c02875bf2dd83a6d
legacy/RoutBase.NET/clsTrigon.vb,36074,55709a7286b3255f7ce583a61229e589a6c8f3e5f3bd7a436e6f0358be3a49d3
legacy/RoutBase.NET/clsVec2.vb,519,ad1038c4d07932a6cc5e9e66808ce7dd1e1470ad3e53f17b32aa6cfbd0bce995
legacy/RoutBase.NET/clsVec3.vb,10021,4c47a0d0cd0f9acaad24867a50d1410ccccf49a9030917b91f86a4b21933d5c2
legacy/RoutBase.NET/dsCommesse.vb,24448,9473d9601d599b182334163b93fa9e5537aae889c7d325d9a5300e321b4a1005
legacy/RoutBase.NET/dsCommesse.xsd,1752,c088677660062a5d6200ea3ee308e7af0a786ad6290491b32be9274a7d546017
legacy/RoutBase.NET/dsCommesse.xsx,218,6a721718823815180f162db96bc1a1a87c30787a29d09e0f770c6ab48b248e1e
legacy/RoutBase.NET/frmAbout.resX,13380,2d02055e25a0a98a69cf1600dea41f1f2fea96e5261f9e62d0d650c81a80622b
legacy/RoutBase.NET/frmAbout.vb,11477,f3687dd5ac57015d2b249f9c4fd355bfe79f419df435ca585a0943d9634fcf8c
legacy/RoutBase.NET/frmCheck.resX,13556,59aa16a54c475ccd397f591f9f280551ff44e0e3985ac567c3106530907b70c9
legacy/RoutBase.NET/frmCheck.vb,19361,7ae827519d0bcbe0e7b9cf4de13c62df06792903f6a05fc4f2fd587441badeca
legacy/RoutBase.NET/frmCommessa.resX,25752,161a8ca84abfc7dc10c8606b346d7f044ec63fde3a5f0626ac32e64e7f5d257d
legacy/RoutBase.NET/frmCommessa.vb,30621,88cb81664b73c3ff9efa93c966f3d577c429a210ae2b1e7daaddcb14c9130dcf
legacy/RoutBase.NET/frmInput.resX,18243,5666c4097c528acd100d18946d7640d5917457cae45fff914e7911c04a787179
legacy/RoutBase.NET/frmInput.vb,40632,1254e72351a48a0563d9000613181bfc4eed6439a9ddf2f0c15feb0054e2706f
legacy/RoutBase.NET/frmLavoriSciolti.resX,4856,b9c71165a1bcd9b4ca62dadc8b806b00494ca69b89e2b19b6ca5c915e75eadad
legacy/RoutBase.NET/frmLavoriSciolti.vb,6848,8507ba4ca76d3be1ea5263edb4214e6e6bea30ee780cbbe3ecb0591229c01ced
legacy/RoutBase.NET/frmMessage.resX,5928,af3ee04f49613bd7c3aebf0cc00b61d67079e908283838b9575a5b1dd938fd3c
legacy/RoutBase.NET/frmMessage.vb,4380,57d34ffc721cc6a4b1d4b5f668ce8049b661594dd2e914a43b165bd563d0ab9d
legacy/RoutBase.NET/frmMessaggio.resX,13760,564f48b345d2daea37ec4cca6dfa640fac4975a93b6b68a66c11e0c5ce42fddd
legacy/RoutBase.NET/frmMessaggio.vb,12198,8e8af2c1c271376de957cb856522b4a7d5e078f4c467a25dd45d252b10a09b3d
legacy/RoutBase.NET/frmOpzioni.resX,16828,cb26269341cedfb15fcf2e2318a444adc6e53786d992a65e6d7af21ad379b3fa
legacy/RoutBase.NET/frmOpzioni.vb,18472,ddc62b4e341270d94a8c0e14e24c4525124078ee5cbe15cccd67ac1cab60551c
legacy/RoutBase.NET/frmProblem.resX,18138,1c3ff1e11e4b44962be51710ac711c0ce91c073faf4eb9bb87a2d2f0a029d1a9
legacy/RoutBase.NET/frmProblem.vb,26641,893eeb10c08efc9b81d1ec612220aecac58e2ccca01399f78415845caee43007
legacy/RoutBase.NET/frmProgress.resX,9614,6d7ffd388c4971df61d18b8345527a16195782c8c2bbfcad57c86d03ab762265
legacy/RoutBase.NET/frmProgress.vb,6031,144ab7ee9c6b2503e2c99d9b01fc74e9e4a68fedf0632c6fd8544f06d20c137d
legacy/RoutBase.NET/frmQuale.resX,13003,c07af6496ea499ba6288dcf374b059036fd7d25d7fcb281a46c1e03e238ce6ec
legacy/RoutBase.NET/frmQuale.vb,21991,31c7cec62d870f7f9a01049c2e0f1f0f7bef67a86613c8d9e517dec5c5aacae5
legacy/RoutBase.NET/job.vb,2595,6c899270f3d54f8f672b01706e11776e443dc140a260880489b5ca26fe639588
legacy/RoutBase.NET/mainRout.vb,465,8f3887cb0acadc90c62e9360d85f0a0a129835c9f0b69d21504d2240d59a0736
legacy/RoutBase.NET/modSubClass.vb,33230,e6c9007e972c4641038082ebee9a5c7f214e7b44cf10ca1605e36f38b98b3db0
legacy/Saddles.NET/Aiuto/AiutoBSDD.hhc,3486,d882c6d2957b23845dadb2b2c9f286c27e8b6ab8438e0e7b783f6ea69f8ae448
legacy/Saddles.NET/Aiuto/AiutoBSDD.hhp,1007,b89d9d6c79d1a71353769dce9d12a4879958eaa225b5be4b286e3bc8bb2e3a44
legacy/Saddles.NET/Aiuto/CarBocch.doc,45056,f75407199d9299e7d0b4170f28ec239daed712688568222d6d71e4900cb2b128
legacy/Saddles.NET/Aiuto/CarBocch.htm,3348,936eb8dcf6e61bb82d6a0d07d1d71f7c9bb719766e3919e0bf56e667688dc833
legacy/Saddles.NET/Aiuto/CarBocch_file/image001.jpg,47027,fcbbfa36c894086ae868795ce1f43d45ea3fc5b1a7ddd765026caedafc659f44
legacy/Saddles.NET/Aiuto/Carichi.doc,19968,e477353a974963779448532c136e99a939fcf490aeb2a8df13e1c8ac99dcf77c
legacy/Saddles.NET/Aiuto/Carichi.htm,2386,b8f7dce38489bc1c5ad6aa2d605758c2a8395daf2db30f3f92c7fd99f52b8988
legacy/Saddles.NET/Aiuto/CarichiDati.doc,19968,b49e7e1073e0dab9711c7140a4df6c5c3a7220ebe8cc4f4e9f28a26a537dca05
legacy/Saddles.NET/Aiuto/CarichiDati.htm,675,b75d8f597d5693202bbfbcba70ccb69dcad1eeee302b57e18510316c73a1e67b
legacy/Saddles.NET/Aiuto/CodiceCalc.doc,26624,9137454ea9927845b84a851486e13353273570fe63d96df64fc270185c27b7fc
legacy/Saddles.NET/Aiuto/CodiceCalc.htm,10522,30c908db4750f44871b4a310347c04dba2d814915702f54bbbe0528c9c844dcd
legacy/Saddles.NET/Aiuto/CodiceCalc_file/image001.jpg,8247,b41315a797d932f2a117138808ff694113400bbeb75c4d8aacc2d523661238e2
legacy/Saddles.NET/Aiuto/DatiGenerali.htm,236,e6fde3f6e0371e0cc851e8c63e6678c7f4f638cbe05f584c4c19193076e0035d
legacy/Saddles.NET/Aiuto/ErrBadSerial.doc,24064,ee79083f4fe24a90d2d48726f927b1237a87934caca54c4f907e1110dc61509c
legacy/Saddles.NET/Aiuto/ErrBadSerial.htm,1239,369706859a7ae825261ad572f3aa0920d2990feacc7f0683aaacadde44f8f75e
legacy/Saddles.NET/Aiuto/Fonda.htm,2360,fd285b3c818278c98cbeb68a48f2503213e69357ee95c74bf9f91bdfe17dfa50
legacy/Saddles.NET/Aiuto/Index.hhk,194,26f9b37f6f6cf8fbcb850231fcfa6813b76135b45806f2a53a0488e3376abb5b
legacy/Saddles.NET/Aiuto/Interfaccia.doc,19968,04261d6438eef0f2496957273973cdc0021fca93601afe8d236d32651f321b5e
legacy/Saddles.NET/Aiuto/Interfaccia.htm,1859,4d8b593672dc2afca3ff2057829ca1778ae7f2d108524c70fd52952eac2c2e11
legacy/Saddles.NET/Aiuto/NormeSV.doc,19968,3df4481f4864f3d31311f32b0602a49a21eaf63f03a93d23227d25cb95c762fb
legacy/Saddles.NET/Aiuto/NormeSV.htm,902,ef1678e614b04b25111b340a47396bcfec55bffddae678112173e4a0fc61d793
legacy/Saddles.NET/Aiuto/OutOfRoundness.bmp,89094,5d9ff882d9527a8255fb686b8d563758a0911de7184c72d757a3151cc4bd42fd
legacy/Saddles.NET/Aiuto/Panoramica.doc,26112,85f9496a0ea731db0e5d75d3765888dc2609982365009ddfe9c5b99913c023fe
legacy/Saddles.NET/Aiuto/Panoramica.htm,3374,c8352ad1d5f75aefd13e0eebd36a0ba1f3822bc0935579f4f01df84afce7e3d4
legacy/Saddles.NET/Aiuto/Saddles.htm,2352,e7b2b4691bd7eed4ba5bdaef87c659ea4cfb754ab9bc0d0e0143426d7f98986b
legacy/Saddles.NET/Aiuto/SelleDatiProg.doc,19968,9ef8b57c9a2e90ff7673acc614fa98d0ee1c0a1f88594282a5f17a0d2bbdc3d0
legacy/Saddles.NET/Aiuto/SelleDatiProg.htm,2350,412da7b0e38abf00481eeeceb100f0fef077ec77dc0b8f869e1514d146743f97
legacy/Saddles.NET/Aiuto/Terzogrado.doc,58880,80bce10a81d3fc8536dbd1a738d30da513587600b4c716794eb2dc7e9a0657d7
legacy/Saddles.NET/Aiuto/Terzogrado.htm,10960,712ef2c1a54436535d7106ccb340a8a69a24bc2256ce37875e81364576d845cb
legacy/Saddles.NET/Aiuto/Terzogrado_file/filelist.xml,1155,f729b52ab784edf729c4327cceae7ca95c800dc8cd795b62214cba909295efa9
legacy/Saddles.NET/Aiuto/Terzogrado_file/image001.gif,443,4d26dac87545a999b111cb6cb12d505246497b0eca47b8f512fec49af38b7338
legacy/Saddles.NET/Aiuto/Terzogrado_file/image001.wmz,439,735ea9342b2b4dbbbd2770b7188db22da059e0163a72398c8e909889fc65fbc3
legacy/Saddles.NET/Aiuto/Terzogrado_file/image002.gif,358,fd9d40f74911f572e267b0b882aa12557ee8a25728a60e2593559790cff8c721
legacy/Saddles.NET/Aiuto/Terzogrado_file/image003.gif,417,75aae65d36b1f0387f64b517ad47602eb487ae1c9e6e558740b797fb2be0e01f
legacy/Saddles.NET/Aiuto/Terzogrado_file/image003.wmz,412,9b58dacd7c414a9419a8c8ed85a601f8cdc8fc97b434fd3f2e548d8e767b95d7
legacy/Saddles.NET/Aiuto/Terzogrado_file/image004.gif,280,13d6dd290127e9164b09320a8c295c235e05d8fbe4ef9a598099d3f8f9a09a81
legacy/Saddles.NET/Aiuto/Terzogrado_file/image005.gif,461,9d6a697fe6da7aa00f740decfcec23c1b17fd437f49b49067ef1ddb9881629a4
legacy/Saddles.NET/Aiuto/Terzogrado_file/image005.wmz,445,a386ca34d9264a5584cd105207022752f6416cdf75edcc19e22fd460cd9d9a9f
legacy/Saddles.NET/Aiuto/Terzogrado_file/image006.gif,221,422ff42207bcff0357b849ea2d0f1f3802868b25c647c80892688624bea0608d
legacy/Saddles.NET/Aiuto/Terzogrado_file/image007.gif,288,c9cff797117ef1bacdc6835a2ff5176e3ffe9d0b84f0cd4c9e09f034b631aa11
legacy/Saddles.NET/Aiuto/Terzogrado_file/image007.wmz,365,1f2c3c625d85b41e24e444cbe4505c4cc4cdde79f8f631cd71009c3bb99af317
legacy/Saddles.NET/Aiuto/Terzogrado_file/image008.gif,316,53ce0d3402ee7563f394211454c19f79f26db3fcc4c1eb1a26c9a9f140736fad
legacy/Saddles.NET/Aiuto/Terzogrado_file/image009.gif,670,588056923c9634a8179642a1d01c06da88fb0f7dacdc652cc8a195914b8df7b3
legacy/Saddles.NET/Aiuto/Terzogrado_file/image009.wmz,456,81d3660087f8d4eada65f33896cf532dea3ae1738d540e9a59d06566ddcfd6cb
legacy/Saddles.NET/Aiuto/Terzogrado_file/image010.gif,646,061ecfbe821d9f2beb1a97e6f516d21dc94cb6cc414b8c97b2103bd9feec2a1b
legacy/Saddles.NET/Aiuto/Terzogrado_file/image011.gif,868,79c1217dba776a0325dfabb1c442a6080d9722e608337c435107ef86a2390016
legacy/Saddles.NET/Aiuto/Terzogrado_file/image011.wmz,348,9099ad2017a1646f203dd7053b36c93a2ca6a4f85f2714b6493e8badc7e31708
legacy/Saddles.NET/Aiuto/Terzogrado_file/image012.gif,1246,2e32286c62170c62519b83156a1c948e05ac4b6788b90e92885cd9c8d8e0dc72
legacy/Saddles.NET/Aiuto/Terzogrado_file/image013.gif,1192,880b3c579c080a856d11a2d550afdeaf5dfcd212fba0f4c19f00db98c2acc111
legacy/Saddles.NET/Aiuto/Terzogrado_file/image013.wmz,387,67e29d15bf8acdebe210dc2945f2a99ba91890d565178da114bf76246a90c375
legacy/Saddles.NET/Aiuto/Terzogrado_file/image014.gif,700,975d558cb7748f8d5f547b3d310c47b7cf8fcac2ae4332c143c088b39d904eb3
legacy/Saddles.NET/Aiuto/Terzogrado_file/image015.gif,966,93a91faca3ef0fa86f40c2c60cea25574a79d27fc29319bbdae0fac7634f84eb
legacy/Saddles.NET/Aiuto/Terzogrado_file/image015.wmz,349,9dc14285757ef753d51dfdc17997b2b7e32e8a43429c8014eb955ac51b4ece27
legacy/Saddles.NET/Aiuto/Terzogrado_file/image016.gif,150,9d7c69a179b8c7484ae42e12438c83cb88bbbf183ea1b7034be445cd6e8e9c52
legacy/Saddles.NET/Aiuto/Terzogrado_file/image017.wmz,514,600fe469fe50b6a590d1c8ec4c7e1b8c2455d677d60fe9802d68f81149237bce
legacy/Saddles.NET/Aiuto/Terzogrado_file/image018.gif,670,588056923c9634a8179642a1d01c06da88fb0f7dacdc652cc8a195914b8df7b3
legacy/Saddles.NET/Aiuto/Terzogrado_file/image019.wmz,506,925080bdd2fc5a9895cf0fe659fc847a888a214396620dd19f1ac4c327dcee14
legacy/Saddles.NET/Aiuto/Terzogrado_file/image020.gif,646,061ecfbe821d9f2beb1a97e6f516d21dc94cb6cc414b8c97b2103bd9feec2a1b
legacy/Saddles.NET/Aiuto/Terzogrado_file/image021.wmz,591,7d35c0b82c55d8def08f3a97c05369df8857047c03fe71004c9cea16abd58ce0
legacy/Saddles.NET/Aiuto/Terzogrado_file/image022.gif,868,79c1217dba776a0325dfabb1c442a6080d9722e608337c435107ef86a2390016
legacy/Saddles.NET/Aiuto/Terzogrado_file/image023.wmz,711,db40d16c5bf4b7348942a2744aa078aa79a9a86b8ab98b543febdbbf935a5af8
legacy/Saddles.NET/Aiuto/Terzogrado_file/image024.gif,1246,47c6557f799bbfba9c7b909c81ff89573a9a572301bd4053464bd020aa0ce234
legacy/Saddles.NET/Aiuto/Terzogrado_file/image025.wmz,677,9e2642f89d6a1af5d7679acad943f8c865ceca4ca8647a214e72a7daae941fbe
legacy/Saddles.NET/Aiuto/Terzogrado_file/image026.gif,1192,880b3c579c080a856d11a2d550afdeaf5dfcd212fba0f4c19f00db98c2acc111
legacy/Saddles.NET/Aiuto/Terzogrado_file/image027.wmz,525,1a33df77a99c76d0a543bc3ca0ef490197dfab1da08ed8965d2d2d13948c1d18
legacy/Saddles.NET/Aiuto/Terzogrado_file/image028.gif,700,bee7a446a04906d9565a17225beafb08dd068f8fadd651ea244eb0058fce6912
legacy/Saddles.NET/Aiuto/Terzogrado_file/image029.wmz,619,5e2561326a38eacee964ba0620de301bd9343133cbc73c8e8caaa0e540aa1396
legacy/Saddles.NET/Aiuto/Terzogrado_file/image030.gif,966,93a91faca3ef0fa86f40c2c60cea25574a79d27fc29319bbdae0fac7634f84eb
legacy/Saddles.NET/Aiuto/Terzogrado_file/image031.wmz,309,367880200b4f85ad669a162c486cb8bb86e1168ddba6e429fe075363155d9808
legacy/Saddles.NET/Aiuto/Terzogrado_file/image032.gif,150,9d7c69a179b8c7484ae42e12438c83cb88bbbf183ea1b7034be445cd6e8e9c52
legacy/Saddles.NET/Aiuto/Terzogrado_file/oledata.mso,12288,8dfb041a751ac49fe1f4091f505ad9af8dad5a183e0ff6de2a45ac5ed9a38785
legacy/Saddles.NET/Aiuto/Zick.htm,4359,2859a2779c6e2e5e4bd7a391ca6cf00fdcf141d11b804ce9b7a150f0e35d025e
legacy/Saddles.NET/Aiuto/ZickDatiProg.doc,20992,9d6a6af62347630d8aff5df222dbe20c9a57b115fa1d8702ae81d4352df47443
legacy/Saddles.NET/Aiuto/ZickDatiProg.htm,3967,92059f30438b20fce67f763cd4d3a08ba7e4d793fc28c7f61c3ed54494b1871d
legacy/Saddles.NET/Aiuto/ZickDimensioni.htm,3071,16522cdeb6bf9989a92016d4157d3bfb02be3897e4392b73f7c24ee67fad49f2
legacy/Saddles.NET/Aiuto/ZickErr352nodiam.htm,7449,8393712835e1887cd2caf63098a9a844eb9471d13f512cb3b8912547f7f6bad6
legacy/Saddles.NET/Aiuto/ZickErr352nofile.htm,7862,fee1128bdf6d21185343274224fc89e9c915bbbfaef2eba68f75b0916681864e
legacy/Saddles.NET/Aiuto/ZickErr352noncons.htm,6001,029b0ed8047453dcb8d5b141d32d41a37f1ce8747d7ddbb86e637872925f6940
legacy/Saddles.NET/Aiuto/ZickErr352nospess.htm,14594,9fc085335188afb8689fb56ccc6e2af42aec96f2b6d33af6680cb7a6a6d731aa
legacy/Saddles.NET/Aiuto/ZickErrori.htm,13650,23f5e6803b41ce3738a3075f6028dc2696511977aa0a5a16e71df8493351ce71
legacy/Saddles.NET/Aiuto/figListaBocchelli.bmp,1100166,631701bdcdaaaa81d81a92f13700481f63d8a578642eab69fb9b7b1bcd63fefa
legacy/Saddles.NET/Arch/FoundationLoads.doc,113152,863b1d5415ce9cc9a370ac27c039d818c5d3dbb31aed54e61a4adb79c43be954
legacy/Saddles.NET/Arch/FoundationLoads1.doc,39936,be5d1916f4490f7e8ca3dca4cab2ad40ff5c6ca3ab33a0e30737c4384c69dfbd
legacy/Saddles.NET/Arch/FoundationLoads2.doc,43520,97b5486f481650ecbf83b49f2a94053609784fd75c138a1e85bc5608d065f4be
legacy/Saddles.NET/Arch/FoundationLoadsT.doc,144384,75ac098cd464d5fa4a22d4af23e5b99099c81121dfb840dca9162ac1e100a7a7
legacy/Saddles.NET/Arch/ROARK.DAT,170,54b64a59eff8b8d1101d537cdfd4211e37028f3dd4c87e6c5c75aa22c4fb52f3
legacy/Saddles.NET/Arch/WR/BS363B.DAT,589,3aea4c7e25565050f1bf71e7d3356d36062081577482926c593a11710320783b
legacy/Saddles.NET/Arch/WR/FIG01.SDD,12197,1987b06d35284f1e01b7f3496bbbea4b1df6d9d7e923d0c7eb90d27f58740134
legacy/Saddles.NET/Arch/WR/FIG02.SDD,12197,3346786e5053a7be045a0eaf97183b8f6951084974dde527e7474c3d0bf9671c
legacy/Saddles.NET/Arch/WR/FIG03.SDD,13290,f1cba35f12fa94a9ab5ea6317e81de3689bcf0948743b126b488580e48b79d2c
legacy/Saddles.NET/Arch/WR/FIG04.SDD,13290,caa270eb802c71245e5ec903fcf9055fdde9a3f4198a384735e144aff744c2f8
legacy/Saddles.NET/Arch/WR/FIG05.SDD,18583,d0690fab4de326ca570f34f7e6d0e0a9556ed489acdd0e0e95baa98bac51af5a
legacy/Saddles.NET/Arch/WR/FIGC.SDD,7940,97dd22e51ea62e6e0f4405316e6313506ca7ff065897fbb1757928a6e68ad454
legacy/Saddles.NET/Arch/WR/FIGFON.SDD,8852,263b6169f8e65dbc18ce5a02f30bdad0f1ea2050bf60e94962e03b45c6972fcd
legacy/Saddles.NET/Arch/WR/FIGI.SDD,10413,4f9136e93c521f6dfc46634509df93649aa8b17c21784e5b7eec1b045ff49ab1
legacy/Saddles.NET/Arch/WR/NormeSisma.INI,792,70035338643bb4c48bc02f109d90da7ac77842a36fa574ddeb60bb8356c092f1
legacy/Saddles.NET/Arch/WR/NormeVento.INI,1408,a2ddc1dae40996aaef3a33843007298d0e40283178197ddee331358610cabb14
legacy/Saddles.NET/Arch/WR/PD352.dat,2969,f51943d8bda5d5d8324fd8ae2aa284f4680a232ecde9393fa8df974d86f943a2
legacy/Saddles.NET/Arch/WR/SADD01.SDD,4139,76d8bea070591c87e259cf7bc7249165b63261a1cdc67111663c3c0722533293
legacy/Saddles.NET/Arch/WR/SADD03.SDD,2135,19d0414937927d0b317abbbc658bc2c451a51d2fcf0d640963ab5ac4d9908af9
legacy/Saddles.NET/Arch/WR/SADD04.SDD,1710,a926de4d9283882db692b84c6e660b86d4a48e68bce2e7b2bf99355e939841e1
legacy/Saddles.NET/Arch/WR/SADD05.SDD,936,62c059f0d15b2067394dea658938d21c18e7fec2dba048477fb1e146ed0da282
legacy/Saddles.NET/Arch/WR/SADD06.SDD,2259,53d2abde12f3e203ec95acf7cf0e6c9a12e1278900630f6e0a3976a470d96765
legacy/Saddles.NET/Arch/WR/SADD07.SDD,3384,cb13244ea223149e09c6fda50c13b394edee54307f92f4e5c7abaea0b32e6599
legacy/Saddles.NET/Arch/WR/SADD08.SDD,4010,5021fac1e1aaf83759c265aaae6fad6416c6fc7b5acfa2129a15426e00dc20d0
legacy/Saddles.NET/Arch/WR/SADD09.SDD,4010,e793b2a249ab66c431ad4007dfc40fc8a81a7f99bf61d70613d63ecc1a1f6559
legacy/Saddles.NET/Arch/WR/SADD10.SDD,730,41e63dda87f732748b267e6b3a95887c1a88333cd5125b2bbe7fa4cf9d35d4e7
legacy/Saddles.NET/Arch/WR/SADD11.SDD,730,49717495a14b329b20daf1dcb3230d7f5e5bc491a678cf526a04eff1b3e4bddf
legacy/Saddles.NET/Arch/WR/SADD20.SDD,2556,337665ca3b06474ff41f5b924668209ac303eee5f5782f6da99fe3882a3440a1
legacy/Saddles.NET/Arch/WR/SADD34.SDD,2219,0a8f6b48e1994bec2a176858a9e735672fdb5ab45a3a41c3de639cb43692bac4
legacy/Saddles.NET/Arch/WR/SADD36.SDD,2024,0a30a4e395032f8730e7bbc2e0f7cd2f49f737a40334fbe6cecae426bc73a351
legacy/Saddles.NET/Arch/WR/SADDLC.txt,1539,f4e31a4ea267c60ff66596f63615675595e42934cbb83047c39c215b0677e33f
legacy/Saddles.NET/Arch/WR/SADDLCsS.txt,1070,5143e58c509a8cbc58d8879a46b266ba870b294ffae4720967dd49f5c581d693
legacy/Saddles.NET/Arch/WR/SADDLCsW.txt,1487,7c1108352cd9e6968dc3f08fc4af77e31127b99c1caa0dd9bbd6dcf596f0b0cd
legacy/Saddles.NET/Arch/WR/SADDLCsWS.txt,1035,065c5284570671824b0d8c120b1b165e144b04c9551bd17f86d3a9d24714b9c8
legacy/Saddles.NET/Arch/WR/Sadd02.sdd,5128,03f0aa829b31b0502b1adb2cd2211cb1add9d822e92374d265e5ea714533a65a
legacy/Saddles.NET/Arch/WR/Sadd31.sdd,4502,78dd9d6eefd1a9ef9f4f83bbfaa4eb8294b5cdcc805830af7e491ecb1c63d097
legacy/Saddles.NET/Arch/WR/Sadd35.sdd,1158,57943dc71013df502e6ffd514c99cb0c55d43c1fd9428771598d193cd9d4d806
legacy/Saddles.NET/Arch/WR/Sadd37.sdd,3222,baa451ed5b9fd0700f3cb7c1434e80a26090cccb2fc37a3a3bc7172b606f9ecf
legacy/Saddles.NET/Arch/WR/Sadd38.sdd,3743,4c81e9726264d6d50a862abad2cc47d3119f54e78a54cbd8d613d47c64b9cc71
legacy/Saddles.NET/Arch/WR/Sadd39.sdd,3023,eed1c2daecb51b235304c3a49e6b3b7f7dab2a2eaa1d4addd93f0966ebcc11fb
legacy/Saddles.NET/Arch/WR/sadd12.sdd,392,28011d3f330b04e6e16371f8d4123df585d5a378c07d7b937e22e7b09447a620
legacy/Saddles.NET/Arch/WR/sadd42.sdd,495,ed81e0640f296b6e700abe58de9e2eb2f26bc139400a442930caad377b7464cc
legacy/Saddles.NET/AssemblyInfo.vb,1098,f10a956763bf2477e1ed72ea0a2e794b5879c037fde0dfa1338512a066c211e7
legacy/Saddles.NET/AxSSFrameArray.vb,4079,6ce3796716aea8a81ce399f6f21470cd10c6ea51ba59f059267fedf67d2a6722
legacy/Saddles.NET/AxSSRibbonArray.vb,3796,72bce2bd79120371faafed8d9da1e0c456c5e7248403fb16e3b9f3b65f2cb069
legacy/Saddles.NET/BSDD.vb,2963,042d8a21555f07516e98b2cff3fd303c6aebb529c5341f28f26e0aa02b11791b
legacy/Saddles.NET/DATIDES4.vb,9376,5b233cda04f6c4c285a432185ef1ce1b2d8c365b642fcf8fc23e09889d5e9360
legacy/Saddles.NET/Dati/Esempio.SDD,30893,c24e00f769d882dea7bdb56086d5e8827d67042d501fd13d92bc906b84ebfd8e
legacy/Saddles.NET/Figure/Complex.jpg,31336,65533b820f0aa7092e9084f461694a023f0bc49751c531ad0af4e0631103a806
legacy/Saddles.NET/Figure/Simple.jpg,45160,cad7caed3500ae0deb4140264c3be08e106a35c4bfa1de1814b242f9b2d384e8
legacy/Saddles.NET/Figure/SimpleComplex.jpg,31415,bc06a68021074f93389b584047a7f792ca028715a568113b32c248606563b599
legacy/Saddles.NET/Frmsce~1.resX,5038,3f8c28ce75b0d8b92e43dc5dad0411b4a8adb1f72680bbade6b65e3bd90272fc
legacy/Saddles.NET/Frmsce~1.vb,7258,58cdcedcd8b470714639f8d195e7b7243f6de48ec59768714617090b4c314abb
legacy/Saddles.NET/HelpTopics.resx,2135,b51c34bc33c357a00b403a47de5a9e81677f15be92eaa51172dc6beca643a93b
legacy/Saddles.NET/InserDati_3.resX,34246,259173d3b7ebba928881d1cfebc560608e92f07aa45b9c933434b6df36233df0
legacy/Saddles.NET/InserDati_3.vb,46318,a69812448256d97a1c87822a8121912590b14f694e106e1c0ce6ef4afd04feba
legacy/Saddles.NET/Monitor.vb,3106,10e4bf82123f1605e1f17c033e65042b0838840171131c2eaed9501818ed27ef
legacy/Saddles.NET/ProjectResources.resx,10626,427e96346d28bdbf77a9182db732e7538876ef255b2fd5fc6adf77fe60105380
legacy/Saddles.NET/SADDLC.txt,1262,1b8f58f8034e81669589a6025fb1f3bbd64314415ae8fdf37a239827437dbb74
legacy/Saddles.NET/Saddl01.vb,326279,5a72c8f2582f56253e7e124fc2560a34aeeab23fd7aa501e4ce8eb11bfa7a29d
legacy/Saddles.NET/Saddles.log,43676,01fbdbc2d794c03b77435316bfc561f565b111f1eb272604c42d2165f66fe34a
legacy/Saddles.NET/Saddles.vbproj,13396,097eda1cfdddbbaccf1ea58bdfc998414eb424b79faef84add0003144731f94b
legacy/Saddles.NET/Saddles.vbproj.user,2002,23d0e2dbc2f9d2af9a3b801cc580f569913231cea47c9be99067fec7b1123b37
legacy/Saddles.NET/frmFonda.resx,10166,888a0120bbb56388afcd54850920d70e267e3645c8f25db7260b90c3197b4573
legacy/Saddles.NET/frmFonda.vb,6264,bff7f0f87a712f0cfd841d18162f0b9078694b2e1802d798a50b93bdf6270e05
legacy/Saddles.NET/frmResultSaddles.resx,9041,a4c0b640d92d3dd24b1a39b89f1a3ec28a8690c68ba8f53fb9c9e302678541ba
legacy/Saddles.NET/frmResultSaddles.vb,3215,2455e8602ab418e9c7b99b15cc66b53b18cff653b1984cf1b3ccb4f965caa5f0
legacy/Saddles.NET/frmSaddles.resX,203868,6790489347c114f47807bf5ffd3cc3f9b3dbda482284559c63c7f3340fc2c056
legacy/Saddles.NET/frmSaddles.vb,344966,c2b24cd319e7e000e3c90d04bac446c54ef207cadd9f4b2481591759b8bcc7a3
legacy/Saddles.NET/xFonda.vb,30841,d32b1690f8d2422bca95de110b5f2073984bc58c7071b57475b4cfe4e2c4b90f
legacy/SetupLancio/SetupLancio.vdproj,188637,fc6384a4f828619537079c81e812cc8419d0a9e595c6cab8e619295bf7b0d3f8
legacy/StubW2000.NET/AssemblyInfo.vb,1091,8a5bce25680acf059aa2f26ceb13ff6923dfc6c13fdd960ddefcd32a1af89793
legacy/StubW2000.NET/StubW2000.log,3651,887dc208adf3f83191f3ff2ad99601a2293f13fad91845762294b0edc3c2f09b
legacy/StubW2000.NET/StubW2000.vbproj,5486,507a2dae59a24fd4bafcac517d89f7fbd7c8bdbe504c37ece32ea4b130c6d880
legacy/StubW2000.NET/StubW2000.vbproj.user,1888,b5d0bcee8f79f1ddd584aa0dd62e336bad66734e698981d574976f1492b9e839
legacy/StubW2000.NET/clsSW2000.vb,44949,add87cffc7b0e681e7ee1beb3ac667360f48f2edac92f75be0c45d51816cff60
legacy/StubW2000.NET/modMain.vb,410,ce739e07f785d062b2ae833e4be178534d52268de57c32ace439a63788a759b4
legacy/Tiranti.NET/Arch/Tiranti.doc,2823168,ae86d736443ee666880279e851b5fe203ca576a9e2824598a4e25ad7bffb4f97
legacy/Tiranti.NET/AssemblyInfo.vb,1101,224adde9b88f25f4f6e815709d966232b9b785566771b3db1ec1d659f42157a7
legacy/Tiranti.NET/Serraggio.vb,16398,bc62c46315503b543ddd0e581c2d6dbc19f57b514b98c9d3986e836933a034c5
legacy/Tiranti.NET/Tir1.resX,85293,7705d4d9099aae4ec740462e25cffe8d5f074d51863bcbfeda972d2303dd4b14
legacy/Tiranti.NET/Tir1.vb,121250,d6fe71491ebb0386015f91d02dacd0a2c01942b9fd64950132337fcc0336db91
legacy/Tiranti.NET/Tiranti.log,19992,3012acff75723a12c3e8302d4e77cbfc9777c1ba56ad9fc169a4103c201f8c95
legacy/Tiranti.NET/Tiranti.vbproj,6811,ee6db87151fae3525b625a2bcf970ec3c89b205750ba90c4e343b1103bdd9751
legacy/Tiranti.NET/Tiranti.vbproj.user,1824,8c4d8e40c6115c21cb36a92c412eaf64fa625fdc251a78a946b5d62e0c6f3202
legacy/Tiranti.NET/Vari.vb,24090,9e918ad13d240870e6b2352871efdaa9c654dbbf8dd5afdc4f34d56eaa3f64ad
legacy/Tiranti.NET/frmcoef.resX,4856,b9c71165a1bcd9b4ca62dadc8b806b00494ca69b89e2b19b6ca5c915e75eadad
legacy/Tiranti.NET/frmcoef.vb,11071,be3afc82b9726322b9b693b6dc623e3e10d68a5f1c2916fc79ba5b6beb3ce4ab
legacy/Tiranti.NET/tirMonitor.vb,949,8c5e6de2aa05503b7e9d8e1ff3ed12451ae18fafcce03a450b65e9b55ae8e5d3
legacy/WRCB.NET/Aiuto/AiutoWRCB.hhp,644,430493e168f50dcce6313331d8af8a147cae4a78c73836cf4c10cb323d97d0bb
legacy/WRCB.NET/Aiuto/ErrCapNonScelto.htm,471,3a38f2982d293e1d4fffe54fbbe23dca41b2c9216ab6c29d03dd106c27724d80
legacy/WRCB.NET/Aiuto/ErrLCylZero.htm,613,e8966595347d09b511e973b07e189b22190db367ba87d2b007d463c11a0d714e
legacy/WRCB.NET/Aiuto/Index.hhk,194,26f9b37f6f6cf8fbcb850231fcfa6813b76135b45806f2a53a0488e3376abb5b
legacy/WRCB.NET/Aiuto/Menu.htm,254,9406d296f9e16337748f654627972b9432dd810da3164c5daa6fabec56280b31
legacy/WRCB.NET/Aiuto/Oggetti.htm,261,7ff7986f7c28d3bb1d1ea506887aa04d449ded92917627150ceddb5ec8aad580
legacy/WRCB.NET/Aiuto/Panoramica.htm,211,93e8cd4c1e3df465baa71f6e1456be1d8bbe2fb307181b8fa0d87c7dc58f465c
legacy/WRCB.NET/Aiuto/Standard.htm,238,129544831db913f3c3c20f5f41aec87422bbb1da9cc17b8e89d780f6df5c5734
legacy/WRCB.NET/Aiuto/Table of Contents.hhc,2055,7513e9c32bee75bc6261b0d13f05bb8bb45b702706907c955b35f018064b5dd2
legacy/WRCB.NET/Aiuto/finAmmissibili.htm,247,1d1cfdd0ef18431df01782f8e10aa25425eece95d2985746480ca86e53542e4f
legacy/WRCB.NET/Aiuto/finCarichi.htm,228,7ba83191adde2993734832f0f4b7be1b2a6c1174dd835b001b2784a367242fa1
legacy/WRCB.NET/Aiuto/finGenerali.htm,233,4226bfe9d1e1ff8bc13c6fd3c0be494394e3213ee2c8a90f3ed5a109b254192d
legacy/WRCB.NET/Aiuto/finGeometria.htm,231,c57131c3f926562373f6b79de5b1a4c826feae9318561cc3a0629d5457a458f1
legacy/WRCB.NET/Aprileg.vb,16873,672cab6db599135a5f2c5928cb6abdd0cec29c868f1539a1e42c9e107e6195e7
legacy/WRCB.NET/Arch/ASME1.DAT,7030,0991c0dc9251d53ffb6d2d2a300ea6a92c288e6afe4ff573b1627069b70b2ed2
legacy/WRCB.NET/Arch/HeadNotNoz.doc,81408,b99a15d5f08f67185773429ac4315e1a533a1771085b22cffe2cea4b863250be
legacy/WRCB.NET/Arch/HeadNotNoz.rtf,471728,28942600e52f8fcdd44eb5f48866ab612de2510247a0ab992baf3ab6d7bebaa4
legacy/WRCB.NET/Arch/RTF/STAM.WRC,303,44c682394b4a0a90a866cd3c9c1de5d1f0117542f9d2ba0f1db68f1a133ea551
legacy/WRCB.NET/Arch/RTF/STAMA.WRC,5721,6691f900afc838c21778e3dc15c1d8259fd7779819ea1d35652e8155c05729fa
legacy/WRCB.NET/Arch/RTF/STAMB.WRC,1775,64671d5ef7a93068c35c53f2f58227a1ab6535770cc4eb7f90d407fffa804e95
legacy/WRCB.NET/Arch/RTF/STAMC.WRC,1514,7d334e7d0dd4853e0abd3aae17f588188442412b7f6c2c4ddc11288d9253bebd
legacy/WRCB.NET/Arch/RTF/STAMD.WRC,1789,0b7ab35aec0023aed14142d3be636cee286a1c61b546d1b1603d2edde6dde34a
legacy/WRCB.NET/Arch/RTF/STAMS.WRC,715,ff24907e2996da3e160dd86f3d67c9d0606853246589bd8dacf2377da89600ec
legacy/WRCB.NET/Arch/RTF/STWR01.WRC,879,2c8c79400e14f566e73d0abd0702dca98af629424901221d445dc206cbbe7b6f
legacy/WRCB.NET/Arch/RTF/STWR02.WRC,4480,f807f822607cecd232698a5207a5051c28a4e71edcd3d00e66655eeb47d9f197
legacy/WRCB.NET/Arch/RTF/STWR03.WRC,3200,ce411f2c2ddabcb279fd621d8907c4613e73bf81d9f02e2fb472c41eb4e4f9a9
legacy/WRCB.NET/Arch/RTF/STWR04.WRC,4805,c33d97780ac8459b4a965d7e89ad4cefb3f9b259e97f39fd6c871ee165a2ed6c
legacy/WRCB.NET/Arch/RTF/STWR05.WRC,2953,ca4a0a086d5f05a4d96f19aeb282e05c269e85c4246e0534e5161549fc4f5044
legacy/WRCB.NET/Arch/RTF/STWR06.WRC,3601,c9cbcc0f9c4de5cf06b908feb6afdd5a8f69ad730354ed815836106c013f9a7b
legacy/WRCB.NET/Arch/RTF/STWR08.WRC,930,1a54e596bd56b7ea7e90cc27070f568ec65149ea915cdb2be05140f03b0b9a0d
legacy/WRCB.NET/Arch/RTF/STWR09.WRC,2745,b054613f950720e7c3c3a1b87773352ec0adad3075ea4fb038adf59a070db013
legacy/WRCB.NET/Arch/RTF/STWR10.WRC,352,8254e6f88e21611f9848cf11be2f686051b7291fedfd72b04dab993e83ab0004
legacy/WRCB.NET/Arch/RTF/STWR11.WRC,2297,32c77a6e37cf58cd0ac7786285c84675a3df03be14f9b6d3728d4f4928d725b2
legacy/WRCB.NET/Arch/RTF/STWR12.WRC,447,20e27e217b35fb4773d4c77a37a3903ba270a4f8fb1e1ea5bf22030b560ebefe
legacy/WRCB.NET/Arch/RTF/STWR13.WRC,501,254cb87f59979cbf940d87a8ee8191f491dfb823289d8a78cce1dbecf4a7ffa2
legacy/WRCB.NET/Arch/RTF/STWR14.WRC,144,81d962fde1610ea664604cdb1f9ea68a7ce4452d56d8cdae91d978387976e141
legacy/WRCB.NET/Arch/RTF/STWR15.WRC,327,36f2375fc2c303f7a9d1c0b41788413cfad26a2b8137796762c4ecc222ce8c2d
legacy/WRCB.NET/Arch/RTF/Stwr07.wrc,1861,5de6b783c7ecdfd994e93ce871c665e3dacfb49543d271677935bed3c98d2a49
legacy/WRCB.NET/Arch/RTF/rtf2c1.rtf,22613,7497416507c951e069d07a875e672917e3bcb14a77a80ea4c6ca41dc7b99d422
legacy/WRCB.NET/Arch/RTF/rtf2c1r.rtf,22750,d55896ecce25c7de33383b5e1309a16593f25202d7f92759b3eaf2a2f8cd132e
legacy/WRCB.NET/Arch/RTF/rtf2c2.rtf,22623,585c2857f61453bcb976e37cf6ef5abcb8217c7d7e8cebf77bcfd3fad897d448
legacy/WRCB.NET/Arch/RTF/rtf2c2r.rtf,22709,9de26d17271d6d400e6c94ea5630ae4db2cc71c1cdf14a352d7cd94a0efbbc5b
legacy/WRCB.NET/Arch/RTF/rtfDi.rtf,22569,2a92a2919d2999a56e8f3e7f2aad0147af5835488caafce690961902e8029c91
legacy/WRCB.NET/Arch/RTF/rtfLm.rtf,22695,259f3f6c9cbf1cf0cf01a43081e14a044047e96942e7745ad5befe612fb3f740
legacy/WRCB.NET/Arch/RTF/rtfcN.rtf,22660,423eb2a079e4935224db864b884a5d72565903871a57ef9cf6221a3936cc0f5b
legacy/WRCB.NET/Arch/RTF/rtfd2.rtf,22684,0906abdd205d316bd79770fb79060bcb4ea3e560fe3e1768d94b56803c626666
legacy/WRCB.NET/Arch/RTF/rtfdp.rtf,22670,11393f5df100984d4878ccfe8fc80b7b314997e2eae671bc6530767d5367e4bc
legacy/WRCB.NET/Arch/RTF/rtfr0.rtf,22602,1957c54add85d2274acfcef80733913060f84cc1f73f38492363e7012fedbe34
legacy/WRCB.NET/Arch/RTF/rtfr1.rtf,22589,f054a70339ec292c31bee7544e237b6abd083df8cc2c582bdce7c5f7e02a571a
legacy/WRCB.NET/Arch/RTF/rtfri.rtf,22567,87619292c174f6f21e74916ce3e8684a9455a34f036bac63f37e6fa4de3ea7e6
legacy/WRCB.NET/Arch/RTF/rtftn.rtf,22635,d39df104aeeceafe6fb7b569861229fd64e3c70df7adbc7f08d8556550950519
legacy/WRCB.NET/Arch/RTF/rtftp.rtf,22575,37c41ecd61efb978413134ced2090e00c15e9e3bc861486d7f2dd976f054d4f2
legacy/WRCB.NET/Arch/RTF/rtftr.rtf,22649,01b12c16d85fb193c108c623696f9bd879488b05558d7d1b40a6dee9627e83e1
legacy/WRCB.NET/Arch/RTF/rtfts.rtf,22565,e306f7d496462a045967bbfda7be1c1434f5741998f693c7b766f67d28d7538d
legacy/WRCB.NET/Arch/WR/BIJLAARD.DAT,11764,afcbeb54e4046ea3fbf0cbc6c486e8758a0ff6de3405e1b982257b26febafcc7
legacy/WRCB.NET/Arch/WR/BIJSFERA.DAT,12636,b9d1226965b8b0eb2fbe4083009ba861b2860ddea78b8b2e1869e9a1f5edb298
legacy/WRCB.NET/Arch/WR/BS354.DAT,2255,5b2935cc59eef92c2fcd4b01809dae59ca4d0ef22aa817bf0caeb5b6e0bdda7d
legacy/WRCB.NET/Arch/WR/BSG01.DAT,388,9eee8f8fd47c0422861717c48cb65ec7a466b0f38f35f34dc6adf601bfb9bee0
legacy/WRCB.NET/Arch/WR/BSG02.DAT,388,caef65b740a4ab45d56dcd59d98a026ebbbbd51c274d87d007fd32d7fb992c6d
legacy/WRCB.NET/Arch/WR/BSG03.DAT,424,001043953f132a07ac0834a397c3961f641b871412ad078707dd80dbce6ad80d
legacy/WRCB.NET/Arch/WR/BSG04.DAT,425,c38286c85479e12e08fbb53f0022ef82f1bcff7559f719562cce7591ee47d4c2
legacy/WRCB.NET/Arch/WR/BSG05.DAT,392,bd59b0f1b07b81181a00fb161a26276a908ae59baec5a62c400d226a163e6142
legacy/WRCB.NET/Arch/WR/BSG06.DAT,369,8e637d8c3825e8cb013f62c8d9f12e980e4d88f1fdf4446f718749491158a6fd
legacy/WRCB.NET/Arch/WR/BSG07.DAT,484,203d54962a36cf48289840bbefc933e56071c278c6b7ca1f3689591fee6a4a7c
legacy/WRCB.NET/Arch/WR/BSG08.DAT,436,eed7aebabaed25673db3502dde95a0ea40a7712f83e699010bc3dd2e64ae9b51
legacy/WRCB.NET/Arch/WR/BSG09.DAT,329,c55bda2cb0266f4a35322da74fe81f0099a30c4c7c1412b71c6ce4dc1c9b1522
legacy/WRCB.NET/Arch/WR/BSG10.DAT,329,8e8d34a092219db93f71ec7933cf86ff921b65fb5e9b65a2aaea8c9dd38cc0ba
legacy/WRCB.NET/Arch/WR/BSG11.DAT,329,0ab3d47f26a1f189d19c52dbed9ce64d56a08736ec9d4a41802812cb89e217f9
legacy/WRCB.NET/Arch/WR/BSG12.DAT,340,b245be2e2cb2bf80f2bb8624b264b8f714f5f8538bb239b73d98fe497abeecbf
legacy/WRCB.NET/Arch/WR/BSG13.DAT,387,84dd0b18e05a0b07839b3e3380ed0ce372893e17a23997dcb472da69925f38fb
legacy/WRCB.NET/Arch/WR/BSG14.DAT,424,e2486db149962e98343a55bd9a493d8fb1c41f885388f34fc3c689bf9eb65aab
legacy/WRCB.NET/Arch/WR/BSG15.DAT,423,d769aa8b282d8801dab060e83601ef447a427fe4866778652aff159c88fd3fde
legacy/WRCB.NET/Arch/WR/BSG16.DAT,424,bfad3cef11f6fc05d064ec3214447a83b78b9873fae7a494214e86efb3c10078
legacy/WRCB.NET/Arch/WR/BSGA01.DAT,378,cf11aa916012bfd4e380d610d011cc16ef6ac6ad46a5d9d825f3b964b79d86bf
legacy/WRCB.NET/Arch/WR/BSGA02.DAT,378,d3bebe5e6f7e336ef59979a81520f06c6d1e4aaf7d08b7e5aeb798c2e37217f1
legacy/WRCB.NET/Arch/WR/BSGA03.DAT,379,1bfe84fd8795344d503625d19d6311fa0ea90cd9ebaf551a9096b0eb34910fe0
legacy/WRCB.NET/Arch/WR/BSGA04.DAT,330,84acf08b9b8db97bbb661d4ff242d82b0366527f025ce39111203719fbc0705a
legacy/WRCB.NET/Arch/WR/BSGA05.DAT,378,1228865b18e54fdea59f5b899e5198ecc831705e363edcdcf41e9d552c85e3dd
legacy/WRCB.NET/Arch/WR/BSGA06.DAT,378,c94bdc29bd4565f04732dd1b43eff702b9b74c7c5102876184b43093ef2d7c39
legacy/WRCB.NET/Arch/WR/BSGA07.DAT,378,f90083adcfdd123631c50dbb1396d7483948ca5a5923bdf8b5e72c9029147d29
legacy/WRCB.NET/Arch/WR/BSGA08.DAT,282,b94663d39ff57a39ee5a4e9dc1d58111d866b43531924537535cee2ef51e4430
legacy/WRCB.NET/Arch/WR/BSGA09.DAT,282,d091932bac40c0178215c440852ca57350cdb63f848c25a060b891c9fcc69cd8
legacy/WRCB.NET/Arch/WR/BSGA10.DAT,419,3c6403e126df43d62d1038f876e9853d9417860e14756f6a1e8406fc9fe9bc5a
legacy/WRCB.NET/Arch/WR/BSGA11.DAT,420,b58ea8181d0fe9d2fc85bd3e84446797981d869a781e2e489a0a3f9dc3183d94
legacy/WRCB.NET/Arch/WR/BSGA12.DAT,369,5e6099ca1411b4907312161bc19a68531923a833d058222f36f85667d87bff4f
legacy/WRCB.NET/Arch/WR/BSGA13.DAT,282,e8472b140e360ed600cacad2a9304982567e241c3356f3333c473434eab1f7a5
legacy/WRCB.NET/Arch/WR/BSGA14.DAT,464,088fa7faf70ca2798429595cc8b8a2d99ba589bcb49e743c42b29ec826e6f660
legacy/WRCB.NET/Arch/WR/BSGA15.DAT,464,0a47da8b85ca868180473931050857c64acf3655aa989133f385d978d9e33314
legacy/WRCB.NET/Arch/WR/BSGA16.DAT,462,3e64682ea4c3e6cc2e4753262088ef8cdc73466c39f9f9250224cf66d5508738
legacy/WRCB.NET/Arch/WR/BSGB01.DAT,392,c6795a1fb96711ba2e56658905a7235ccec6c50323abe0acd963f48227756410
legacy/WRCB.NET/Arch/WR/BSGB02.DAT,358,7851dda7cc269bc9d073bd824d00284cd3e78f59f0611e9b7fb08df036d05a85
legacy/WRCB.NET/Arch/WR/BSGB03.DAT,368,2cf43004352f6b4f349112d951c0969de7bed87303f18045382ec603fa03cebc
legacy/WRCB.NET/Arch/WR/BSGB04.DAT,282,5130d29adfca6d55a30b760b3e3421ddccf438e833bc8c4e8886092180c3e0d2
legacy/WRCB.NET/Arch/WR/BSGB05.DAT,381,234b51e7691e5aa289d94af656757698ac4de44405b64b590ed9761272d03412
legacy/WRCB.NET/Arch/WR/BSGB06.DAT,384,fa3e68a31ab041e02ef2db7ad940a956325db8139df081e2914e2548d286ae6e
legacy/WRCB.NET/Arch/WR/BSGB07.DAT,391,6409674c482af59517c13a4a621667c29b0fc409068131d90c5bc7aebfaef078
legacy/WRCB.NET/Arch/WR/BSGB08.DAT,282,21202cf902465a3aec1f8691511f5119a7701c3038f5737e9f66f6646295ff5a
legacy/WRCB.NET/Arch/WR/BSGB09.DAT,269,1fcfac1b66e40968ae4218085d8c75f22e89236e611b5b2fac51e29bbbf1a3b7
legacy/WRCB.NET/Arch/WR/BSGB10.DAT,336,b4bb749dba9497c1e251fd6cb6569253d38145b8f28e97f021bb2dc77628113f
legacy/WRCB.NET/Arch/WR/BSGB11.DAT,350,64afdee992416efe1ae7f3f4fe115f000596b807ae625e9dc97af04675754021
legacy/WRCB.NET/Arch/WR/BSGB12.DAT,309,16097edc5a2d0769ae36f5fd389fff9bc687e3fdd23cbcdf0dba389f40007a1d
legacy/WRCB.NET/Arch/WR/BSGB13.DAT,282,b3a3e2e2de547b45fb9ee9b41a4206effb10233811f910f6d8ca797f0852e3df
legacy/WRCB.NET/Arch/WR/BSGB14.DAT,294,d874f5e7d874c5291decdf6f0318badb626560d05b4131b422afbd72b58d8e45
legacy/WRCB.NET/Arch/WR/BSGB15.DAT,309,e38bf66659f93de9308d3b7d2dbab2bf36d468fd66f04efb954a73ed616470f3
legacy/WRCB.NET/Arch/WR/BSGB16.DAT,309,f30cdda2a51eef68943793f5fcf8a1273fcec5737cdd9f07e85c51d076aebca7
legacy/WRCB.NET/Arch/WR/BSS25A.DAT,614,6e2aaf377fc94266c65e95c88263690ccec78f2684222fd62ecdb5ae048ba649
legacy/WRCB.NET/Arch/WR/BSS25AA.DAT,119,67903b7acceed08c43973bf6839688506acd5bac0911f5265ae224f9be3259d3
legacy/WRCB.NET/Arch/WR/BSS25B.DAT,398,be8337cefdda16e7715aac7041dd7ae89995d31208295c4df8c4a20405403d3f
legacy/WRCB.NET/Arch/WR/BSS25BB.DAT,105,7551c2752f382dd8c082a641dbead22bc4944ff3561b6f7248d4458e0239fa95
legacy/WRCB.NET/Arch/WR/BSS25C.DAT,418,04a348b03f1bdbd1ade6c23b05b1d0932d1a4b415dc2f8f108cef6cb02dd6af4
legacy/WRCB.NET/Arch/WR/BSS25CC.DAT,118,9c2a2dd40d9536a4ee2150e9d16a506779d7b93aa00be9b32deec26407ffc1df
legacy/WRCB.NET/Arch/WR/BSS25D.DAT,467,464145b2c530aceba408474abeae087f39177b87431ca79072ad0d3fb3c3f2b6
legacy/WRCB.NET/Arch/WR/BSS25DD.DAT,119,708176e0a2c0d3ac0480360e7cb832cafcaf51d03a9d915c877175b903a0be99
legacy/WRCB.NET/Arch/WR/BSS29.DAT,699,d5b81d30675fe1db8b36fd00f58b800faae3d687f03a9d88735c25690c5a7a9e
legacy/WRCB.NET/Arch/WR/BSS31A.DAT,585,1c3b288248774a10a43cc8896cb1ca01c5734336e4b2fbdcb8469455e6073f10
legacy/WRCB.NET/Arch/WR/BSS31B.DAT,585,d1fda5d2dcf2a82c78fc6d8bf6d9c2f92a96c6387bcd9bad3683cec7ee2e5c10
legacy/WRCB.NET/Arch/WR/BSS31C.DAT,599,ce5d572c7fc9ef27a6a51b4dfbe1d4ad9a5d0b3cb8d5c73790a2b414e26871db
legacy/WRCB.NET/Arch/WR/BSS33A.DAT,888,f2cc6eadb04c03db32ec976a4ed883906229370615466362e2d067091a1f618f
legacy/WRCB.NET/Arch/WR/BSS33B.DAT,888,31c2b5cf722c739b30e73ea47e53d6673dff61f9e1b352684bb9ac2f7d2d0ead
legacy/WRCB.NET/Arch/WR/BSS33C.DAT,889,0e0352f815612dde5ebaaa6989b5e617f511f8d04d40daa42f8021e2125ea090
legacy/WRCB.NET/Arch/WR/BSS35.DAT,864,5f53cd3d12b8fa3122b94afa4805130dec2de41eefc4874e88d9c8424469ca3b
legacy/WRCB.NET/Arch/WR/FIG03.DAT,545,0a65ce8c1b1ce1ab36f9a8c7f6d93025d830b22a65a539515605c972b272c117
legacy/WRCB.NET/Arch/WR/FIG04.DAT,546,177d883e446d638dbbfa5f220ac6a3ea18457a36e5662872cbf16914fcda716f
legacy/WRCB.NET/Arch/WR/FIG05.DAT,534,44fef89e4a830a105e5b6c04569288d062e021a5c3ee3590cc7a099ca1538411
legacy/WRCB.NET/Arch/WR/FIG05.SDD,18583,d0690fab4de326ca570f34f7e6d0e0a9556ed489acdd0e0e95baa98bac51af5a
legacy/WRCB.NET/Arch/WR/FIG06.DAT,579,dd5fbb7212def0da971718366e75e90e610597ba3ec0390f3780b0cd4e6e4066
legacy/WRCB.NET/Arch/WR/FIG07.DAT,601,9cb33ef000aee362756ffa9a11faffa5e24f0000a2028dddd3d55aee7890298d
legacy/WRCB.NET/Arch/WR/FIG08.DAT,655,9430cc5c113f80d1270f7c5b4ff150d9bfbea5dc0fa177ad71d33ce84a25d340
legacy/WRCB.NET/Arch/WR/FIG09.DAT,794,1ea3808769c558e38a1eb75dedfca68398295392fee3772c6ae5555c2e3b1928
legacy/WRCB.NET/Arch/WR/FIG10.DAT,778,fdb7e0043c7aa683e7013324b5b69647ff7af087735d1b27fbe2527c7bc928e1
legacy/WRCB.NET/Arch/WR/FIG11.DAT,822,49748187dccf813c5d3304d87e619c052efc7cdf4a79f2a27d82984cc9e2cd17
legacy/WRCB.NET/Arch/WR/FIG12.DAT,856,4d4d9d6a2c45894ca40c15dfd4663cfa6956666a6d91442c6e3d043053b8b81b
legacy/WRCB.NET/Arch/WR/FIG13.DAT,424,299f7f985e125eea5f8039bef7b1a9b5a443f44b68c78c80c99cf722c04aaf38
legacy/WRCB.NET/Arch/WR/FIG14.DAT,534,202c92f61b05e05da95c1786d60f345a11ac8321ef3b0c1955395d65899c7d7d
legacy/WRCB.NET/Arch/WR/FIG15.DAT,534,77fa47781cbd3b1c1d3b7820b7f17061f867fa717dffd47b4ecb3a43553c8192
legacy/WRCB.NET/Arch/WR/FIG16.DAT,578,982d4cee2f94bddef600dc4c16c3923649c781bbf0f0e829c05bc184ff99ee85
legacy/WRCB.NET/Arch/WR/FIG17.DAT,611,9a582d192560dd6732f4849de13660c3adab5a01df5ca931a50c520ea1ebbb9c
legacy/WRCB.NET/Arch/WR/FIG18.DAT,1017,85755e20be19ede5f120ca3f9a81a2302f488ba581f0cf2f71b6369582a9d765
legacy/WRCB.NET/Arch/WR/FIG19.DAT,772,711b3ce514979331ce87ff4180e3ee7301571920b29440d096d12e162f6bc253
legacy/WRCB.NET/Arch/WR/FIG20.DAT,818,29a263cb317d46c20471e6a20a9318add7bb6beda6cfcf8fcb4d7f070c2fd10f
legacy/WRCB.NET/Arch/WR/FIG21.DAT,897,65a26aedca15fac2f111ca1de7b78e886592c34d317a42b06dd03341b4cc3a14
legacy/WRCB.NET/Arch/WR/FIG22.DAT,783,0be651bca50097effc518b069b9a1babf7f701fdadf7804a76e16baa4fa15e76
legacy/WRCB.NET/Arch/WR/FIG23.DAT,534,6f37feb296006864864133d50983654d396bea50169fc90973ea82120c700af9
legacy/WRCB.NET/Arch/WR/FIG24.DAT,550,8c167d587877ac63d7c5813448b91f3c2eccae68e60bccf5d6457a1a939ea290
legacy/WRCB.NET/Arch/WR/FIG25.DAT,594,335834ef87ff858028ece1c555031fd0af02961d59e386ae2669a80a79603ee8
legacy/WRCB.NET/Arch/WR/FIG26.DAT,627,dced58691b9196377295a7dcd1823f1fcdc0ecd983cb81694271bd9b6d284a9c
legacy/WRCB.NET/Arch/WR/FIG27.DAT,670,ce57b9a7b457a0d35b26dae41002524b780184144039be5f14b732cf32ddcddf
legacy/WRCB.NET/Arch/WR/FIG28.DAT,787,e2675321af8a2d11c891630176c3831a358c03b399749f605b03d8ca38d2b000
legacy/WRCB.NET/Arch/WR/FIG29.DAT,794,c0cadcd0cfff6e2a67b727eecaeee5f5c344e85a6e3cd84771e1136959710a4d
legacy/WRCB.NET/Arch/WR/FIG30.DAT,859,53a16530667f8e989303e5cf478812bca4d48db90f123f3190e3dff0c470548c
legacy/WRCB.NET/Arch/WR/FIG31.DAT,904,0ab52140a77b66f6cb4e73ed6bfee74935eca344ab247d6a2adbe3212c345c4b
legacy/WRCB.NET/Arch/WR/FIG32.DAT,549,f4291b65f169026a12ddb893dd676085b67e6cf90e7b803eb66004f7252fffd9
legacy/WRCB.NET/Arch/WR/FIG33.DAT,549,6866ad391f42dad3a7922efb6a17275c6cfb1772b4f4c591ed08287fc073a8af
legacy/WRCB.NET/Arch/WR/FIG34.DAT,583,0e2c44186cf6264794a57dcb6ddfddb40cc4bca8991ac03113c9e1610fcd9b84
legacy/WRCB.NET/Arch/WR/FIG35.DAT,626,c00d65c722ec0e8f069f3236560d67e91e5907fa93d06c2348840051751a8327
legacy/WRCB.NET/Arch/WR/FIG36.DAT,762,0b00eb38299fba557b9ca9158994b7776954a331a6ccc1fa0d48386d400cdba6
legacy/WRCB.NET/Arch/WR/FIG37.DAT,888,58876c71eb2f67b362b3bbabf2036e658fef98e996521c663593e1dae9a0aef3
legacy/WRCB.NET/Arch/WR/FIG38.DAT,942,0fef1ca5aa1f778801b65bc6f2c41fd654a279aabb563ff0d1cad754c9d622a7
legacy/WRCB.NET/Arch/WR/FIG39.DAT,1011,bd4b6df7cfdeb2bad9df0ce7f88a55a526e4b1c39d1a5702b5c694d7fbad58e7
legacy/WRCB.NET/Arch/WR/FIG40.DAT,1024,83bfb7c5988fd4c52fc741f9b58b3f8813806c518a5595804d625494284056c2
legacy/WRCB.NET/Arch/WR/FIG41.DAT,485,3489ae22ad0c117a70923cc91aa4cbabef877a99afd61369d9d2c5ffcc2645f7
legacy/WRCB.NET/Arch/WR/FIG42.DAT,612,27566c32fb5fc43c6d760ac04e93e688256a2165d8c52e817712e2c2e040fc07
legacy/WRCB.NET/Arch/WR/FIG43.DAT,766,f6daaccf773ab4aee3bad53782dac2480c75bc39eda5c8f0c970230d2a3a6a27
legacy/WRCB.NET/Arch/WR/FIG44.DAT,799,13795f96700a570a5162f7ee628cdc06790b957c34b46fd9e5df54e08185dc75
legacy/WRCB.NET/Arch/WR/FIG45.DAT,740,a7d0c371fc315a8b1c7b29e4e62a1dd9209d9142c85df177e0adc90cbbebce02
legacy/WRCB.NET/Arch/WR/FIG46.DAT,832,7f2628a3bb8ae06a27650d15d211dfb8d2cd63bf8bfcc89e3c46447bac5be8ef
legacy/WRCB.NET/Arch/WR/FIG47.DAT,796,2d49dbcbec835f61d5d21b88c9a3ab04a16007181b27327d1a3010bf5f71aca4
legacy/WRCB.NET/Arch/WR/FIG48.DAT,840,6ec5806902503ad08abc882d780a705dc3889eeeaa6cb0bff1689bd813710373
legacy/WRCB.NET/Arch/WR/FIG49.DAT,850,81a600f90b81dc04b23c561881edb149c582e6ba28f8801a567c2c821414d3c1
legacy/WRCB.NET/Arch/WR/FIG50.DAT,704,1a6fef433b9cc9d383f335950c9a18475f3cd19107e5f9eb0b7c27b7297176f7
legacy/WRCB.NET/Arch/WR/FIG51.DAT,728,69c63a22bc0bea64b4a945ee16cfb9bfafdf2a7569734a2ddcb3fd7367bf7926
legacy/WRCB.NET/Arch/WR/FIG52.DAT,721,b4216609645e4a701b63f6716c298f1439a7a8e328c0734684847f0562b7dc3f
legacy/WRCB.NET/Arch/WR/FIG53.DAT,743,f5780126cb4824837ca42c0a78137ece401db44ea8d9050f705b887cf9151fb1
legacy/WRCB.NET/Arch/WR/FIG54.DAT,1075,5563f206e2f217f75cb10caed42ec5166c5a8a26c317ca6d13db6ff7aa20e1a9
legacy/WRCB.NET/Arch/WR/FIG55.DAT,994,0795308a3e27807b588de76376a1aeff3dce07e9381332a6e05aa4b9f39ce5bc
legacy/WRCB.NET/Arch/WR/FIG56.DAT,1074,40f50f3e1e67fc079356db85f6fd78fc610fb133698fde53c5297f737f568189
legacy/WRCB.NET/Arch/WR/FIG57.DAT,1147,29a5d9659ff01cf7644a3ca3afcbd8c0fbfd8636d234ccd2216680f832c3729d
legacy/WRCB.NET/Arch/WR/FIG58.DAT,1250,4c0773ea367ad5ad9e7b33a371eac8bb8b1f59bcb82cdbb9fcaaf27757297fa1
legacy/WRCB.NET/Arch/WR/INDIR.DAT,237,43379806fcbea56301e8fc4bee5a5d4568e2365894d7d6e2635c8bb56a1eba0f
legacy/WRCB.NET/Arch/WR/NOZZ01.CSV,1043,b3ec7c84062def8f417c636ebb6501598dbc60e8f4e2f64ed92914fa4799fd2b
legacy/WRCB.NET/Arch/WR/NOZZ02.CSV,1100,bcf3facbd8db3db98d046caf4d2f2f0d3f727db5a43fd37c778441d913a45024
legacy/WRCB.NET/Arch/WR/NOZZ03.CSV,1324,4eebdce172d46ec7408be4099bd7912460446ea5712d1b3f24d47c9e80ea1463
legacy/WRCB.NET/Arch/WR/NOZZ04.CSV,996,d42018def2deb253dfbe35768abfb21d01c8093ac182e8b3086b965ff6eca585
legacy/WRCB.NET/Arch/WR/NOZZ05.CSV,1181,1eac5bb842de9a902d7eed656253c286137b7408874e7aa178783eadbda90abb
legacy/WRCB.NET/Arch/WR/NOZZ06.CSV,1537,3003f4d4012dc70e9c7d18579e47f41c4c62f0193abefe690de644f10cfa68ac
legacy/WRCB.NET/Arch/WR/NOZZ07.CSV,537,3f1638632bd86d9b1fc9fecb9e33ca267c6b566127ec970c5c54c2836aaabbea
legacy/WRCB.NET/Arch/WR/StLib.wrc,482,355ff3114f6c611b760d428a4ecfac3bc7eed1a494e397f47aba293ad4c79453
legacy/WRCB.NET/Arch/WR/WRCBDATA.DAT,1786,21a6c8517938207f26f6886864492a546f8cfba1b1913dcbd8190dc4d435139b
legacy/WRCB.NET/AssemblyInfo.vb,1091,4634e7a91e851d8d50595811a7621d4cee45fb14b60149d257684b25756393d5
legacy/WRCB.NET/AxRichTextBoxArray.vb,9190,073688cb72fd70be2eecead23ca0fbb4f460b2d69c244ddebab862a9174ddf93
legacy/WRCB.NET/DATIDES4.vb,8789,ae832c162a5ef967ce102ece3367de3abd042e54127c3d68568d4b936e3b8c05
legacy/WRCB.NET/Figure/Sketch,1387178,3f73b36c9dd299b7edff4933021258b5322f2b31d34c72b87354c959c0c6baf4
legacy/WRCB.NET/Figure/Sketch.jpg,38128,485fdb5e6c450bfaa00175ac3754a838525d227277588aa537bffae715017ca8
legacy/WRCB.NET/HelpTopics.resx,1824,63658f820adcb98da7d4c4c8bb33ac4b72ade204e4ba66f5f9808c5e3f8af4fd
legacy/WRCB.NET/ProjectResources.resx,2194,a9f7d6a162d680692ab4121e9ee3c089fbc9cdb73d63aa586f3576fbbe69672a
legacy/WRCB.NET/Tipi.vb,22210,99f5c9c577f9036525310c107f262fe112c792adc1752240b299187127a30a90
legacy/WRCB.NET/Wrcb.log,32832,42ecc66e3339549e5a3c93c2b67237bbe90e4e30656dd57857d072ed8c99b776
legacy/WRCB.NET/Wrcb.vb,59105,2ce78461879858d600ac8352f97f7b961adb847148a93aa10cc8c11373e7d824
legacy/WRCB.NET/Wrcb.vbproj,32113,7b693b5017b7060670ce9f7c1ca3646942726be9a66ea4c3d390151444bbd8a3
legacy/WRCB.NET/Wrcb.vbproj.user,1765,ea0426ce5aa4c21dea6041c6d0aabdd0a95ba288eda15d62d2484c9324af7720
legacy/WRCB.NET/Wrcbru1.vb,98406,7bcad4ec1364eb9717ed3e2db36f141d5d4e812189322226740dcefbc8222e75
legacy/WRCB.NET/clsWrcb.vb,15901,b6e6b8690bbede13816c86e4dc9552425d515f890462aca0fae9860d305ae5b6
legacy/WRCB.NET/frmAmm.resX,44122,e4c209ef07ccc3f7f49c1dd83e79d3ad826100fb51bd7fad6550d111cb8e1f16
legacy/WRCB.NET/frmAmm.vb,60481,cb308fa0e0f21add9e995e120f5fdc7042ef60a06d8096555f82f18958c7091c
legacy/WRCB.NET/frmApert.resX,89471,2983275c4c52fea61bbcb39fef23e6c4f937a12a1bfbaea14f1aa64d66e6cb39
legacy/WRCB.NET/frmApert.vb,41011,e9975320f584e9fd59c7faefe163bd118f6eaaddbc6ca860d827a2f8880ba36e
legacy/WRCB.NET/frmCar.resX,54129,9f9013e350837c9f53c4b57d824a117b0ba79e31e7f2c2aaafe5afc39c45be5e
legacy/WRCB.NET/frmCar.vb,85094,6d094bd9eb953641e0ede05a980a25639726ec295a20edf379d5759b90468171
legacy/WRCB.NET/frmGen.resX,21384,4b2634eb28defedf632fd42917233fa2bc91c46fabae204534c9de34ffbaeb03
legacy/WRCB.NET/frmGen.vb,30885,b818a662a2bc6144d96e1ac7fd84577da3447476fe98a7813e3419dc589f4f44
legacy/WRCB.NET/frmGeom.resX,56996,aef307d5f8414ac73512fd06ee16794b7e443d8b27f94408152f2471471920d7
legacy/WRCB.NET/frmGeom.vb,97712,58fe127db0e0b6920b5846dfee5f90cf405457862fb371c55800b3addff1dffa
legacy/WRCB.NET/frmLib.resX,38304,3b3fd70482e8eb3fb2a6fb9bb244e1884b07dd8161bb09ec67531ce8e27e0116
legacy/WRCB.NET/frmLib.vb,58922,3c73d5b814dbda5890fd01ebc4fc18a61295253891852500ba2837797e0f391d
legacy/WRCB.NET/incWrcb.vb,4450,715184263ec27b57cf04d7bc46ec945003124ee2c858b542e65a4d6cf723e735
legacy/WRCB.NET/wrcMonitor.vb,2941,d475e0f14c332eac949e4441dc6e2eaded4f5a548a5667bc76f196ebc9a8d7a9
legacy/WRCB.NET/wrcbBSG.vb,33644,fbfbca6c789e2178abd0ac82d0c2aef111cad1b39795907e43f7e56eb248d087
legacy/WRCB.NET/wrcbSt.vb,61024,d2f178e629a13c7a8c35d054d1cb40fa29e070a6776ece22dcad632719595d6f
legacy/stop.stp,244,4ce72f9b05c50b9e35c41dc07c2e182985b5a5d5d61b4b60ef982734d9ce6f06
legacy/traccia.NET/Aiuto/AggCrea.htm,2185,7bd231fada39b03886cf3568f02d216d78526e98b972bc2568a045d879f885c9
legacy/traccia.NET/Aiuto/AiutoTraccia.hhc,13245,cbcab42b1344e62b34b9aa3b7f2b130acab8e8755fbff5cfc0b548ccd09fbe62
legacy/traccia.NET/Aiuto/AiutoTraccia.hhk,194,26f9b37f6f6cf8fbcb850231fcfa6813b76135b45806f2a53a0488e3376abb5b
legacy/traccia.NET/Aiuto/AiutoTraccia.hhp,5057,b0b037fef824e4f3d29019dfeaceb6419e78b54c9cc9cecc52f67838fd22938f
legacy/traccia.NET/Aiuto/Bilancio.bmp,1156378,2a60af2b8917a860b6fd76ada46fff9e1e16fb7ee858dcd73efc8f462b191734
legacy/traccia.NET/Aiuto/Chiavi.htm,923,87f0e78af412c97e78df7fb717893463b7801145e4b50af675a8bf51923c0dc6
legacy/traccia.NET/Aiuto/ChiaviS.htm,10991,36741fa37b528adbd5abc416d12d97df64cd27d50f566f840916ebd54a800e5a
legacy/traccia.NET/Aiuto/Definizioni.htm,2892,4e96e692f7539c759edd6a6ade8bfea1f481b0eba4523ace4d8336000d9982b7
legacy/traccia.NET/Aiuto/ErrBadSerial.doc,24064,d26fbdd4f01d6801a95632ffb1ad6070c78a8579b839f6927fb5b777c3ca5276
legacy/traccia.NET/Aiuto/ErrBadSerial.htm,1120,9d67c3d596542f5b9e2303db96536a0e6a5744f60e752aa77ac52ceb3d5890af
legacy/traccia.NET/Aiuto/ErrBadSymm.htm,765,0f873b0007f22a4a083b5fa8d98554633e0b467eee4899ed9705609155622662
legacy/traccia.NET/Aiuto/ErrCorIntCorExt.htm,246,1b9171f493a12a72fc66553946d69d96ed3c04755fa114a4e024e52585f462f9
legacy/traccia.NET/Aiuto/ErrDens1noDiam.htm,278,d3cd1d15b16d54acb283bfb241661d59809dca69d63260e58f8d3956d70aa805
legacy/traccia.NET/Aiuto/ErrDens1noPort.htm,256,79e8693bbe553a5ebd2776ed0bd2ff019d0186fb88908644225a5ca91aaac680
legacy/traccia.NET/Aiuto/ErrDens2noDiam.htm,274,2f5feaff52c5c71c79b4caa9d63e1a2ff4cd26331f7a97dc964292b89a6c31ed
legacy/traccia.NET/Aiuto/ErrDens2noPort.htm,252,46bbc782511615bcd0dc5067bfe261d1599d999d57f60e198beb4a4e26d3ff6d
legacy/traccia.NET/Aiuto/ErrDiamBoc1.htm,249,f6dcef6a95f95f7bc0a2b833db20105f64f422c9162c90b6ec8185e3273616a0
legacy/traccia.NET/Aiuto/ErrDiamBoc2.htm,266,eb9e37260872f1b4ace2a87d698d1763d86c744eaaf9a71e498cf7e102b2aef1
legacy/traccia.NET/Aiuto/ErrDiamGrande.htm,252,f2b81cf0836c49c816ce30aa5f49b03e5c398b741005a4006aaa5d0dbe5b877d
legacy/traccia.NET/Aiuto/ErrDiamTubiSbagl.htm,239,10df88ad87c2d72149bd0269553fd5a4f4d951be3b8733443b3b390ca91fdcc4
legacy/traccia.NET/Aiuto/ErrFontCorona.htm,296,0cc5349d40ba4cc58b6dd271a52b13155753fb5f96469e337f65100b57557ee7
legacy/traccia.NET/Aiuto/ErrNoDiamNoTubi.htm,268,d398ff7cdd8b190adecb8312aff4e398e0d33972304946196d6f4bd4ee154ba2
legacy/traccia.NET/Aiuto/ErrNumPassi.htm,231,f082553a169d090e82e9842f237e5b3063093d08247bb43816eb366838a12f3f
legacy/traccia.NET/Aiuto/ErrPassoNoFont.htm,274,e2c424e1c2a873d2e86ef0f0f7dd39f8a0165442022dcf10e3b8a459fdfd8504
legacy/traccia.NET/Aiuto/ErrPassoNoU.htm,242,6823ed6eebca5d1b6116134d9efadaaa738f88cafd72e2dd8a6f0c06b507ae52
legacy/traccia.NET/Aiuto/ErrPassoSbagl.htm,233,a0f2366bc3c56dce4dd5ab7f9d07643815db08c43a84c1f775bf4b8de3e5e537
legacy/traccia.NET/Aiuto/ErrProto.htm,231,4d568bc1b60a62b54c3dacd10af3fb0fdab29b1086093fa8a421e438dfdc329d
legacy/traccia.NET/Aiuto/ErrProtoNoWMF.htm,539,48c1723a578d644e57ad6b94ff0741c89ad445dab5ee55efe68c6cb6a1726aed
legacy/traccia.NET/Aiuto/ErrTipoFascio.htm,515,aa076e503d3f70cbf550b0a11ae86d8a7341526ee447d5bd7bb6c871a555dc3c
legacy/traccia.NET/Aiuto/ErrTipoGiunto.htm,526,5f149f41f901433a5727d04ba2bf5944782a9c6ca5ebcdb2f282478e9be8a5c8
legacy/traccia.NET/Aiuto/ErrTipoPasso.htm,507,6a4e4041934badc80b92b6817f786eda1a0c95188198e1db92d0cabae7ac4d4e
legacy/traccia.NET/Aiuto/FinestrIniziale.htm,2738,c629b2d5cf2d2565c25d2bd7d1151121db011b484d72a5e6b34ddbecbb4a6836
legacy/traccia.NET/Aiuto/Forms.htm,203,e005cda9e7b2094ae7e852d5040d7b7c0729de3076cfc9c33213641ad7ec853c
legacy/traccia.NET/Aiuto/GrigliaSpost.bmp,145046,092ceb9fd87a279c89bf4df0db7d7562e37d5867871226d3994b957647b07841
legacy/traccia.NET/Aiuto/Introduzione.htm,1707,85330b6e4c7a212521f65c3bcb6411bf91dde37658415f9f3d973b0498470716
legacy/traccia.NET/Aiuto/ManPro.htm,647,fbcc10e6eb074ad1244bc9deec9bf3d7662ffd70c2459694b1370c79d2e03f2d
legacy/traccia.NET/Aiuto/ManTer.htm,221,4272d0032065dc8a4bf4b2228fa2476d481e03c8081b4a25284861d7a229d6a3
legacy/traccia.NET/Aiuto/ManTerZoneLib.htm,14275,c3263a745c9ea34d5e5ec1a02a51b520bbb3f44c0d26354b73a3cb500304747b
legacy/traccia.NET/Aiuto/MultiSel.bmp,89606,d05e889947c18e5d88fcbfe93a0bfda3cb5c59c230714bfd5d32dd3c76dacf12
legacy/traccia.NET/Aiuto/Panoramica.htm,1986,a3bbca5a59f1683a54aa03ad32d3c28b4cf242eac33c81f6ca1f39ff3788f07e
legacy/traccia.NET/Aiuto/Preferenze.htm,753,0500d3f87fe863adaa099af30189af50f369f8d67f824920cef4971da21a7e3d
legacy/traccia.NET/Aiuto/Procedura.htm,1324,e74be53f0b540dc2126319bd1b540e25c4bb4ef9ce7034e070398eb30525562c
legacy/traccia.NET/Aiuto/Prototipi.htm,2231,2e09879549ebff3265938aff75ed810c44c2d6ad67b125a43c94dfa8fc5631a2
legacy/traccia.NET/Aiuto/QuadrGiallo.bmp,77814,b9de72e15981704502700f146a4b1d44317045d5727aaaeb11c350d153408aeb
legacy/traccia.NET/Aiuto/QuadrNero.bmp,87070,62f0b23ace966353f3ea2d3fcfbdeab44390361289029e8bddcafe83490ed9bd
legacy/traccia.NET/Aiuto/barrastato.bmp,30798,cbf8928a6efa632ebd8357e6bef87a9e610f8c7ecdc8d322c419c45f33e50feb
legacy/traccia.NET/Aiuto/botDatiGen.bmp,4562,9cdbe26fc0e51bc52d94c51d5733800785cede402c78c85c96eb1a2cede9b26a
legacy/traccia.NET/Aiuto/botDatiProg.bmp,4562,307210692443456882084461f9c4bc3d8ba373f5dd1c80a1c637386666fd9c6b
legacy/traccia.NET/Aiuto/botElimDatifin.bmp,10266,878ac56a862cb9252dbaf9172d6f80eee23b404ae23b10ab1ddb648decbd2a83
legacy/traccia.NET/Aiuto/botPassi.bmp,7814,de1d499e9a09bbc805fb896025908907f9dfc1ea1236b364ae384ef27c6ba797
legacy/traccia.NET/Aiuto/botRipristina.bmp,4102,dc519e382bec546200e1bb6d665686cdb2d2bd6860d4507ca94ae69ea1bf1068
legacy/traccia.NET/Aiuto/botSalva.bmp,4102,4f016b00829f0ed4d12bbce5fe495bb7aea1abe5cc39965dd26d6b534d26d9a6
legacy/traccia.NET/Aiuto/botTraccia.bmp,4010,210e144ec5990a38bdf2c4761f053657789e3997e85faddb1ecf566f74988f1e
legacy/traccia.NET/Aiuto/bottoniFinali.bmp,9898,f8d149f152e06052b86234f35b7a4c5da8c13a2f0a4b62459fe5159b99524a47
legacy/traccia.NET/Aiuto/finDatiGen.bmp,492662,ff13f5163e464ff3ee7e13d10ea8ca7092f60f5a4c962096124d51bbea3fb675
legacy/traccia.NET/Aiuto/finDatiProg1.bmp,408054,8d189c5e799e162a9afbf85952c2d5a03fc5ab9e7fcf05de8c1996c63b9888f7
legacy/traccia.NET/Aiuto/finDatiProg2.bmp,403974,026b8378298034817637312ce707225e6285927a4ceda8793a7793e7011ce4de
legacy/traccia.NET/Aiuto/finDatiProg2f.bmp,519234,cbff8ec332c414d6c95fd7ea1d939c517511320095090bbd96c9ec56ab6fbcdc
legacy/traccia.NET/Aiuto/finLeftTop.bmp,101430,7094b32221c12c264937feb69f6b077f1b3a7dd255ae9c718ce24a96d7b4dcbe
legacy/traccia.NET/Aiuto/finPassiF.bmp,471954,bc95cccae4de1c8aaeafd72c5a57bdaf3c637b0fec1c9461ebfb239d4608b688
legacy/traccia.NET/Aiuto/finPassiU.bmp,471954,4cb232ade3af850d3b513c57c01888f0dad528dd0931322ae5d7ad960a01982a
legacy/traccia.NET/Aiuto/finQuadrGiallo.bmp,1865110,ea7f3b141095bdc8ccf3215285051d8b1cfa5325ccce47d82a3b688d64f3b5cf
legacy/traccia.NET/Aiuto/finRightTop.bmp,66630,6cabbffb67cc9c75bf04fdc174fc7b06ba8fdc42147e3bd3aaabdb490e881c16
legacy/traccia.NET/Aiuto/finestron1.bmp,2359350,c792c1eb22397d3af8a42b115f66b5f28a067773e4063319e71bcc61d0606c46
legacy/traccia.NET/Aiuto/finestron2.bmp,2359350,dba8372e580f6f74b3376347b1953ea2db90ceda5347956af1f14ead491afe10
legacy/traccia.NET/Aiuto/finestrona.bmp,2359350,b502256f441c5bccfe6d7c879fd04cf1a622f90389f63eb792a77677134eb6c7
legacy/traccia.NET/Aiuto/fontAgg.htm,3963,3ea5bd84355fafdf45752cb277d7231b680effab9dd351cf52c977ea7d65485f
legacy/traccia.NET/Aiuto/fontAutoCAD.htm,257,5f0670002c513544d0f1a2d4bfdcf574c6bddf3fd9e06bd35e5f154b4f0e81d6
legacy/traccia.NET/Aiuto/fontBil.htm,2081,d80384fac6d06d4165753428ceebc885ba8fb9d00d4cc58b85045f3d741af2de
legacy/traccia.NET/Aiuto/fontGen.htm,1722,4f8ce346858a6fc078682fdfd6a20e51d99d7414c8edc96fa46163de472eca39
legacy/traccia.NET/Aiuto/fontInfil.htm,211,4ced96ef0dc14d14734cf6297f6ab2da65b184d2ac9b2e2f5b1437c8b1849162
legacy/traccia.NET/Aiuto/fontSeq.htm,207,20166249b9419482992a56f8f4481751277b0cadf26ba1682d5d57af79ade1e7
legacy/traccia.NET/Aiuto/html/ManProAggiancia.doc,53248,f1da9944227b82fe64260e2050b97623a5341335150ed54afc7276ca1ec4ef49
legacy/traccia.NET/Aiuto/html/ManProAggiancia.htm,63752,428a16ea4568725dcc2bbe3a188a35c1f7c9e1d3535aa7cb4a0dc80896819e49
legacy/traccia.NET/Aiuto/html/ManProAggiustaTaglio.htm,7019,dfe3372cc71704e36a4d94100586fffafd15a8cea2da0be583b841d47eda2e54
legacy/traccia.NET/Aiuto/html/ManProBilancio.doc,26112,b3ba3cbbc5894e29aba41e65901eb34884fa9d64df3a9621a4e21b00b4425fff
legacy/traccia.NET/Aiuto/html/ManProBilancio.htm,18939,b2980b53b00cde863e54c80eb4012aac32df3d1f0d4709eb21e56ac7d50dce41
legacy/traccia.NET/Aiuto/html/ManProCoorInMem.doc,23552,f0d9afda2dac736a6f428ebfc953d25c87b6752fab013185cd9ed81f2840dc7d
legacy/traccia.NET/Aiuto/html/ManProCoorInMem.htm,12598,d422e004bff327abd4160538b9f9246ba6892c7e65910ad13d74d76cb4236601
legacy/traccia.NET/Aiuto/html/ManProCoorXY.doc,22528,db8e7abce7816e6ad31cb1ef7ca89a4ce0a4757db4b386458e84b92c9afad137
legacy/traccia.NET/Aiuto/html/ManProCoorXY.htm,10916,0213581b49ed726f7f3e4548065625ab2a813d392281c22b6983c076f18349f8
legacy/traccia.NET/Aiuto/html/ManProDiaTir.htm,23090,2b206d69daaff04dc6295110ddd20a99fb4d51645c7e2ce06f79914aa6ec199b
legacy/traccia.NET/Aiuto/html/ManProDisRod.htm,7821,a7ef9ec34c92bf05012cd1bbdac19221b7d7b97e2ee204e9ac62b76da35de931
legacy/traccia.NET/Aiuto/html/ManProDisTagl.htm,5386,cf13b1cc15f82b3486aedc05890e710154cd7ef69509f8075252159cbd8e3398
legacy/traccia.NET/Aiuto/html/ManProDisTaglSupp.htm,7543,18899adde4b80d8d767d279e4796294af172ca73bc1f2ddccc916de17428cece
legacy/traccia.NET/Aiuto/html/ManProDisTaglio.htm,7062,0750128cb04f4c8d7a78e582ec29463818f86242720ded7c3b06bf01b2e04226
legacy/traccia.NET/Aiuto/html/ManProDisTubi.htm,41915,7c56ffebd8388210f3b87d1a7cb9eb2b0754757a9bfa27561128c175529901f5
legacy/traccia.NET/Aiuto/html/ManProDisUrto.htm,14039,124c60bbb754677a5d641183db7c64384c9ef96775dadf3b8862a7d28bdac903
legacy/traccia.NET/Aiuto/html/ManProDisegnoSS.htm,23455,52da2a036928505c3ab8a21e9b40efba4ff0929507ec9118ce86ca101bfd0283
legacy/traccia.NET/Aiuto/html/ManProDistInMem.doc,29184,1b5f41b0c736389eed85c2384f277cd018b839f671df576bc611bd3bdafdfed0
legacy/traccia.NET/Aiuto/html/ManProDistInMem.htm,24192,6d27d6fdde0cff91f986df63185c8da2d57a45c1d2d920de64305bf7fa8ae0f5
legacy/traccia.NET/Aiuto/html/ManProGenerabu.htm,29252,cfa2d5e7529c9a166305c84f30741690ef7df5498ae7d9eeb8d5607878871534
legacy/traccia.NET/Aiuto/html/ManProInitDaTos.doc,22016,a1a884e8ef430393f0ea77c4663d2d2a3ef8febb814aa5bac580097ea8a81eb6
legacy/traccia.NET/Aiuto/html/ManProInitDaTos.htm,13064,4d15ee3b579e02d8e0003cc176c901c3b5031659edbc7ed85f81ad8e5939a6f0
legacy/traccia.NET/Aiuto/html/ManProMonitor.doc,22016,594cd85a0e06bcdf2d5de67c089f4c5edb0fb7a515fd85084b49c87afe9438b5
legacy/traccia.NET/Aiuto/html/ManProMonitor.htm,9199,b84da5a2c0cb6b688445ef69164ec643b6e9462518dace00c8e3946859bbe6d2
legacy/traccia.NET/Aiuto/html/ManProOrdina.doc,20480,7059ca7acd5af4d49c0e984a045d66a5ef29e7e04b7bac87c061adea513bd73c
legacy/traccia.NET/Aiuto/html/ManProOrdina.htm,7664,9910a34f916f21e8bf7cc8fbeec63ead088fc75299c6ac6f533287150b9fff48
legacy/traccia.NET/Aiuto/html/ManProPercArea.htm,27651,358d679a767d770ffad237fb9c98343eda981e7ccf737b158888562f80715061
legacy/traccia.NET/Aiuto/html/ManProSealing.htm,10418,91686c7bec6e39c0e1801c37f8b4fbecf05c4ece068d4f4e8ed2805595d4ae24
legacy/traccia.NET/Aiuto/html/ManProSecpun.htm,5057,04fd162cfeec453f6ba5d5ab9695740398e02d1d8abcd85407f3746b92a8acd2
legacy/traccia.NET/Aiuto/html/ManProSorvolo.htm,12094,45221d7083583abca0413169ef5b41a4ff66f9d527d29d31b4f86c595d707b50
legacy/traccia.NET/Aiuto/html/ManProSubTraccia.htm,49447,0bd4901e9d6fdeba9d0b2e247b34224cf6f6a092685d72bfabb3810ae178d531
legacy/traccia.NET/Aiuto/html/ManProSwapDaTos.htm,5688,98b54ab901c9ce80bd9b98502e36c7515127f756b266057bf330eb3b9ddab895
legacy/traccia.NET/Aiuto/html/ManProVerifInters.htm,13498,1a7c4cb43014fbab464d4c36169a4daee0886f74d1bfc159d66689b8c137c0e5
legacy/traccia.NET/Aiuto/html/ManProYINOUT.doc,23552,d87e4d18c8731a431bc39b7a11a393bd6b0bb115578276b84e3491733e1545bf
legacy/traccia.NET/Aiuto/html/ManProYINOUT.htm,13596,7473ce57ec4d2d4c3f3d5d7baf37070421b0cbdd00aead46c537b0b4b78553ff
legacy/traccia.NET/Aiuto/html/ManProapri5.doc,19968,cd6ed22ca73fa45a2a6f570cefadc588c40671b6ac935f19e9e8f5ed9c311d7a
legacy/traccia.NET/Aiuto/html/ManProapri5.htm,7118,013c6af0c3ec9a1e91193ede56171f43560cbbc67c75fafda123fab2d70213ee
legacy/traccia.NET/Aiuto/html/ManProdiadiffe.htm,7623,9c484efdd16c6f920f6787374a70e8394dbc2359f8cd5823a85095e3cae691bd
legacy/traccia.NET/Aiuto/html/ManProiSector.doc,20480,2eb22bb4451a50f72f51a25e127d7c48f011d05e3d1924ea880f1f6cc5b4a02c
legacy/traccia.NET/Aiuto/html/ManProiSector.htm,6450,2846e3c48f44ef2f0745b15c767834e810eeb3e53bdbc4c2705a7efc5034c23f
legacy/traccia.NET/Aiuto/html/ManProinpiDIA.htm,7795,00fd295fafbab60ee438019ab5f1ef66fb550737c02abae0e93d48faeb0f58e0
legacy/traccia.NET/Aiuto/html/ManTerUnsupported.doc,25600,aa7569db751d4a15f33d1e4a48766d8ad8eaf72190306de02dbb6aab06592cdd
legacy/traccia.NET/Aiuto/html/ManTerUnsupported.htm,18835,dd5284c22ca26e71fe146f4e3a2d013ee6121bf5d94c18a5fba5c3af22739242
legacy/traccia.NET/Aiuto/html/ManTerZoneLib.doc,37376,a777dab11f49cc1fc59e7567a61a8b0ea92090547cd99ce0064ab4ab6b5ead1d
legacy/traccia.NET/Aiuto/html/ManTerZoneLib1.htm,9736,24d9150dc267b208ee09eb3ce2abc1d3fd2c22288075d38fdcf8bb175f296d75
legacy/traccia.NET/Aiuto/html/ManTerZoneLib1_file/filelist.xml,1097,f3b62e0496369f1142d0f863ef8708cb516be689069a710121af1e23579adb28
legacy/traccia.NET/Aiuto/html/ManTerZoneLib1_file/image001.wmz,213,c20987af3256957215b67fa821a9d9ed4b60ab9279deabe41c26db13286ffbeb
legacy/traccia.NET/Aiuto/html/ManTerZoneLib1_file/image002.gif,173,237e757e39921ea4ca92e934563da4d1a770fddce2240a8c579fa2e87b77dad1
legacy/traccia.NET/Aiuto/html/ManTerZoneLib1_file/image003.wmz,246,2b6b71f270c0c3a06714f9df86a674ab6548642aabfe594f51a2aad039dcf247
legacy/traccia.NET/Aiuto/html/ManTerZoneLib1_file/image004.gif,190,5c3c7f99d34f09252b3eb1f448677c06a7690ba39d33141b9e43b77371f681ce
legacy/traccia.NET/Aiuto/html/ManTerZoneLib1_file/image005.wmz,215,0aa6f2de9795bdba48d1e88b8399feab2c56e90d39d2f8c5c09d0fac7df138be
legacy/traccia.NET/Aiuto/html/ManTerZoneLib1_file/image006.gif,178,cc11926fc6ccdd850e98e38bc891b0a2dd961d6d6699d54551c0afff8f0e0dff
legacy/traccia.NET/Aiuto/html/ManTerZoneLib1_file/image007.wmz,247,54ab2d52f68b556291dfe6a5fb1d83e8decd04a08553e936b47ae6c1b442e242
legacy/traccia.NET/Aiuto/html/ManTerZoneLib1_file/image008.gif,189,72171140ba03cf8940518efc68f1e9f0d4250896413c93accd5b389d818bf97f
legacy/traccia.NET/Aiuto/html/ManTerZoneLib1_file/image009.wmz,225,d50d537b2618c4f2c2e1c90600449fbc7addd8286038543ea6b42c9c430abf4f
legacy/traccia.NET/Aiuto/html/ManTerZoneLib1_file/image010.gif,190,b643ec5ad986f5b4903526ebc269af9c99642089552050c2bef0b56ca9c19bd1
legacy/traccia.NET/Aiuto/html/ManTerZoneLib1_file/image011.wmz,227,ab5b5261d339e55286eb3cd89252b937ef129bc8e458f4a6157ca2bc9c4408b4
legacy/traccia.NET/Aiuto/html/ManTerZoneLib1_file/image012.gif,176,551493452f74f5f441fcf285eb1ea2768339b1fb5283bd36fe85b1773b675b48
legacy/traccia.NET/Aiuto/html/ManTerZoneLib1_file/image013.wmz,244,b726dd5733474d3e24babfc81abb67645770d4f0dfebb57d613fc6c747c077d6
legacy/traccia.NET/Aiuto/html/ManTerZoneLib1_file/image014.gif,195,00a04f794500c66030d483f9d6b8b5df3d857f4f20e8e67213e64d36947494b1
legacy/traccia.NET/Aiuto/html/ManTerZoneLib1_file/image015.wmz,246,5eb8c0651fd48e0742c763894855196a33484e420164eb7ad3c8da903f8d8a32
legacy/traccia.NET/Aiuto/html/ManTerZoneLib1_file/image016.gif,193,43aa52eaf2cfb9bed38aeea4e59b333aca87c5e5d2096a686ceaabc20ac7fa30
legacy/traccia.NET/Aiuto/html/ManTerZoneLib1_file/image017.wmz,228,8105fc45b6a3a566b878315a9f2dde2720d6498b3b9d42d409c1b9efcda06a22
legacy/traccia.NET/Aiuto/html/ManTerZoneLib1_file/image018.gif,180,188021d5e11e410fd75583cf07488f806d6d8ddb3f023ba88c06e894b457e565
legacy/traccia.NET/Aiuto/html/ManTerZoneLib1_file/image019.wmz,396,b83be04a2f707d0da98d7da05e2ca713e2d64cd6f2114b9d9843890d9b97a0ec
legacy/traccia.NET/Aiuto/html/ManTerZoneLib1_file/image020.gif,412,60265e087d7ba38f658ea7456c40e8eb1f7fd1b0280eb557f872da6a3b88fd76
legacy/traccia.NET/Aiuto/html/ManTerZoneLib1_file/image021.wmz,361,a122b50e153d0ef7e9fa2f7de38660aefe1fd8bfc13219a402910d5234e5d99e
legacy/traccia.NET/Aiuto/html/ManTerZoneLib1_file/image022.gif,360,aa9ff2e8675a1699e8be37b5d961b0ae0b8c351ef1bdba6f7907185571f15619
legacy/traccia.NET/Aiuto/html/ManTerZoneLib1_file/image023.wmz,434,687379d0af64cbbb5e11ffa4e8945f2a7a977f4e406e41e05458fcf66aa816a6
legacy/traccia.NET/Aiuto/html/ManTerZoneLib1_file/image024.gif,609,b0606c15cbe7ff5e7a3d6895917651a0cc7d37f9b2344a701116a17d3a819d40
legacy/traccia.NET/Aiuto/html/ManTerZoneLib1_file/image025.wmz,271,c76fa1de9632155fd18ee8ebd49c7d55ba8ece769dda67780c82ac42cdf1de61
legacy/traccia.NET/Aiuto/html/ManTerZoneLib1_file/image026.gif,223,550619cf0a1a9a6d993bfde07673b487343791e87f25ab35cff0a9002cbe7cab
legacy/traccia.NET/Aiuto/html/ManTerZoneLib1_file/image027.wmz,289,fa0c77652971f257eb9f8ed620c60ec55744063d18a5c61ebabd35d6ea913bb4
legacy/traccia.NET/Aiuto/html/ManTerZoneLib1_file/image028.gif,328,e91f753a64dd6e279ca25a653f50b866dbb264b7b072647e754b0d68b755342e
legacy/traccia.NET/Aiuto/html/ManTerZoneLib1_file/image029.wmz,505,88e5ab57cfb35a28e2e5dbd8cb4819b752ba92a0c27b04093becfe116aae8c61
legacy/traccia.NET/Aiuto/html/ManTerZoneLib1_file/image030.gif,710,9bbbab1b02ee7ab8b6a3e8d978d0c96a6519488923b6376590f7b123a5ef18ae
legacy/traccia.NET/Aiuto/html/ManTerZoneLib1_file/oledata.mso,9728,4bb2c515c5fdc6ed2952a456cf2a77cddcb369adc769d6b61c7d822588cc08bb
legacy/traccia.NET/Aiuto/menuTubo.bmp,58914,1a0cc4115138fc7c9d5fb3f02e174d552fcf007fc3a6fd9c5acf7b65b608835a
legacy/traccia.NET/Aiuto/modInfila.htm,217,533e5edcd4989893bbc8326bd593351fd7364dd31ae0bafe7a5277715fdd9e4d
legacy/traccia.NET/Aiuto/modInizio.htm,217,2ad8dfb5a736602b723102c893c78cc1592cf02f9d6faa3066aa7bb37765f4bc
legacy/traccia.NET/Aiuto/modStandard.htm,865,ed4c4698324b31f1628be888c5f4e78ed35a0cc43c13cdf537dece35e07be789
legacy/traccia.NET/Aiuto/modTr13.htm,213,ddf19e5b485e296e91a4b219890f0aadb4e03d3704a643230558e6910be7f05f
legacy/traccia.NET/Aiuto/modTr1313.htm,217,e1fb3b31e1411e549bc03a93cac87cbb01d1e6170043e9563796152e243dc988
legacy/traccia.NET/Aiuto/modTrTipi.htm,217,2f8ecd3d31d8c7fcee3459441803df7df23e05c6ef04cd0f40fb33798d870306
legacy/traccia.NET/Aiuto/modTraccia.htm,299,20177a467463f3a7db5717704426a406515409b9f42e1f0fed29a08279d69b5e
legacy/traccia.NET/Aiuto/objTraccia.htm,231,9f48ae74a29591ca0ae3a26a460fd9ecabcf9d719ada1a85c7901733d2006beb
legacy/traccia.NET/Arch/BASETUBI.ADU,682,7282d3e9c18262d4a20a7525129312fedb410ff37552f2ec99b1cf4919c2678e
legacy/traccia.NET/Arch/Basetub1.adu,814,cd1a121ab31ca73c70a4d400e07bb8f956d532b5194a5eb8c029054147843585
legacy/traccia.NET/Arch/Fontana.jpg,335305,59e05a89db6d42fbb5c4b1209e9a81856b58f347c8d7cddc21a0f3936366befe
legacy/traccia.NET/Arch/RMTU03.DAT,6153,22fd71d73875377f9f68a7aac2eb69808ad4b18c6ee9f85e15ee54f3dc9fd3c7
legacy/traccia.NET/Arch/RTF/TUBU01.RTF,237,2f67f73d11203c189f5c166737a98f2993e31e6cb8b8176000779ebfd2812bc3
legacy/traccia.NET/Arch/RTF/TUBU02.RTF,218,e83a15528423c1773acbe83ae713c59e5992747ca659cd02d03c7d50a64146d1
legacy/traccia.NET/Arch/RTF/TUBUF1.RTF,1626,b485dcb19fe64df9530e650c10903a92367a850a08ea99e59008d7a6a4a4bfca
legacy/traccia.NET/Arch/RTF/TUBUF2.rtf,2535,252f43e4cb4c06bd2ec010928b563de726c3d332df9275ff8095f614ad4fa20d
legacy/traccia.NET/Arch/RTF/TUBUF3.rtf,719,a357705606e4036cf800cbb660e35668190527e1fe7f94521b3c213a34393ba9
legacy/traccia.NET/Arch/RTF/TUBUFG.RTF,31900,77fcc1788d5cc7649ce8a5c432a5c236fd8a0ab83f82a589292f30a6ca66e3ed
legacy/traccia.NET/Arch/RTF/TUBUTE.RTF,4171,160b77cc6325da953770aebd27a9ea36e7116e4178a32da2dab7595869031360
legacy/traccia.NET/Arch/RTF/TUBUTF.RTF,1806,5d4e7d6bab175f9a2b44a8cfa203234d7568c09cffbe22e4778a0213900f8b8f
legacy/traccia.NET/Arch/RTF/TUBUTT.RTF,490,16c92b0ede93e1ae0dc81440ccdce2aa683538f2d59b20c913dca4e4b2b2a6f7
legacy/traccia.NET/Arch/RTF/Tubuse.rtf,1744,df6e3d2759db3eda2cb1069a4d38d3a98b0bb22ddf9d10141c7c0f5f4e6b5beb
legacy/traccia.NET/Arch/RTF/tubutes.rtf,4166,2841340e3dfb0c00e88775b16650562645fc34c4b36b8f010dafee4173746374
legacy/traccia.NET/AssemblyInfo.vb,1101,0c28e5cad52075984cde5195da1e4db439bade89ac14437de8c127c7c5bfa4f1
legacy/traccia.NET/AxListViewArray.dll,28672,3334f68d74bad180ab633634fc4272e5e90da116354d3e816d43f6ffd37a8ed6
legacy/traccia.NET/AxListViewArray.vb,10764,74ec57b8a1e763dad03d4fcc8f6aa87a979f24262b201f6b86c1b3aa4e890d53
legacy/traccia.NET/AxSSRibbonArray.vb,3796,72bce2bd79120371faafed8d9da1e0c456c5e7248403fb16e3b9f3b65f2cb069
legacy/traccia.NET/AxUpDownArray.dll,13312,49367896360a7519a8d947b7b2012fef052c302663081e63794b1d733e13000c
legacy/traccia.NET/AxUpDownArray.vb,7249,5e3b42af021a90c5c408080dda7b6ed2d92874e6c5be0c55a2454294b4865388
legacy/traccia.NET/Figure/DisTrk.bmp,1318,a497327cf08c77bf7da0c442ca84bba39b9f2442b6fcd1f06de98c59dac1642d
legacy/traccia.NET/Figure/Fontana.jpg,335305,59e05a89db6d42fbb5c4b1209e9a81856b58f347c8d7cddc21a0f3936366befe
legacy/traccia.NET/Figure/FrecciaD.bmp,2554,50ae145a853687532e5e8aade1cda3839667b56af052a9b766b6866a849d8006
legacy/traccia.NET/Figure/FrecciaG.bmp,2562,0a4e92ea8e83d4ef930f258e2113a24f3b1de16b281754e804a7da924ae31281
legacy/traccia.NET/Figure/FrecciaS.bmp,2554,3c15be22e1bfa1dd0e08ef0f443e81a0f3c8d831c47e9b3e570c9cfc6e75f609
legacy/traccia.NET/Figure/FrecciaU.bmp,2562,9d3d6506679722044800faa170b4c80e5178b1b80cf854424f1a68256bbb12a5
legacy/traccia.NET/Figure/Imm4SsP.bmp,3022,b3376a2c821ddf3716dd935b845a7dcc4efb67f4fb8dc689c1dcde207e04c80e
legacy/traccia.NET/Figure/ImmagOK.bmp,1782,17f27bbb8272ba70885430a84f0d89ca237f43c31742d1c472ad12dee21838a7
legacy/traccia.NET/Figure/Layout.BMP,1318,9a1706cedeaf42c202bfc43259ee7f58eb832eba605bd15a8636fb2a111a2717
legacy/traccia.NET/Figure/OPEN.BMP,1318,0ebd231fea6c1f05950fc3e8e4a3482fb23bc6fc7f28fbab5fed7691b0a976f5
legacy/traccia.NET/Figure/cmdRM.bmp,1318,7e82c80c036992ce79ed3edafee02ac03fff02f949ca3bb6d87a57f35a4d1ad4
legacy/traccia.NET/Figure/cmdRMg.bmp,1438,1b30265cdb68b9f649c2260ab8b46642ecc82bb3c0050a73d43e3da53405c635
legacy/traccia.NET/Figure/jt9.bmp,33114,485b03dacd607137942605f489c8a247f775c571ded91185de5e9e48cd95cf05
legacy/traccia.NET/Form3D.resX,13547,229675500a103a99c8704a58c362a8f15ebb14775d0a4ed4a53c6239328a50db
legacy/traccia.NET/Form3D.vb,15720,9fb7caccac17b713682d84ca2c6eb804a1f6528d5f1654e2459abb49793c8773
legacy/traccia.NET/HelpStrings.ResX,13769,d39301909f0e225eda48355a4dad1d71c82caeed55ebc7109b31e314772d2270
legacy/traccia.NET/HelpTopics.resx,10519,46e41b66c3818ea3a3654c372165cdaaf2278511941ca469502a7cca84cdde7a
legacy/traccia.NET/Infila.vb,66632,42a81c1b3878b56b034968ce11f7ef7d98b79922bf02fe4984448d563ed9b585
legacy/traccia.NET/InizioN.vb,199471,8c8f89310061da00cebb821788a4187f5306c42ef91614c7b749dc652a7b9feb
legacy/traccia.NET/Monitor.vb,1577,379305421d59501e667433bcf6b713e2be161e1040f461b4f31baf6485f67e87
legacy/traccia.NET/OpFin.resX,17495,41556c732c0ddc9cd44e9ae184e591e8ad039897a61d4713682d391fc251c517
legacy/traccia.NET/OpFin.vb,18495,29edc7898c00158f9a514aab06512c96e72548027a6d80fc08d04a89ba8e1ac0
legacy/traccia.NET/PASSI.resX,119751,de480b10df40656e9bc87a00e4278b256f699d6edb8ff5c232b505630af44492
legacy/traccia.NET/PASSI.vb,20465,727bdbf84a59676df0ea34c0677b25e219e2197f8cfcb4ec1c7b015af0d4bfb7
legacy/traccia.NET/ProjectResources.resx,8381,16a2c8a33852c8ad0776af7317fbd751cc280279c93abc24c3dfccd1b6e3f03a
legacy/traccia.NET/TUBUF1.RTF,1626,b485dcb19fe64df9530e650c10903a92367a850a08ea99e59008d7a6a4a4bfca
legacy/traccia.NET/TestiTraccia.resx,23619,b93de3022c279b40ccedcc4512fe5610d0fcf5eebbfe46bf9cfee7017d503ba9
legacy/traccia.NET/Tipi.vb,11507,e112377d82c5e11c96418ebb63dbc7944bc411cb7192030bbe523599ad2ea952
legacy/traccia.NET/Tr13N.vb,22884,163a72deb4ab213258b952994be732dda67cd80c1265c0b87eaf1af0fa6e13b6
legacy/traccia.NET/TrTipi.vb,7800,37d69c8952d65d0480c32b096417b0aec48cdc103da03a564ea23f80b858b429
legacy/traccia.NET/Traccia.log,88171,68b02dbd108d6f0cbc4d2f36f05b56e049e63532c0abc655b672e5d07a14538f
legacy/traccia.NET/Traccia.resX,79939,c526301bd68f9c19aab675baf760a493bc83dc15aa3614d1f8b9a57e23c5c4a8
legacy/traccia.NET/Traccia.vb,42784,db0c00934b930ec1ebb82165e0176dccfae31b041f4ddf3539c018d84026b81d
legacy/traccia.NET/Traccia.vbproj,10963,2e41a08dfee3c031428dd89459cd402e8f6ea347b50107b67006af7ef253a5ff
legacy/traccia.NET/Traccia.vbproj.user,1935,613f8b23b755a591005ecdd25eee27d906a731578809d0af7677bc7baad3af9b
legacy/traccia.NET/Tracciatura.vb,95329,c625e58f9f7c9a2b2a14b629ea70165c1eb509c42f973fac1a0a94def0c0e944
legacy/traccia.NET/UpgradeSupport.vb,220,fd936ee21cf2df9daa461afe0f27d82d3b0e2fb100fd6cf88628e21f01d22bd8
legacy/traccia.NET/_UpgradeReport.htm,174578,a3817b4027bd2922439d450fa52a3eea77655293ba49c66e186f59a05344bdc6
legacy/traccia.NET/clsGrezzi.vb,447,79c947c38d39011d790c2e7631ec59662154d2e735b089561ff07b70c8303ddf
legacy/traccia.NET/frmDatiOut.resX,10242,ab1135eaee93ccb405a0eebaae23627b589fe0d2e2812c3f7a7ad137c0504f31
legacy/traccia.NET/frmDatiOut.vb,19610,813c1606598ed927aaade43f74f52022b4f78c42eab60d30104198332733d416
legacy/traccia.NET/frmGrid.resX,11522,fc84cda4c7fff97e76e4a2510dc04cff2d9182cdf96334b2a3f28e109b2641f8
legacy/traccia.NET/frmGrid.vb,22316,9a01ef4fcb4906554b0b4f8f594d4c37ca168bca507379d3dccf9a24f552915c
legacy/traccia.NET/frmGridn.resX,11410,c17ac45506aef21a9dbab9850485c764cdf62d3070f15ef3e9ed8cbeec9a5ef1
legacy/traccia.NET/frmGridn.vb,21197,76c14cb1c0c477ad54870e3b3e5c65f41ff35dfbe2cfd6e7c5035595ce4ca969
legacy/traccia.NET/frmGruppi.resX,40327,105a6765fc732d3ca3be45b116fe6f908c59712459e2b2e6cfef1ddc0f83888f
legacy/traccia.NET/frmGruppi.vb,57535,86b51b3e94af1243db7cd8d8eca36e6d2ed19d32d330ec9e00bdc3fb8e589562
legacy/traccia.NET/frmTracciat.resx,80064,c8bc4c7c1eb63525ba3f9df163a592a3f398606e84694bab997700e8e7e2cd46
legacy/traccia.NET/frmTracciat.vb,182030,35771ad4ba3d2c24aa0e03d119c97884164b290ebdaa0e37e3f4889519432dab
legacy/traccia.NET/multipleResources.vb,2444,8e5a9964d655875851d3a158ef7c7e7320bef27c996e630e59cc9a819c2a1f8b
