<?xml version="1.0" encoding="utf-8"?>
<UpgradeLog>
    <Settings>
        <Setting
            Name = "LogFile"
            Value = "AsmeVip.log"
        />
        <Setting
            Name = "GenerateInterfacesForClasses"
            Value = "FALSE"
        />
        <Setting
            Name = "ProjectName"
            Value = "AsmeVip"
        />
        <Setting
            Name = "OutputName"
            Value = "AsmeVip.vbproj"
        />
        <Setting
            Name = "OutputDir"
            Value = "C:\Documenti\Visual Studio Projects\Lancio\AsmeVip.NET"
        />
        <Setting
            Name = "ProjectPath"
            Value = "E:\Programmi\MicroSoft Visual Studio\Fbm\AsmeVip\AsmeVip.vbp"
        />
        <Setting
            Name = "MigrateProjectTo"
            Value = "1"
        />
    </Settings>
    <File
        OldPath = "E:\Programmi\MicroSoft Visual Studio\Fbm\AsmeVip\Monitor.cls"
        NewPath = "C:\Documenti\Visual Studio Projects\Lancio\AsmeVip.NET\Monitor.vb"
        FileType = "Class Module"
        Upgraded = "True"
    />
    <File
        OldPath = "E:\Programmi\MicroSoft Visual Studio\Fbm\AsmeVip\CalcASME.cls"
        NewPath = "C:\Documenti\Visual Studio Projects\Lancio\AsmeVip.NET\CalcASME.vb"
        FileType = "Class Module"
        Upgraded = "True"
    >
        <Section Name = "Class_Initialize" >
            <Issue
                Type = "Runtime"
                Number = "1033"
            >Il limite inferiore della matrice Nozzles è stato cambiato da 1,1 a 0,0.</Issue>
            <Issue
                Type = "Runtime"
                Number = "1042"
            >È possibile che singoli elementi della matrice Nozzles debbano essere inizializzati.</Issue>
            <Issue
                Type = "Runtime"
                Number = "1033"
            >Il limite inferiore della matrice NozzAdd è stato cambiato da 1,1 a 0,0.</Issue>
            <Issue
                Type = "Runtime"
                Number = "1042"
            >È possibile che singoli elementi della matrice NozzAdd debbano essere inizializzati.</Issue>
            <Issue
                Type = "Runtime"
                Number = "1042"
            >È possibile che singoli elementi della matrice Config debbano essere inizializzati.</Issue>
        </Section>
        <Section Name = "EseguiAutom" >
            <Issue
                Type = "Compile"
                Number = "1014"
            >L'istruzione GoSub non è supportata.</Issue>
            <Issue
                Type = "Runtime"
                Number = "1037"
            >Impossibile risolvere la proprietà predefinita dell'oggetto clsInizio.ConvertiCr().</Issue>
            <Issue
                Type = "Runtime"
                Number = "1041"
            >Return ha un nuovo comportamento.</Issue>
        </Section>
        <Section Name = "Rapporto" >
            <Issue
                Type = "Runtime"
                Number = "1037"
            >Impossibile risolvere la proprietà predefinita dell'oggetto lst.</Issue>
        </Section>
    </File>
    <File
        OldPath = "E:\Programmi\MicroSoft Visual Studio\Fbm\AsmeVip\mainASME.bas"
        NewPath = "C:\Documenti\Visual Studio Projects\Lancio\AsmeVip.NET\mainASME.vb"
        FileType = "Module"
        Upgraded = "True"
    >
        <Section Name = "COUPS" >
            <Issue
                Type = "Runtime"
                Number = "1050"
            >La struttura Nozzle potrebbe richiedere attributi di marshalling da passare come argomento a questa istruzione Declare.</Issue>
            <Issue
                Type = "Runtime"
                Number = "1050"
            >La struttura ASMERES potrebbe richiedere attributi di marshalling da passare come argomento a questa istruzione Declare.</Issue>
            <Issue
                Type = "Runtime"
                Number = "1050"
            >La struttura Str50 potrebbe richiedere attributi di marshalling da passare come argomento a questa istruzione Declare.</Issue>
            <Issue
                Type = "Runtime"
                Number = "1050"
            >La struttura NozzAd potrebbe richiedere attributi di marshalling da passare come argomento a questa istruzione Declare.</Issue>
        </Section>
        <Section Name = "Cil" >
            <Issue
                Type = "Runtime"
                Number = "1050"
            >La struttura Involucro potrebbe richiedere attributi di marshalling da passare come argomento a questa istruzione Declare.</Issue>
            <Issue
                Type = "Runtime"
                Number = "1050"
            >La struttura asConfig potrebbe richiedere attributi di marshalling da passare come argomento a questa istruzione Declare.</Issue>
        </Section>
        <Section Name = "Cono" >
            <Issue
                Type = "Runtime"
                Number = "1050"
            >La struttura Involucro potrebbe richiedere attributi di marshalling da passare come argomento a questa istruzione Declare.</Issue>
            <Issue
                Type = "Runtime"
                Number = "1050"
            >La struttura asConfig potrebbe richiedere attributi di marshalling da passare come argomento a questa istruzione Declare.</Issue>
        </Section>
        <Section Name = "CILPRI" >
            <Issue
                Type = "Runtime"
                Number = "1050"
            >La struttura Involucro potrebbe richiedere attributi di marshalling da passare come argomento a questa istruzione Declare.</Issue>
            <Issue
                Type = "Runtime"
                Number = "1050"
            >La struttura asConfig potrebbe richiedere attributi di marshalling da passare come argomento a questa istruzione Declare.</Issue>
            <Issue
                Type = "Runtime"
                Number = "1050"
            >La struttura Str50 potrebbe richiedere attributi di marshalling da passare come argomento a questa istruzione Declare.</Issue>
        </Section>
        <Section Name = "CONPRI" >
            <Issue
                Type = "Runtime"
                Number = "1050"
            >La struttura Involucro potrebbe richiedere attributi di marshalling da passare come argomento a questa istruzione Declare.</Issue>
            <Issue
                Type = "Runtime"
                Number = "1050"
            >La struttura asConfig potrebbe richiedere attributi di marshalling da passare come argomento a questa istruzione Declare.</Issue>
            <Issue
                Type = "Runtime"
                Number = "1050"
            >La struttura Str50 potrebbe richiedere attributi di marshalling da passare come argomento a questa istruzione Declare.</Issue>
        </Section>
        <Section Name = "OP" >
            <Issue
                Type = "Runtime"
                Number = "1050"
            >La struttura Nozzle potrebbe richiedere attributi di marshalling da passare come argomento a questa istruzione Declare.</Issue>
            <Issue
                Type = "Runtime"
                Number = "1050"
            >La struttura NozzAd potrebbe richiedere attributi di marshalling da passare come argomento a questa istruzione Declare.</Issue>
            <Issue
                Type = "Runtime"
                Number = "1050"
            >La struttura ASMERES potrebbe richiedere attributi di marshalling da passare come argomento a questa istruzione Declare.</Issue>
        </Section>
        <Section Name = "OPPRI" >
            <Issue
                Type = "Runtime"
                Number = "1050"
            >La struttura Nozzle potrebbe richiedere attributi di marshalling da passare come argomento a questa istruzione Declare.</Issue>
            <Issue
                Type = "Runtime"
                Number = "1050"
            >La struttura Str50 potrebbe richiedere attributi di marshalling da passare come argomento a questa istruzione Declare.</Issue>
        </Section>
        <Section Name = "Fon" >
            <Issue
                Type = "Runtime"
                Number = "1050"
            >La struttura Involucro potrebbe richiedere attributi di marshalling da passare come argomento a questa istruzione Declare.</Issue>
            <Issue
                Type = "Runtime"
                Number = "1050"
            >La struttura asConfig potrebbe richiedere attributi di marshalling da passare come argomento a questa istruzione Declare.</Issue>
        </Section>
        <Section Name = "FONPRI" >
            <Issue
                Type = "Runtime"
                Number = "1050"
            >La struttura Involucro potrebbe richiedere attributi di marshalling da passare come argomento a questa istruzione Declare.</Issue>
            <Issue
                Type = "Runtime"
                Number = "1050"
            >La struttura asConfig potrebbe richiedere attributi di marshalling da passare come argomento a questa istruzione Declare.</Issue>
            <Issue
                Type = "Runtime"
                Number = "1050"
            >La struttura Str50 potrebbe richiedere attributi di marshalling da passare come argomento a questa istruzione Declare.</Issue>
        </Section>
        <Section Name = "OPSH" >
            <Issue
                Type = "Runtime"
                Number = "1050"
            >La struttura Nozzle potrebbe richiedere attributi di marshalling da passare come argomento a questa istruzione Declare.</Issue>
            <Issue
                Type = "Runtime"
                Number = "1050"
            >La struttura NozzAd potrebbe richiedere attributi di marshalling da passare come argomento a questa istruzione Declare.</Issue>
            <Issue
                Type = "Runtime"
                Number = "1050"
            >La struttura ASMERES potrebbe richiedere attributi di marshalling da passare come argomento a questa istruzione Declare.</Issue>
        </Section>
        <Section Name = "OPSHPRI" >
            <Issue
                Type = "Runtime"
                Number = "1050"
            >La struttura Nozzle potrebbe richiedere attributi di marshalling da passare come argomento a questa istruzione Declare.</Issue>
            <Issue
                Type = "Runtime"
                Number = "1050"
            >La struttura Str50 potrebbe richiedere attributi di marshalling da passare come argomento a questa istruzione Declare.</Issue>
        </Section>
        <Section Name = "KELVIN" >
            <Issue
                Type = "Runtime"
                Number = "1050"
            >La struttura Str50 potrebbe richiedere attributi di marshalling da passare come argomento a questa istruzione Declare.</Issue>
        </Section>
        <Section Name = "ROTFLFOR" >
            <Issue
                Type = "Runtime"
                Number = "1050"
            >La struttura typROTFL potrebbe richiedere attributi di marshalling da passare come argomento a questa istruzione Declare.</Issue>
        </Section>
        <Section Name = "(Dichiarazioni)" >
            <Issue
                Type = "Runtime"
                Number = "1033"
            >Il limite inferiore della matrice tdMDMT è stato cambiato da 1 a 0.</Issue>
            <Issue
                Type = "Runtime"
                Number = "1033"
            >Il limite inferiore della matrice pdMDMT è stato cambiato da 1 a 0.</Issue>
            <Issue
                Type = "Runtime"
                Number = "1042"
            >È possibile che singoli elementi della matrice DatiS1 debbano essere inizializzati.</Issue>
            <Issue
                Type = "Runtime"
                Number = "1042"
            >È possibile che singoli elementi della matrice Rec2Buf debbano essere inizializzati.</Issue>
            <Issue
                Type = "Runtime"
                Number = "1042"
            >È possibile che singoli elementi della matrice Lav debbano essere inizializzati.</Issue>
        </Section>
        <Section Name = "Ridimensiona" >
            <Issue
                Type = "Runtime"
                Number = "1033"
            >Il limite inferiore della matrice Involucr è stato cambiato da 1,0 a 0,0.</Issue>
            <Issue
                Type = "Runtime"
                Number = "1042"
            >È possibile che singoli elementi della matrice Involucr debbano essere inizializzati.</Issue>
            <Issue
                Type = "Runtime"
                Number = "1033"
            >Il limite inferiore della matrice AdditCono è stato cambiato da 1,0 a 0,0.</Issue>
            <Issue
                Type = "Runtime"
                Number = "1042"
            >È possibile che singoli elementi della matrice AdditCono debbano essere inizializzati.</Issue>
            <Issue
                Type = "Runtime"
                Number = "1033"
            >Il limite inferiore della matrice Addition1 è stato cambiato da 1,0 a 0,0.</Issue>
            <Issue
                Type = "Runtime"
                Number = "1042"
            >È possibile che singoli elementi della matrice Addition1 debbano essere inizializzati.</Issue>
            <Issue
                Type = "Runtime"
                Number = "1042"
            >È possibile che singoli elementi della matrice Record debbano essere inizializzati.</Issue>
        </Section>
        <Section Name = "RidimensionaN" >
            <Issue
                Type = "Runtime"
                Number = "1033"
            >Il limite inferiore della matrice Involucr è stato cambiato da 1,0 a 0,0.</Issue>
            <Issue
                Type = "Runtime"
                Number = "1042"
            >È possibile che singoli elementi della matrice Involucr debbano essere inizializzati.</Issue>
            <Issue
                Type = "Runtime"
                Number = "1033"
            >Il limite inferiore della matrice AdditCono è stato cambiato da 1,0 a 0,0.</Issue>
            <Issue
                Type = "Runtime"
                Number = "1042"
            >È possibile che singoli elementi della matrice AdditCono debbano essere inizializzati.</Issue>
            <Issue
                Type = "Runtime"
                Number = "1033"
            >Il limite inferiore della matrice Addition1 è stato cambiato da 1,0 a 0,0.</Issue>
            <Issue
                Type = "Runtime"
                Number = "1042"
            >È possibile che singoli elementi della matrice Addition1 debbano essere inizializzati.</Issue>
            <Issue
                Type = "Runtime"
                Number = "1042"
            >È possibile che singoli elementi della matrice Record debbano essere inizializzati.</Issue>
        </Section>
        <Section Name = "CaricaFile" >
            <Issue
                Type = "Runtime"
                Number = "1037"
            >Impossibile risolvere la proprietà predefinita dell'oggetto job.Comm.Ind().File.</Issue>
            <Issue
                Type = "Runtime"
                Number = "1037"
            >Impossibile risolvere la proprietà predefinita dell'oggetto job.Comm.Ind().Assieme.</Issue>
        </Section>
        <Section Name = "InvSWAP" >
            <Issue
                Type = "Runtime"
                Number = "1037"
            >Impossibile risolvere la proprietà predefinita dell'oggetto m0.</Issue>
            <Issue
                Type = "Runtime"
                Number = "1037"
            >Impossibile risolvere la proprietà predefinita dell'oggetto m1.</Issue>
            <Issue
                Type = "Runtime"
                Number = "1037"
            >Impossibile risolvere la proprietà predefinita dell'oggetto m2.</Issue>
        </Section>
        <Section Name = "MinTempCalc" >
            <Issue
                Type = "Runtime"
                Number = "1033"
            >Il limite inferiore della matrice MDMTdata è stato cambiato da 1 a 0.</Issue>
            <Issue
                Type = "Compile"
                Number = "1014"
            >L'istruzione GoSub non è supportata.</Issue>
            <Issue
                Type = "Runtime"
                Number = "1037"
            >Impossibile risolvere la proprietà predefinita dell'oggetto YieldMWDT.</Issue>
            <Issue
                Type = "Runtime"
                Number = "1041"
            >Return ha un nuovo comportamento.</Issue>
        </Section>
        <Section Name = "MostraFrame" >
            <Issue
                Type = "Compile"
                Number = "1039"
                PME = "Load"
            >istruzione Load non supportata.</Issue>
        </Section>
        <Section Name = "NuovoIndObj" >
            <Issue
                Type = "Compile"
                Number = "1056"
            >La clausola As Object è stata rimossa dall'istruzione ReDim objMemb(Dimen).</Issue>
        </Section>
        <Section Name = "NuovoIndProbl" >
            <Issue
                Type = "Runtime"
                Number = "1042"
            >È possibile che singoli elementi della matrice Problem debbano essere inizializzati.</Issue>
        </Section>
        <Section Name = "NuovoIndice" >
            <Issue
                Type = "Runtime"
                Number = "1037"
            >Impossibile risolvere la proprietà predefinita dell'oggetto objMemb(Involucr(kk, k).IndObject).Diaf.</Issue>
            <Issue
                Type = "Runtime"
                Number = "1042"
            >È possibile che singoli elementi della matrice Record debbano essere inizializzati.</Issue>
        </Section>
        <Section Name = "Stamparo" >
            <Issue
                Type = "Runtime"
                Number = "1037"
            >Impossibile risolvere la proprietà predefinita dell'oggetto File.</Issue>
        </Section>
        <Section Name = "PrepRapp" >
            <Issue
                Type = "Compile"
                Number = "1014"
            >L'istruzione GoSub non è supportata.</Issue>
            <Issue
                Type = "Runtime"
                Number = "1041"
            >Return ha un nuovo comportamento.</Issue>
        </Section>
        <Section Name = "CloseioutS" >
            <Issue
                Type = "Runtime"
                Number = "1037"
            >Impossibile risolvere la proprietà predefinita dell'oggetto lstRapp.ListItems.</Issue>
            <Issue
                Type = "Runtime"
                Number = "1037"
            >Impossibile risolvere la proprietà predefinita dell'oggetto Documento.App.</Issue>
            <Issue
                Type = "Runtime"
                Number = "1037"
            >Impossibile risolvere la proprietà predefinita dell'oggetto Documento.sClose.</Issue>
            <Issue
                Type = "Runtime"
                Number = "1037"
            >Impossibile risolvere la proprietà predefinita dell'oggetto Documento.sCloseAll.</Issue>
            <Issue
                Type = "Runtime"
                Number = "1037"
            >Impossibile risolvere la proprietà predefinita dell'oggetto Appl.Quit.</Issue>
        </Section>
        <Section Name = "NuovoJob" >
            <Issue
                Type = "Runtime"
                Number = "1041"
            >Put è stato aggiornato a FilePut e ha un nuovo comportamento.</Issue>
        </Section>
        <Section Name = "CercaPadre" >
            <Issue
                Type = "Runtime"
                Number = "1037"
            >Impossibile risolvere la proprietà predefinita dell'oggetto ElencoCollegamenti.Item(i).Lato1.</Issue>
            <Issue
                Type = "Runtime"
                Number = "1037"
            >Impossibile risolvere la proprietà predefinita dell'oggetto ElencoCollegamenti.Item(i).Membro1.</Issue>
        </Section>
        <Section Name = "CercaFiglio" >
            <Issue
                Type = "Runtime"
                Number = "1037"
            >Impossibile risolvere la proprietà predefinita dell'oggetto ElencoCollegamenti.Item(i).Lato2.</Issue>
            <Issue
                Type = "Runtime"
                Number = "1037"
            >Impossibile risolvere la proprietà predefinita dell'oggetto ElencoCollegamenti.Item(i).Membro2.</Issue>
        </Section>
        <Section Name = "CheckCollegamenti" >
            <Issue
                Type = "Runtime"
                Number = "1037"
            >Impossibile risolvere la proprietà predefinita dell'oggetto O.Piastra.</Issue>
            <Issue
                Type = "Runtime"
                Number = "1037"
            >Impossibile risolvere la proprietà predefinita dell'oggetto O.IndAccopp.</Issue>
            <Issue
                Type = "Runtime"
                Number = "1037"
            >Impossibile risolvere la proprietà predefinita dell'oggetto O.TipoPT.</Issue>
        </Section>
        <Section Name = "LegTabella" >
            <Issue
                Type = "Compile"
                Number = "1014"
            >L'istruzione GoSub non è supportata.</Issue>
            <Issue
                Type = "Runtime"
                Number = "1041"
            >Return ha un nuovo comportamento.</Issue>
        </Section>
        <Section Name = "GenFileTraccia" >
            <Issue
                Type = "Compile"
                Number = "1014"
            >L'istruzione GoSub non è supportata.</Issue>
            <Issue
                Type = "Runtime"
                Number = "1037"
            >Impossibile risolvere la proprietà predefinita dell'oggetto job.Comm.Ind().File.</Issue>
            <Issue
                Type = "Runtime"
                Number = "1041"
            >Return ha un nuovo comportamento.</Issue>
        </Section>
        <Section Name = "MostraAiuto" >
            <Issue
                Type = "Runtime"
                Number = "1037"
            >Impossibile risolvere la proprietà predefinita dell'oggetto Monitor_Renamed.Motore.inizio.ConvertiCr().</Issue>
        </Section>
        <Section Name = "CalcolaPIb" >
            <Issue
                Type = "Runtime"
                Number = "2065"
                ObjectName = "Screen"
                ObjectType = "Screen"
                PME = "MousePointer"
            >Screen proprietà Screen.MousePointer presenta un nuovo comportamento.</Issue>
            <Issue
                Type = "Runtime"
                Number = "1037"
            >Impossibile risolvere la proprietà predefinita dell'oggetto Monitor_Renamed.Motore.inizio.ConvertiCr().</Issue>
        </Section>
        <Section Name = "CalcolaPIc" >
            <Issue
                Type = "Runtime"
                Number = "1037"
            >Impossibile risolvere la proprietà predefinita dell'oggetto Monitor_Renamed.Motore.inizio.ConvertiCr().</Issue>
        </Section>
        <Section Name = "DisplayPI" >
            <Issue
                Type = "Runtime"
                Number = "1037"
            >Impossibile risolvere la proprietà predefinita dell'oggetto Monitor_Renamed.Motore.inizio.ConvertiCr().</Issue>
        </Section>
        <Section Name = "Visualizza" >
            <Issue
                Type = "Runtime"
                Number = "1041"
                PME = "Dir"
            >Dir ha un nuovo comportamento.</Issue>
            <Issue
                Type = "Runtime"
                Number = "1037"
            >Impossibile risolvere la proprietà predefinita dell'oggetto Documento.Shapes7.</Issue>
            <Issue
                Type = "Runtime"
                Number = "1037"
            >Impossibile risolvere la proprietà predefinita dell'oggetto Documento.substitbookm.</Issue>
            <Issue
                Type = "Runtime"
                Number = "1037"
            >Impossibile risolvere la proprietà predefinita dell'oggetto Documento.Doc.</Issue>
            <Issue
                Type = "Runtime"
                Number = "1037"
            >Impossibile risolvere la proprietà predefinita dell'oggetto Documento.VediTestoNascosto.</Issue>
            <Issue
                Type = "Runtime"
                Number = "1037"
            >Impossibile risolvere la proprietà predefinita dell'oggetto Documento.VaiInizio.</Issue>
            <Issue
                Type = "Runtime"
                Number = "1037"
            >Impossibile risolvere la proprietà predefinita dell'oggetto Documento.GetTesto.</Issue>
            <Issue
                Type = "Runtime"
                Number = "1037"
            >Impossibile risolvere la proprietà predefinita dell'oggetto Documento.NascondiTestoNascosto.</Issue>
            <Issue
                Type = "Runtime"
                Number = "1041"
                PME = "SavePicture"
            >SavePicture è stato aggiornato a System.Drawing.Image.Save e ha un nuovo comportamento.</Issue>
            <Issue
                Type = "Runtime"
                Number = "1037"
            >Impossibile risolvere la proprietà predefinita dell'oggetto Documento.sAddPicture.</Issue>
            <Issue
                Type = "Runtime"
                Number = "1037"
            >Impossibile risolvere la proprietà predefinita dell'oggetto Documento.ApplicaStile.</Issue>
            <Issue
                Type = "Runtime"
                Number = "1037"
            >Impossibile risolvere la proprietà predefinita dell'oggetto Documento.sShowAll.</Issue>
        </Section>
        <Section Name = "AvvertiDT" >
            <Issue
                Type = "Runtime"
                Number = "1037"
            >Impossibile risolvere la proprietà predefinita dell'oggetto Monitor_Renamed.Motore.inizio.ConvertiCr().</Issue>
        </Section>
        <Section Name = "SelezionaJob" >
            <Issue
                Type = "Runtime"
                Number = "1037"
            >Impossibile risolvere la proprietà predefinita dell'oggetto job.Comm.Ind().File.</Issue>
            <Issue
                Type = "Runtime"
                Number = "1037"
            >Impossibile risolvere la proprietà predefinita dell'oggetto job.Comm.Ind().Assieme.</Issue>
        </Section>
        <Section Name = "RetrDisp" >
            <Issue
                Type = "Runtime"
                Number = "1037"
            >Impossibile risolvere la proprietà predefinita dell'oggetto objMemb(Involucr(kLato, jInvolucr).IndObject).LOOSE.</Issue>
        </Section>
        <Section Name = "TrasferFlanCh" >
            <Issue
                Type = "Runtime"
                Number = "1037"
            >Impossibile risolvere la proprietà predefinita dell'oggetto O.FlChanDati().</Issue>
        </Section>
        <Section Name = "TrasferFlanSh" >
            <Issue
                Type = "Runtime"
                Number = "1037"
            >Impossibile risolvere la proprietà predefinita dell'oggetto O.FlShelDati().</Issue>
        </Section>
        <Section Name = "Caricajob" >
            <Issue
                Type = "Runtime"
                Number = "1041"
                PME = "Dir"
            >Dir ha un nuovo comportamento.</Issue>
            <Issue
                Type = "Runtime"
                Number = "1037"
            >Impossibile risolvere la proprietà predefinita dell'oggetto job.Comm.Ind().File.</Issue>
            <Issue
                Type = "Runtime"
                Number = "1037"
            >Impossibile risolvere la proprietà predefinita dell'oggetto job.Comm.Ind().Assieme.</Issue>
        </Section>
    </File>
    <File
        OldPath = "E:\Programmi\MicroSoft Visual Studio\Fbm\AsmeVip\asmeincl.bas"
        NewPath = "C:\Documenti\Visual Studio Projects\Lancio\AsmeVip.NET\asmeincl.vb"
        FileType = "Module"
        Upgraded = "True"
    >
        <Section Name = "(Dichiarazioni)" >
            <Issue
                Type = "ToDo"
                Number = "1026"
            >&amp;quot;Initialize&amp;quot; deve essere chiamato per inizializzare istanze di questa struttura.</Issue>
            <Issue
                Type = "Compile"
                Number = "1051"
            >Tipo di dichiarazione non supportato: Matrici di stringhe di lunghezza fissa.</Issue>
        </Section>
        <Section Name = "Initialize" >
            <Issue
                Type = "Runtime"
                Number = "1033"
            >Il limite inferiore della matrice tdxMDMT è stato cambiato da 1 a 0.</Issue>
            <Issue
                Type = "Runtime"
                Number = "1033"
            >Il limite inferiore della matrice pdxMDMT è stato cambiato da 1 a 0.</Issue>
            <Issue
                Type = "Runtime"
                Number = "1033"
            >Il limite inferiore della matrice MAWP è stato cambiato da 1 a 0.</Issue>
            <Issue
                Type = "Runtime"
                Number = "1033"
            >Il limite inferiore della matrice i è stato cambiato da 1,1 a 0,0.</Issue>
            <Issue
                Type = "Runtime"
                Number = "1033"
            >Il limite inferiore della matrice Paths è stato cambiato da 1 a 0.</Issue>
            <Issue
                Type = "Runtime"
                Number = "1033"
            >Il limite inferiore della matrice Wcomp è stato cambiato da 1 a 0.</Issue>
            <Issue
                Type = "Runtime"
                Number = "1033"
            >Il limite inferiore della matrice indice è stato cambiato da 1 a 0.</Issue>
            <Issue
                Type = "Runtime"
                Number = "1033"
            >Il limite inferiore della matrice RecInd è stato cambiato da 1 a 0.</Issue>
            <Issue
                Type = "Runtime"
                Number = "1033"
            >Il limite inferiore della matrice MAWP2 è stato cambiato da 1 a 0.</Issue>
            <Issue
                Type = "Runtime"
                Number = "1033"
            >Il limite inferiore della matrice Dati è stato cambiato da 4 a 0.</Issue>
            <Issue
                Type = "Runtime"
                Number = "1033"
            >Il limite inferiore della matrice akm è stato cambiato da 1 a 0.</Issue>
            <Issue
                Type = "Runtime"
                Number = "1033"
            >Il limite inferiore della matrice akt è stato cambiato da 1 a 0.</Issue>
            <Issue
                Type = "Runtime"
                Number = "1033"
            >Il limite inferiore della matrice t0th è stato cambiato da 1 a 0.</Issue>
            <Issue
                Type = "Runtime"
                Number = "1033"
            >Il limite inferiore della matrice matind è stato cambiato da 1 a 0.</Issue>
            <Issue
                Type = "Runtime"
                Number = "1033"
            >Il limite inferiore della matrice Spess è stato cambiato da 1 a 0.</Issue>
            <Issue
                Type = "Runtime"
                Number = "1033"
            >Il limite inferiore della matrice E è stato cambiato da 1 a 0.</Issue>
            <Issue
                Type = "Runtime"
                Number = "1033"
            >Il limite inferiore della matrice S0 è stato cambiato da 1 a 0.</Issue>
            <Issue
                Type = "Runtime"
                Number = "1033"
            >Il limite inferiore della matrice St è stato cambiato da 1 a 0.</Issue>
            <Issue
                Type = "Runtime"
                Number = "1033"
            >Il limite inferiore della matrice f è stato cambiato da 1,1 a 0,0.</Issue>
            <Issue
                Type = "Runtime"
                Number = "1033"
            >Il limite inferiore della matrice eff è stato cambiato da 1 a 0.</Issue>
            <Issue
                Type = "Runtime"
                Number = "1033"
            >Il limite inferiore della matrice delta è stato cambiato da 1 a 0.</Issue>
            <Issue
                Type = "Runtime"
                Number = "1033"
            >Il limite inferiore della matrice PSE è stato cambiato da 1 a 0.</Issue>
            <Issue
                Type = "Runtime"
                Number = "1033"
            >Il limite inferiore della matrice AeL è stato cambiato da 1 a 0.</Issue>
            <Issue
                Type = "Runtime"
                Number = "1033"
            >Il limite inferiore della matrice ArL è stato cambiato da 1 a 0.</Issue>
            <Issue
                Type = "Runtime"
                Number = "1033"
            >Il limite inferiore della matrice k è stato cambiato da 1 a 0.</Issue>
            <Issue
                Type = "Runtime"
                Number = "1033"
            >Il limite inferiore della matrice Necess è stato cambiato da 1 a 0.</Issue>
            <Issue
                Type = "Runtime"
                Number = "1033"
            >Il limite inferiore della matrice Rinf è stato cambiato da 1 a 0.</Issue>
            <Issue
                Type = "Runtime"
                Number = "1033"
            >Il limite inferiore della matrice Contr è stato cambiato da 1 a 0.</Issue>
            <Issue
                Type = "Runtime"
                Number = "1033"
            >Il limite inferiore della matrice Shydr è stato cambiato da 1 a 0.</Issue>
            <Issue
                Type = "Runtime"
                Number = "1033"
            >Il limite inferiore della matrice E1 è stato cambiato da 1 a 0.</Issue>
            <Issue
                Type = "Runtime"
                Number = "1033"
            >Il limite inferiore della matrice EM è stato cambiato da 1 a 0.</Issue>
            <Issue
                Type = "Runtime"
                Number = "1033"
            >Il limite inferiore della matrice l è stato cambiato da 1,1 a 0,0.</Issue>
            <Issue
                Type = "Runtime"
                Number = "1033"
            >Il limite inferiore della matrice Sploc è stato cambiato da 1,1 a 0,0.</Issue>
        </Section>
    </File>
    <File
        OldPath = "E:\Programmi\MicroSoft Visual Studio\Fbm\AsmeVip\Calcoli.bas"
        NewPath = "C:\Documenti\Visual Studio Projects\Lancio\AsmeVip.NET\Calcoli.vb"
        FileType = "Module"
        Upgraded = "True"
    >
        <Section Name = "CalcolaElemento" >
            <Issue
                Type = "Compile"
                Number = "1039"
                PME = "Load"
            >istruzione Load non supportata.</Issue>
            <Issue
                Type = "Runtime"
                Number = "1037"
            >Impossibile risolvere la proprietà predefinita dell'oggetto objMemb(Involucr(kLato, jInvolucr).IndObject).cob.</Issue>
            <Issue
                Type = "Runtime"
                Number = "1037"
            >Impossibile risolvere la proprietà predefinita dell'oggetto objMemb().Supercont.</Issue>
            <Issue
                Type = "Runtime"
                Number = "1037"
            >Impossibile risolvere la proprietà predefinita dell'oggetto objMemb(Involucr(kLato, Res).IndObject).Piastra.</Issue>
        </Section>
        <Section Name = "CalcolaProgetto" >
            <Issue
                Type = "Compile"
                Number = "1039"
                PME = "Load"
            >istruzione Load non supportata.</Issue>
            <Issue
                Type = "Compile"
                Number = "1014"
            >L'istruzione GoSub non è supportata.</Issue>
            <Issue
                Type = "Runtime"
                Number = "1037"
            >Impossibile risolvere la proprietà predefinita dell'oggetto wn.TipCalc.</Issue>
            <Issue
                Type = "Runtime"
                Number = "1037"
            >Impossibile risolvere la proprietà predefinita dell'oggetto objMemb().Calcola.</Issue>
            <Issue
                Type = "Runtime"
                Number = "2065"
                ObjectName = "frmPartAB"
                ObjectType = "Form"
                PME = "Activated"
            >Form evento frmPartAB.Activated presenta un nuovo comportamento.</Issue>
            <Issue
                Type = "Runtime"
                Number = "1041"
            >Return ha un nuovo comportamento.</Issue>
        </Section>
        <Section Name = "CylPres" >
            <Issue
                Type = "Compile"
                Number = "1014"
            >L'istruzione GoSub non è supportata.</Issue>
            <Issue
                Type = "Runtime"
                Number = "1041"
            >Return ha un nuovo comportamento.</Issue>
        </Section>
        <Section Name = "CylShells" >
            <Issue
                Type = "Runtime"
                Number = "1037"
            >Impossibile risolvere la proprietà predefinita dell'oggetto Pr10p2p3p3().</Issue>
        </Section>
        <Section Name = "Heads" >
            <Issue
                Type = "Runtime"
                Number = "1037"
            >Impossibile risolvere la proprietà predefinita dell'oggetto Pr10p2p3p3().</Issue>
            <Issue
                Type = "Compile"
                Number = "1014"
            >L'istruzione GoSub non è supportata.</Issue>
            <Issue
                Type = "Runtime"
                Number = "1037"
            >Impossibile risolvere la proprietà predefinita dell'oggetto DistBoc(nn, nm).</Issue>
            <Issue
                Type = "Runtime"
                Number = "1037"
            >Impossibile risolvere la proprietà predefinita dell'oggetto DistBoc(nm, nn).</Issue>
            <Issue
                Type = "Runtime"
                Number = "1037"
            >Impossibile risolvere la proprietà predefinita dell'oggetto DistBocMin(nn, nm).</Issue>
            <Issue
                Type = "Runtime"
                Number = "1037"
            >Impossibile risolvere la proprietà predefinita dell'oggetto DistBocMin(nm, nn).</Issue>
            <Issue
                Type = "Runtime"
                Number = "1037"
            >Impossibile risolvere la proprietà predefinita dell'oggetto DistBoc().</Issue>
            <Issue
                Type = "Runtime"
                Number = "1037"
            >Impossibile risolvere la proprietà predefinita dell'oggetto DistBocMin(i, j).</Issue>
            <Issue
                Type = "Runtime"
                Number = "1037"
            >Impossibile risolvere la proprietà predefinita dell'oggetto DistBoc(i, j).</Issue>
            <Issue
                Type = "Runtime"
                Number = "1041"
            >Return ha un nuovo comportamento.</Issue>
        </Section>
        <Section Name = "ExamRis" >
            <Issue
                Type = "Runtime"
                Number = "1037"
            >Impossibile risolvere la proprietà predefinita dell'oggetto clsInizio.ConvertiCr().</Issue>
        </Section>
        <Section Name = "CylVacuumPr" >
            <Issue
                Type = "Runtime"
                Number = "1037"
            >Impossibile risolvere la proprietà predefinita dell'oggetto frmStiff.ImageList1.ListImages().Tag.</Issue>
        </Section>
        <Section Name = "CheckDiafr" >
            <Issue
                Type = "Compile"
                Number = "1039"
                PME = "Load"
            >istruzione Load non supportata.</Issue>
        </Section>
        <Section Name = "PressExtCil" >
            <Issue
                Type = "Compile"
                Number = "1014"
            >L'istruzione GoSub non è supportata.</Issue>
            <Issue
                Type = "Runtime"
                Number = "1037"
            >Impossibile risolvere la proprietà predefinita dell'oggetto AsmeA.</Issue>
            <Issue
                Type = "Runtime"
                Number = "1037"
            >Impossibile risolvere la proprietà predefinita dell'oggetto AsmeB.</Issue>
            <Issue
                Type = "Runtime"
                Number = "1041"
            >Return ha un nuovo comportamento.</Issue>
        </Section>
        <Section Name = "StrainTreat" >
            <Issue
                Type = "Compile"
                Number = "1014"
            >L'istruzione GoSub non è supportata.</Issue>
            <Issue
                Type = "Runtime"
                Number = "1041"
            >Return ha un nuovo comportamento.</Issue>
        </Section>
    </File>
    <File
        OldPath = "E:\Programmi\MicroSoft Visual Studio\Fbm\AsmeVip\Calcol1.bas"
        NewPath = "C:\Documenti\Visual Studio Projects\Lancio\AsmeVip.NET\Calcol1.vb"
        FileType = "Module"
        Upgraded = "True"
    >
        <Section Name = "(Dichiarazioni)" >
            <Issue
                Type = "Runtime"
                Number = "1033"
            >Il limite inferiore della matrice Sloc è stato cambiato da 1 a 0.</Issue>
        </Section>
        <Section Name = "ConShells" >
            <Issue
                Type = "Compile"
                Number = "1014"
            >L'istruzione GoSub non è supportata.</Issue>
            <Issue
                Type = "Runtime"
                Number = "1037"
            >Impossibile risolvere la proprietà predefinita dell'oggetto Pr10p2p3p3().</Issue>
            <Issue
                Type = "Runtime"
                Number = "1041"
            >Return ha un nuovo comportamento.</Issue>
        </Section>
        <Section Name = "EsenzStress" >
            <Issue
                Type = "Runtime"
                Number = "1037"
            >Impossibile risolvere la proprietà predefinita dell'oggetto objMemb().Piastra.</Issue>
            <Issue
                Type = "Runtime"
                Number = "1037"
            >Impossibile risolvere la proprietà predefinita dell'oggetto O.Zp.</Issue>
            <Issue
                Type = "Runtime"
                Number = "1037"
            >Impossibile risolvere la proprietà predefinita dell'oggetto objMemb().Zp.</Issue>
        </Section>
        <Section Name = "MinTemp" >
            <Issue
                Type = "Runtime"
                Number = "1037"
            >Impossibile risolvere la proprietà predefinita dell'oggetto Matdim().Caract().Yield.</Issue>
            <Issue
                Type = "Runtime"
                Number = "1037"
            >Impossibile risolvere la proprietà predefinita dell'oggetto Matdim().Caract().PNumber.</Issue>
            <Issue
                Type = "Runtime"
                Number = "1037"
                PME = "Val"
            >Impossibile risolvere la proprietà predefinita dell'oggetto Matdim().Caract().Group.</Issue>
            <Issue
                Type = "Runtime"
                Number = "1037"
            >Impossibile risolvere la proprietà predefinita dell'oggetto Matdim(Involucr(kLato, jmemb).indice(1)).Caract(i).codice.</Issue>
            <Issue
                Type = "Compile"
                Number = "1014"
            >L'istruzione GoSub non è supportata.</Issue>
            <Issue
                Type = "Runtime"
                Number = "1037"
            >Impossibile risolvere la proprietà predefinita dell'oggetto Matdim().Caract().MWDTrule.</Issue>
            <Issue
                Type = "Runtime"
                Number = "1037"
            >Impossibile risolvere la proprietà predefinita dell'oggetto Matdim().Caract().MWDTclause.</Issue>
            <Issue
                Type = "Runtime"
                Number = "1037"
            >Impossibile risolvere la proprietà predefinita dell'oggetto Matdim().Caract().MWDTtemp.</Issue>
            <Issue
                Type = "Runtime"
                Number = "1037"
            >Impossibile risolvere la proprietà predefinita dell'oggetto Matdim(Nozzles(kLato, nn).indice).Caract(i).codice.</Issue>
            <Issue
                Type = "Runtime"
                Number = "1041"
            >Return ha un nuovo comportamento.</Issue>
            <Issue
                Type = "Runtime"
                Number = "1037"
            >Impossibile risolvere la proprietà predefinita dell'oggetto NotApplicable(MWDTrule, StriSt()).</Issue>
        </Section>
        <Section Name = "ConPres" >
            <Issue
                Type = "Compile"
                Number = "1014"
            >L'istruzione GoSub non è supportata.</Issue>
            <Issue
                Type = "Runtime"
                Number = "1041"
            >Return ha un nuovo comportamento.</Issue>
        </Section>
        <Section Name = "DatiDoub" >
            <Issue
                Type = "Compile"
                Number = "1039"
                PME = "Load"
            >istruzione Load non supportata.</Issue>
        </Section>
        <Section Name = "ConVacuumPr" >
            <Issue
                Type = "Runtime"
                Number = "1037"
            >Impossibile risolvere la proprietà predefinita dell'oggetto AdditCono(kLato, Config().Ninvolucri + 1).</Issue>
            <Issue
                Type = "Runtime"
                Number = "1037"
            >Impossibile risolvere la proprietà predefinita dell'oggetto AdditCono(kLato, jmemb).</Issue>
        </Section>
        <Section Name = "CalcTubi" >
            <Issue
                Type = "Compile"
                Number = "2064"
                ObjectName = "Picture1"
                ObjectType = "PictureBox"
                PME = "Cls"
            >PictureBox metodo Picture1.Cls non è stato aggiornato.</Issue>
            <Issue
                Type = "Compile"
                Number = "2064"
                ObjectName = "Picture1"
                ObjectType = "PictureBox"
                PME = "Print"
            >PictureBox metodo Picture1.Print non è stato aggiornato.</Issue>
            <Issue
                Type = "Compile"
                Number = "1014"
            >L'istruzione GoSub non è supportata.</Issue>
            <Issue
                Type = "Runtime"
                Number = "1041"
            >Return ha un nuovo comportamento.</Issue>
        </Section>
        <Section Name = "StampaTubi" >
            <Issue
                Type = "Runtime"
                Number = "1037"
            >Impossibile risolvere la proprietà predefinita dell'oggetto Gruppo.</Issue>
            <Issue
                Type = "Compile"
                Number = "1014"
            >L'istruzione GoSub non è supportata.</Issue>
            <Issue
                Type = "Runtime"
                Number = "1041"
            >Return ha un nuovo comportamento.</Issue>
        </Section>
        <Section Name = "MinTempTubi" >
            <Issue
                Type = "Runtime"
                Number = "1033"
            >Il limite inferiore della matrice Temper è stato cambiato da 1 a 0.</Issue>
            <Issue
                Type = "Runtime"
                Number = "1037"
            >Impossibile risolvere la proprietà predefinita dell'oggetto Matdim(iMat).Caract(i).codice.</Issue>
            <Issue
                Type = "Runtime"
                Number = "1037"
            >Impossibile risolvere la proprietà predefinita dell'oggetto Matdim().Caract().MWDTrule.</Issue>
            <Issue
                Type = "Runtime"
                Number = "1037"
            >Impossibile risolvere la proprietà predefinita dell'oggetto Matdim().Caract().MWDTclause.</Issue>
            <Issue
                Type = "Runtime"
                Number = "1037"
            >Impossibile risolvere la proprietà predefinita dell'oggetto Matdim().Caract().MWDTtemp.</Issue>
            <Issue
                Type = "Runtime"
                Number = "1037"
            >Impossibile risolvere la proprietà predefinita dell'oggetto Matdim().Caract().Yield.</Issue>
            <Issue
                Type = "Runtime"
                Number = "1037"
            >Impossibile risolvere la proprietà predefinita dell'oggetto Matdim().Caract().PNumber.</Issue>
            <Issue
                Type = "Runtime"
                Number = "1037"
                PME = "Val"
            >Impossibile risolvere la proprietà predefinita dell'oggetto Matdim().Caract().Group.</Issue>
            <Issue
                Type = "Runtime"
                Number = "1037"
            >Impossibile risolvere la proprietà predefinita dell'oggetto NotApplicable(MWDTrule, StriSt()).</Issue>
        </Section>
        <Section Name = "trPressExt" >
            <Issue
                Type = "Runtime"
                Number = "1037"
            >Impossibile risolvere la proprietà predefinita dell'oggetto AlunCyl.</Issue>
        </Section>
        <Section Name = "NotApplicable" >
            <Issue
                Type = "Runtime"
                Number = "1037"
            >Impossibile risolvere la proprietà predefinita dell'oggetto NotApplicable.</Issue>
        </Section>
    </File>
    <File
        OldPath = "E:\Programmi\MicroSoft Visual Studio\Fbm\AsmeVip\Branches.bas"
        NewPath = "C:\Documenti\Visual Studio Projects\Lancio\AsmeVip.NET\Branches.vb"
        FileType = "Module"
        Upgraded = "True"
    >
        <Section Name = "Aree" >
            <Issue
                Type = "Compile"
                Number = "1014"
            >L'istruzione GoSub non è supportata.</Issue>
            <Issue
                Type = "Runtime"
                Number = "1041"
            >Return ha un nuovo comportamento.</Issue>
        </Section>
        <Section Name = "BranchesCal" >
            <Issue
                Type = "Runtime"
                Number = "1037"
            >Impossibile risolvere la proprietà predefinita dell'oggetto clsInizio.ConvertiCr().</Issue>
            <Issue
                Type = "Compile"
                Number = "1014"
            >L'istruzione GoSub non è supportata.</Issue>
            <Issue
                Type = "Runtime"
                Number = "1041"
            >Return ha un nuovo comportamento.</Issue>
        </Section>
        <Section Name = "GeomCyl" >
            <Issue
                Type = "Runtime"
                Number = "1041"
            >Return ha un nuovo comportamento.</Issue>
        </Section>
        <Section Name = "GeomFon" >
            <Issue
                Type = "Compile"
                Number = "1014"
            >L'istruzione GoSub non è supportata.</Issue>
            <Issue
                Type = "Runtime"
                Number = "1041"
            >Return ha un nuovo comportamento.</Issue>
        </Section>
        <Section Name = "GeomOid" >
            <Issue
                Type = "Runtime"
                Number = "1037"
            >Impossibile risolvere la proprietà predefinita dell'oggetto nn.</Issue>
            <Issue
                Type = "Runtime"
                Number = "1037"
            >Impossibile risolvere la proprietà predefinita dell'oggetto jmemb.</Issue>
        </Section>
        <Section Name = "BraMAWP" >
            <Issue
                Type = "Compile"
                Number = "1014"
            >L'istruzione GoSub non è supportata.</Issue>
            <Issue
                Type = "Runtime"
                Number = "1041"
            >Return ha un nuovo comportamento.</Issue>
        </Section>
        <Section Name = "BraPrint" >
            <Issue
                Type = "Compile"
                Number = "1039"
                PME = "Load"
            >istruzione Load non supportata.</Issue>
            <Issue
                Type = "Runtime"
                Number = "1037"
            >Impossibile risolvere la proprietà predefinita dell'oggetto frmNoz.ListaImmagini.ListImages().Tag.</Issue>
            <Issue
                Type = "Compile"
                Number = "1014"
            >L'istruzione GoSub non è supportata.</Issue>
            <Issue
                Type = "Runtime"
                Number = "1037"
            >Impossibile risolvere la proprietà predefinita dell'oggetto Matdim().Caract().MWDTrule.</Issue>
            <Issue
                Type = "Runtime"
                Number = "1037"
            >Impossibile risolvere la proprietà predefinita dell'oggetto Matdim().Caract().MWDTclause.</Issue>
            <Issue
                Type = "Runtime"
                Number = "1037"
            >Impossibile risolvere la proprietà predefinita dell'oggetto Matdim(Nozzles(kLato, nn).indice).Caract(i).codice.</Issue>
            <Issue
                Type = "Runtime"
                Number = "1041"
            >Return ha un nuovo comportamento.</Issue>
            <Issue
                Type = "Runtime"
                Number = "1037"
            >Impossibile risolvere la proprietà predefinita dell'oggetto objMemb(Involucr(kLato, jmemb).IndObject).LOOSE.</Issue>
        </Section>
        <Section Name = "Disposiz" >
            <Issue
                Type = "Compile"
                Number = "1014"
            >L'istruzione GoSub non è supportata.</Issue>
            <Issue
                Type = "Runtime"
                Number = "1041"
            >Return ha un nuovo comportamento.</Issue>
        </Section>
        <Section Name = "Ratings" >
            <Issue
                Type = "Runtime"
                Number = "1037"
            >Impossibile risolvere la proprietà predefinita dell'oggetto mode.</Issue>
            <Issue
                Type = "Compile"
                Number = "1039"
                PME = "Load"
            >istruzione Load non supportata.</Issue>
            <Issue
                Type = "Runtime"
                Number = "2065"
                ObjectName = "frmRat"
                ObjectType = "Form"
                PME = "Activated"
            >Form evento frmRat.Activated presenta un nuovo comportamento.</Issue>
        </Section>
        <Section Name = "ThWeldMin" >
            <Issue
                Type = "Compile"
                Number = "1014"
            >L'istruzione GoSub non è supportata.</Issue>
            <Issue
                Type = "Runtime"
                Number = "1041"
            >Return ha un nuovo comportamento.</Issue>
        </Section>
        <Section Name = "WeldDet" >
            <Issue
                Type = "Compile"
                Number = "1051"
            >Tipo di dichiarazione non supportato: Matrice con limite inferiore minore di zero.</Issue>
            <Issue
                Type = "Runtime"
                Number = "1033"
            >Il limite inferiore della matrice locCom è stato cambiato da 1 a 0.</Issue>
            <Issue
                Type = "Runtime"
                Number = "1037"
            >Impossibile risolvere la proprietà predefinita dell'oggetto Domand$(1).</Issue>
            <Issue
                Type = "Runtime"
                Number = "1037"
            >Impossibile risolvere la proprietà predefinita dell'oggetto Domand$(2).</Issue>
            <Issue
                Type = "Runtime"
                Number = "1037"
            >Impossibile risolvere la proprietà predefinita dell'oggetto Domand$(3).</Issue>
            <Issue
                Type = "Runtime"
                Number = "1037"
            >Impossibile risolvere la proprietà predefinita dell'oggetto Domand$(4).</Issue>
            <Issue
                Type = "Runtime"
                Number = "1037"
            >Impossibile risolvere la proprietà predefinita dell'oggetto Rispost$(1).</Issue>
            <Issue
                Type = "Runtime"
                Number = "1037"
            >Impossibile risolvere la proprietà predefinita dell'oggetto Rispost$(2).</Issue>
            <Issue
                Type = "Runtime"
                Number = "1037"
            >Impossibile risolvere la proprietà predefinita dell'oggetto Rispost$(3).</Issue>
            <Issue
                Type = "Runtime"
                Number = "1037"
            >Impossibile risolvere la proprietà predefinita dell'oggetto Rispost$(4).</Issue>
            <Issue
                Type = "Runtime"
                Number = "1037"
            >Impossibile risolvere la proprietà predefinita dell'oggetto Domand$(i).</Issue>
            <Issue
                Type = "Runtime"
                Number = "1037"
                PME = "Val"
            >Impossibile risolvere la proprietà predefinita dell'oggetto Rispost$().</Issue>
            <Issue
                Type = "Runtime"
                Number = "1037"
            >Impossibile risolvere la proprietà predefinita dell'oggetto Domand$(locEsp()).</Issue>
            <Issue
                Type = "Runtime"
                Number = "1037"
            >Impossibile risolvere la proprietà predefinita dell'oggetto Rispost$(i).</Issue>
            <Issue
                Type = "Runtime"
                Number = "1037"
            >Impossibile risolvere la proprietà predefinita dell'oggetto Rispost$(locEsp()).</Issue>
        </Section>
        <Section Name = "Decision" >
            <Issue
                Type = "Runtime"
                Number = "1037"
            >Impossibile risolvere la proprietà predefinita dell'oggetto Decision.</Issue>
        </Section>
        <Section Name = "Massone" >
            <Issue
                Type = "Runtime"
                Number = "1037"
            >Impossibile risolvere la proprietà predefinita dell'oggetto objMemb().TipCalc.</Issue>
            <Issue
                Type = "Runtime"
                Number = "1037"
            >Impossibile risolvere la proprietà predefinita dell'oggetto objMemb().LOOSE.</Issue>
            <Issue
                Type = "Runtime"
                Number = "1037"
            >Impossibile risolvere la proprietà predefinita dell'oggetto objMemb().File.</Issue>
            <Issue
                Type = "Runtime"
                Number = "1037"
            >Impossibile risolvere la proprietà predefinita dell'oggetto objMemb().Mp.</Issue>
            <Issue
                Type = "Runtime"
                Number = "1037"
            >Impossibile risolvere la proprietà predefinita dell'oggetto objMemb().Zp.</Issue>
            <Issue
                Type = "Runtime"
                Number = "1037"
            >Impossibile risolvere la proprietà predefinita dell'oggetto objMemb().TIR.</Issue>
            <Issue
                Type = "Runtime"
                Number = "1037"
            >Impossibile risolvere la proprietà predefinita dell'oggetto objMemb().RichiaTir.</Issue>
            <Issue
                Type = "Compile"
                Number = "1039"
                PME = "Load"
            >istruzione Load non supportata.</Issue>
        </Section>
    </File>
    <File
        OldPath = "E:\Programmi\MicroSoft Visual Studio\Fbm\AsmeVip\Input.bas"
        NewPath = "C:\Documenti\Visual Studio Projects\Lancio\AsmeVip.NET\Input.vb"
        FileType = "Module"
        Upgraded = "True"
    >
        <Section Name = "(Dichiarazioni)" >
            <Issue
                Type = "Runtime"
                Number = "1033"
            >Il limite inferiore della matrice Nodbase è stato cambiato da 1 a 0.</Issue>
        </Section>
        <Section Name = "AcqNomi" >
            <Issue
                Type = "Runtime"
                Number = "1037"
            >Impossibile risolvere la proprietà predefinita dell'oggetto iRisp.</Issue>
            <Issue
                Type = "Runtime"
                Number = "1037"
            >Impossibile risolvere la proprietà predefinita dell'oggetto iTipo.</Issue>
        </Section>
        <Section Name = "AggBocc" >
            <Issue
                Type = "Compile"
                Number = "1014"
            >L'istruzione GoSub non è supportata.</Issue>
            <Issue
                Type = "Runtime"
                Number = "1041"
            >Return ha un nuovo comportamento.</Issue>
            <Issue
                Type = "Runtime"
                Number = "1037"
            >Impossibile risolvere la proprietà predefinita dell'oggetto Nozzles(kLato, k + Nnuov - Nvec).</Issue>
            <Issue
                Type = "Runtime"
                Number = "1037"
            >Impossibile risolvere la proprietà predefinita dell'oggetto Nozzles(kLato, k).</Issue>
            <Issue
                Type = "Runtime"
                Number = "1042"
            >È possibile che singoli elementi della matrice Record debbano essere inizializzati.</Issue>
        </Section>
        <Section Name = "DatiProgCon" >
            <Issue
                Type = "Runtime"
                Number = "1042"
            >È possibile che singoli elementi della matrice Record debbano essere inizializzati.</Issue>
            <Issue
                Type = "Runtime"
                Number = "1041"
            >Put è stato aggiornato a FilePut e ha un nuovo comportamento.</Issue>
            <Issue
                Type = "Runtime"
                Number = "1041"
            >Get è stato aggiornato a FileGet e ha un nuovo comportamento.</Issue>
        </Section>
        <Section Name = "GenRecDil" >
            <Issue
                Type = "Runtime"
                Number = "1042"
            >È possibile che singoli elementi della matrice Record debbano essere inizializzati.</Issue>
        </Section>
        <Section Name = "Design" >
            <Issue
                Type = "Runtime"
                Number = "1037"
            >Impossibile risolvere la proprietà predefinita dell'oggetto clsInizio.ConvertiCr().</Issue>
            <Issue
                Type = "Runtime"
                Number = "1041"
            >Get è stato aggiornato a FileGet e ha un nuovo comportamento.</Issue>
            <Issue
                Type = "Runtime"
                Number = "1037"
            >Impossibile risolvere la proprietà predefinita dell'oggetto Config(0).</Issue>
            <Issue
                Type = "Runtime"
                Number = "2065"
                ObjectName = "Screen"
                ObjectType = "Screen"
                PME = "MousePointer"
            >Screen proprietà Screen.MousePointer presenta un nuovo comportamento.</Issue>
            <Issue
                Type = "Runtime"
                Number = "1037"
            >Impossibile risolvere la proprietà predefinita dell'oggetto Config(1).</Issue>
            <Issue
                Type = "Compile"
                Number = "1014"
            >L'istruzione GoSub non è supportata.</Issue>
            <Issue
                Type = "Runtime"
                Number = "1037"
            >Impossibile risolvere la proprietà predefinita dell'oggetto objMemb().Leggi.</Issue>
            <Issue
                Type = "Runtime"
                Number = "1037"
            >Impossibile risolvere la proprietà predefinita dell'oggetto objMemb().LatoProgetto.</Issue>
            <Issue
                Type = "Runtime"
                Number = "1037"
            >Impossibile risolvere la proprietà predefinita dell'oggetto objMemb().TipoPT.</Issue>
            <Issue
                Type = "Runtime"
                Number = "1037"
            >Impossibile risolvere la proprietà predefinita dell'oggetto objMemb().Piastra.</Issue>
            <Issue
                Type = "Runtime"
                Number = "1037"
            >Impossibile risolvere la proprietà predefinita dell'oggetto objMemb().IndAccopp.</Issue>
            <Issue
                Type = "Runtime"
                Number = "1037"
            >Impossibile risolvere la proprietà predefinita dell'oggetto objMemb().SetPiastra.</Issue>
            <Issue
                Type = "Runtime"
                Number = "1037"
            >Impossibile risolvere la proprietà predefinita dell'oggetto objMemb(Involucr(k, i).IndObject).Piastra.</Issue>
            <Issue
                Type = "Runtime"
                Number = "1042"
            >È possibile che singoli elementi della matrice Record debbano essere inizializzati.</Issue>
            <Issue
                Type = "Runtime"
                Number = "1041"
            >Return ha un nuovo comportamento.</Issue>
            <Issue
                Type = "Runtime"
                Number = "1037"
            >Impossibile risolvere la proprietà predefinita dell'oggetto indici(ii).</Issue>
        </Section>
        <Section Name = "Diametri" >
            <Issue
                Type = "Runtime"
                Number = "1037"
            >Impossibile risolvere la proprietà predefinita dell'oggetto DiamNom().</Issue>
        </Section>
        <Section Name = "DiamNom" >
            <Issue
                Type = "Runtime"
                Number = "1037"
            >Impossibile risolvere la proprietà predefinita dell'oggetto DiamNom.</Issue>
        </Section>
        <Section Name = "Rearrang" >
            <Issue
                Type = "Compile"
                Number = "1014"
            >L'istruzione GoSub non è supportata.</Issue>
            <Issue
                Type = "Runtime"
                Number = "1041"
            >Return ha un nuovo comportamento.</Issue>
        </Section>
        <Section Name = "SelMat" >
            <Issue
                Type = "Runtime"
                Number = "1037"
            >Impossibile risolvere la proprietà predefinita dell'oggetto l.</Issue>
            <Issue
                Type = "Runtime"
                Number = "1037"
            >Impossibile risolvere la proprietà predefinita dell'oggetto t.</Issue>
            <Issue
                Type = "Compile"
                Number = "1014"
            >L'istruzione GoSub non è supportata.</Issue>
            <Issue
                Type = "Runtime"
                Number = "1041"
            >Return ha un nuovo comportamento.</Issue>
        </Section>
        <Section Name = "DatiProgPT" >
            <Issue
                Type = "Runtime"
                Number = "2065"
                ObjectName = "Screen"
                ObjectType = "Screen"
                PME = "MousePointer"
            >Screen proprietà Screen.MousePointer presenta un nuovo comportamento.</Issue>
        </Section>
        <Section Name = "DatiNozzles" >
            <Issue
                Type = "Runtime"
                Number = "2065"
                ObjectName = "Screen"
                ObjectType = "Screen"
                PME = "MousePointer"
            >Screen proprietà Screen.MousePointer presenta un nuovo comportamento.</Issue>
            <Issue
                Type = "Compile"
                Number = "1039"
                PME = "Load"
            >istruzione Load non supportata.</Issue>
        </Section>
        <Section Name = "InseElemento" >
            <Issue
                Type = "Runtime"
                Number = "1037"
            >Impossibile risolvere la proprietà predefinita dell'oggetto Involucr(KL, i).</Issue>
        </Section>
        <Section Name = "ElimElemento" >
            <Issue
                Type = "Runtime"
                Number = "1037"
            >Impossibile risolvere la proprietà predefinita dell'oggetto Involucr(kLato, i).</Issue>
        </Section>
        <Section Name = "AggiustaHydr" >
            <Issue
                Type = "Runtime"
                Number = "1037"
            >Impossibile risolvere la proprietà predefinita dell'oggetto Monitor.Motore.inizio.ConvertiCr().</Issue>
        </Section>
        <Section Name = "VariaBocc" >
            <Issue
                Type = "Runtime"
                Number = "2065"
                ObjectName = "Screen"
                ObjectType = "Screen"
                PME = "MousePointer"
            >Screen proprietà Screen.MousePointer presenta un nuovo comportamento.</Issue>
            <Issue
                Type = "Runtime"
                Number = "1037"
            >Impossibile risolvere la proprietà predefinita dell'oggetto m.</Issue>
        </Section>
        <Section Name = "CheckDimNoz" >
            <Issue
                Type = "Runtime"
                Number = "1033"
            >Il limite inferiore della matrice Nozzles è stato cambiato da 1,1 a 0,0.</Issue>
            <Issue
                Type = "Runtime"
                Number = "1042"
            >È possibile che singoli elementi della matrice Nozzles debbano essere inizializzati.</Issue>
            <Issue
                Type = "Runtime"
                Number = "1033"
            >Il limite inferiore della matrice NozzAdd è stato cambiato da 1,1 a 0,0.</Issue>
            <Issue
                Type = "Runtime"
                Number = "1042"
            >È possibile che singoli elementi della matrice NozzAdd debbano essere inizializzati.</Issue>
        </Section>
        <Section Name = "TrasfDilat" >
            <Issue
                Type = "Runtime"
                Number = "1037"
            >Impossibile risolvere la proprietà predefinita dell'oggetto objMemb().Piastra.</Issue>
            <Issue
                Type = "Runtime"
                Number = "1037"
            >Impossibile risolvere la proprietà predefinita dell'oggetto O.TipoDilatp.</Issue>
            <Issue
                Type = "Runtime"
                Number = "1037"
            >Impossibile risolvere la proprietà predefinita dell'oggetto O.Zp.</Issue>
            <Issue
                Type = "Runtime"
                Number = "1037"
            >Impossibile risolvere la proprietà predefinita dell'oggetto O.SoloDilat.</Issue>
        </Section>
        <Section Name = "Collega1" >
            <Issue
                Type = "Runtime"
                Number = "1037"
            >Impossibile risolvere la proprietà predefinita dell'oggetto ElencoCollegamenti.Item().Lato2.</Issue>
            <Issue
                Type = "Runtime"
                Number = "1037"
            >Impossibile risolvere la proprietà predefinita dell'oggetto ElencoCollegamenti.Item(k).Membro2.</Issue>
            <Issue
                Type = "Runtime"
                Number = "1037"
            >Impossibile risolvere la proprietà predefinita dell'oggetto ElencoCollegamenti.Item(k).Lato1.</Issue>
            <Issue
                Type = "Runtime"
                Number = "1037"
            >Impossibile risolvere la proprietà predefinita dell'oggetto ElencoCollegamenti.Item(k).Membro1.</Issue>
            <Issue
                Type = "Runtime"
                Number = "1037"
            >Impossibile risolvere la proprietà predefinita dell'oggetto ElencoCollegamenti.Item().Lato1.</Issue>
            <Issue
                Type = "Runtime"
                Number = "1037"
            >Impossibile risolvere la proprietà predefinita dell'oggetto ElencoCollegamenti.Item(k).Lato2.</Issue>
        </Section>
        <Section Name = "CambiaColl" >
            <Issue
                Type = "Runtime"
                Number = "1037"
            >Impossibile risolvere la proprietà predefinita dell'oggetto ElencoCollegamenti.Item(k).Tipo.</Issue>
            <Issue
                Type = "Runtime"
                Number = "1037"
            >Impossibile risolvere la proprietà predefinita dell'oggetto ElencoCollegamenti.Item(k).Lato1.</Issue>
            <Issue
                Type = "Runtime"
                Number = "1037"
            >Impossibile risolvere la proprietà predefinita dell'oggetto ElencoCollegamenti.Item(k).Membro1.</Issue>
            <Issue
                Type = "Runtime"
                Number = "1037"
            >Impossibile risolvere la proprietà predefinita dell'oggetto ElencoCollegamenti.Item().Membro2.</Issue>
            <Issue
                Type = "Runtime"
                Number = "1037"
            >Impossibile risolvere la proprietà predefinita dell'oggetto ElencoCollegamenti.Item().Lato1.</Issue>
            <Issue
                Type = "Runtime"
                Number = "1037"
            >Impossibile risolvere la proprietà predefinita dell'oggetto O.Piastra.</Issue>
            <Issue
                Type = "Runtime"
                Number = "1037"
            >Impossibile risolvere la proprietà predefinita dell'oggetto O.IndAccopp.</Issue>
            <Issue
                Type = "Runtime"
                Number = "1037"
            >Impossibile risolvere la proprietà predefinita dell'oggetto ElencoCollegamenti.Item().Tipo.</Issue>
            <Issue
                Type = "Runtime"
                Number = "1037"
            >Impossibile risolvere la proprietà predefinita dell'oggetto ElencoCollegamenti.Item(k).Lato2.</Issue>
            <Issue
                Type = "Runtime"
                Number = "1037"
            >Impossibile risolvere la proprietà predefinita dell'oggetto ElencoCollegamenti.Item(k).Membro2.</Issue>
        </Section>
        <Section Name = "CreaOggetto" >
            <Issue
                Type = "Runtime"
                Number = "1037"
            >Impossibile risolvere la proprietà predefinita dell'oggetto objMemb().PrimaVolta.</Issue>
            <Issue
                Type = "Runtime"
                Number = "1037"
            >Impossibile risolvere la proprietà predefinita dell'oggetto objMemb().Piastra.</Issue>
            <Issue
                Type = "Runtime"
                Number = "1037"
            >Impossibile risolvere la proprietà predefinita dell'oggetto objMemb().TipoPT.</Issue>
            <Issue
                Type = "Runtime"
                Number = "1037"
            >Impossibile risolvere la proprietà predefinita dell'oggetto objMemb().Mp.</Issue>
            <Issue
                Type = "Runtime"
                Number = "1037"
            >Impossibile risolvere la proprietà predefinita dell'oggetto objMemb().Zp.</Issue>
            <Issue
                Type = "Runtime"
                Number = "1037"
            >Impossibile risolvere la proprietà predefinita dell'oggetto objMemb().SicBullp.</Issue>
            <Issue
                Type = "Runtime"
                Number = "1037"
            >Impossibile risolvere la proprietà predefinita dell'oggetto objMemb().FattBoltSy.</Issue>
            <Issue
                Type = "Runtime"
                Number = "1037"
            >Impossibile risolvere la proprietà predefinita dell'oggetto objMemb().LatoProgetto.</Issue>
        </Section>
    </File>
    <File
        OldPath = "E:\Programmi\MicroSoft Visual Studio\Fbm\AsmeVip\Output.bas"
        NewPath = "C:\Documenti\Visual Studio Projects\Lancio\AsmeVip.NET\Output.vb"
        FileType = "Module"
        Upgraded = "True"
    >
        <Section Name = "ApriLeggiU" >
            <Issue
                Type = "Runtime"
                Number = "1037"
            >Impossibile risolvere la proprietà predefinita dell'oggetto job.Comm.Ind(job.Comm.indice).File.</Issue>
            <Issue
                Type = "Runtime"
                Number = "1041"
                PME = "Dir"
            >Dir ha un nuovo comportamento.</Issue>
            <Issue
                Type = "Runtime"
                Number = "1037"
            >Impossibile risolvere la proprietà predefinita dell'oggetto DomandeU.</Issue>
        </Section>
        <Section Name = "CarichiU" >
            <Issue
                Type = "Compile"
                Number = "1014"
            >L'istruzione GoSub non è supportata.</Issue>
            <Issue
                Type = "Runtime"
                Number = "1041"
            >Return ha un nuovo comportamento.</Issue>
        </Section>
        <Section Name = "CheckCianfr" >
            <Issue
                Type = "Runtime"
                Number = "1041"
            >Put è stato aggiornato a FilePut e ha un nuovo comportamento.</Issue>
        </Section>
        <Section Name = "ChiudeFileU" >
            <Issue
                Type = "Runtime"
                Number = "1033"
            >Il limite inferiore della matrice Nozzles è stato cambiato da 1 a 0.</Issue>
            <Issue
                Type = "Runtime"
                Number = "1042"
            >È possibile che singoli elementi della matrice Nozzles debbano essere inizializzati.</Issue>
            <Issue
                Type = "Runtime"
                Number = "1033"
            >Il limite inferiore della matrice NozzAdd è stato cambiato da 1 a 0.</Issue>
            <Issue
                Type = "Runtime"
                Number = "1042"
            >È possibile che singoli elementi della matrice NozzAdd debbano essere inizializzati.</Issue>
            <Issue
                Type = "Runtime"
                Number = "1042"
            >È possibile che singoli elementi della matrice Config debbano essere inizializzati.</Issue>
            <Issue
                Type = "Runtime"
                Number = "1033"
            >Il limite inferiore della matrice Involucr è stato cambiato da 1,0 a 0,0.</Issue>
            <Issue
                Type = "Runtime"
                Number = "1042"
            >È possibile che singoli elementi della matrice Involucr debbano essere inizializzati.</Issue>
            <Issue
                Type = "Runtime"
                Number = "1033"
            >Il limite inferiore della matrice AdditCono è stato cambiato da 1,0 a 0,0.</Issue>
            <Issue
                Type = "Runtime"
                Number = "1042"
            >È possibile che singoli elementi della matrice AdditCono debbano essere inizializzati.</Issue>
            <Issue
                Type = "Runtime"
                Number = "1033"
            >Il limite inferiore della matrice Addition1 è stato cambiato da 1,0 a 0,0.</Issue>
            <Issue
                Type = "Runtime"
                Number = "1042"
            >È possibile che singoli elementi della matrice Addition1 debbano essere inizializzati.</Issue>
        </Section>
        <Section Name = "DomandeU" >
            <Issue
                Type = "Runtime"
                Number = "1037"
            >Impossibile risolvere la proprietà predefinita dell'oggetto job.Comm.Ind(job.Comm.indice).File.</Issue>
            <Issue
                Type = "Runtime"
                Number = "1041"
            >Get è stato aggiornato a FileGet e ha un nuovo comportamento.</Issue>
            <Issue
                Type = "Runtime"
                Number = "1037"
            >Impossibile risolvere la proprietà predefinita dell'oggetto DomandeU.</Issue>
        </Section>
        <Section Name = "AggMWDTdata" >
            <Issue
                Type = "Compile"
                Number = "1014"
            >L'istruzione GoSub non è supportata.</Issue>
            <Issue
                Type = "Runtime"
                Number = "1041"
            >Return ha un nuovo comportamento.</Issue>
        </Section>
        <Section Name = "MWDTdata" >
            <Issue
                Type = "Runtime"
                Number = "1037"
            >Impossibile risolvere la proprietà predefinita dell'oggetto Matdim().Caract().MWDTrule.</Issue>
            <Issue
                Type = "Runtime"
                Number = "1037"
            >Impossibile risolvere la proprietà predefinita dell'oggetto Matdim().Caract().MWDTclause.</Issue>
            <Issue
                Type = "Runtime"
                Number = "1037"
            >Impossibile risolvere la proprietà predefinita dell'oggetto Matdim().Caract().MWDTtemp.</Issue>
            <Issue
                Type = "Runtime"
                Number = "1037"
            >Impossibile risolvere la proprietà predefinita dell'oggetto Matdim(iRec).Caract(i).codice.</Issue>
        </Section>
        <Section Name = "SalvaU" >
            <Issue
                Type = "Runtime"
                Number = "2065"
                ObjectName = "Screen"
                ObjectType = "Screen"
                PME = "MousePointer"
            >Screen proprietà Screen.MousePointer presenta un nuovo comportamento.</Issue>
            <Issue
                Type = "Runtime"
                Number = "1041"
            >Put è stato aggiornato a FilePut e ha un nuovo comportamento.</Issue>
            <Issue
                Type = "Runtime"
                Number = "1037"
            >Impossibile risolvere la proprietà predefinita dell'oggetto objMemb().Salva.</Issue>
        </Section>
        <Section Name = "TransWND" >
            <Issue
                Type = "Runtime"
                Number = "1037"
            >Impossibile risolvere la proprietà predefinita dell'oggetto job.Comm.Ind().Assieme.</Issue>
            <Issue
                Type = "Runtime"
                Number = "2065"
                ObjectName = "Screen"
                ObjectType = "Screen"
                PME = "MousePointer"
            >Screen proprietà Screen.MousePointer presenta un nuovo comportamento.</Issue>
            <Issue
                Type = "Runtime"
                Number = "1037"
            >Impossibile risolvere la proprietà predefinita dell'oggetto O.Genmem.</Issue>
            <Issue
                Type = "Compile"
                Number = "1014"
            >L'istruzione GoSub non è supportata.</Issue>
            <Issue
                Type = "Runtime"
                Number = "1037"
            >Impossibile risolvere la proprietà predefinita dell'oggetto O.Diametro.</Issue>
            <Issue
                Type = "Runtime"
                Number = "1037"
            >Impossibile risolvere la proprietà predefinita dell'oggetto O.SpessBase.</Issue>
            <Issue
                Type = "Runtime"
                Number = "1037"
            >Impossibile risolvere la proprietà predefinita dell'oggetto O.SpessRive.</Issue>
            <Issue
                Type = "Runtime"
                Number = "1037"
            >Impossibile risolvere la proprietà predefinita dell'oggetto O.Lunghezza.</Issue>
            <Issue
                Type = "Runtime"
                Number = "1037"
                PME = "Sqr"
            >Impossibile risolvere la proprietà predefinita dell'oggetto O.Piedritto.</Issue>
            <Issue
                Type = "Runtime"
                Number = "1037"
            >Impossibile risolvere la proprietà predefinita dell'oggetto O.SottoTipo.</Issue>
            <Issue
                Type = "Runtime"
                Number = "1037"
            >Impossibile risolvere la proprietà predefinita dell'oggetto O.Dgran.</Issue>
            <Issue
                Type = "Runtime"
                Number = "1037"
            >Impossibile risolvere la proprietà predefinita dell'oggetto O.Dpicc.</Issue>
            <Issue
                Type = "Runtime"
                Number = "1037"
            >Impossibile risolvere la proprietà predefinita dell'oggetto O.RagG.</Issue>
            <Issue
                Type = "Runtime"
                Number = "1037"
            >Impossibile risolvere la proprietà predefinita dell'oggetto O.RagP.</Issue>
            <Issue
                Type = "Runtime"
                Number = "1037"
            >Impossibile risolvere la proprietà predefinita dell'oggetto O.AlfaCon.</Issue>
            <Issue
                Type = "Runtime"
                Number = "1037"
            >Impossibile risolvere la proprietà predefinita dell'oggetto O.Fitting.</Issue>
            <Issue
                Type = "Runtime"
                Number = "1037"
            >Impossibile risolvere la proprietà predefinita dell'oggetto O.DiamExt.</Issue>
            <Issue
                Type = "Runtime"
                Number = "1037"
            >Impossibile risolvere la proprietà predefinita dell'oggetto O.DiamInt.</Issue>
            <Issue
                Type = "Runtime"
                Number = "1037"
            >Impossibile risolvere la proprietà predefinita dell'oggetto O.g0.</Issue>
            <Issue
                Type = "Runtime"
                Number = "1037"
            >Impossibile risolvere la proprietà predefinita dell'oggetto O.g1.</Issue>
            <Issue
                Type = "Runtime"
                Number = "1037"
            >Impossibile risolvere la proprietà predefinita dell'oggetto O.SpessGra.</Issue>
            <Issue
                Type = "Runtime"
                Number = "1037"
            >Impossibile risolvere la proprietà predefinita dell'oggetto O.H.</Issue>
            <Issue
                Type = "Runtime"
                Number = "1037"
            >Impossibile risolvere la proprietà predefinita dell'oggetto Tubi.Genmem.Posizione.SuChi.Genmem.</Issue>
            <Issue
                Type = "Runtime"
                Number = "1037"
            >Impossibile risolvere la proprietà predefinita dell'oggetto PiastraT.Piastra.Rear.</Issue>
            <Issue
                Type = "Runtime"
                Number = "1037"
            >Impossibile risolvere la proprietà predefinita dell'oggetto PiastraT.Piastra.Flangiata.</Issue>
            <Issue
                Type = "Runtime"
                Number = "1037"
            >Impossibile risolvere la proprietà predefinita dell'oggetto PiastraT.Piastra.Gasketed.</Issue>
            <Issue
                Type = "Runtime"
                Number = "1037"
                PME = "Abs"
            >Impossibile risolvere la proprietà predefinita dell'oggetto O1.Genmem.</Issue>
            <Issue
                Type = "Runtime"
                Number = "1037"
            >Impossibile risolvere la proprietà predefinita dell'oggetto O.TipoF.</Issue>
            <Issue
                Type = "Runtime"
                Number = "1037"
            >Impossibile risolvere la proprietà predefinita dell'oggetto O.Pad.</Issue>
            <Issue
                Type = "Runtime"
                Number = "1037"
            >Impossibile risolvere la proprietà predefinita dell'oggetto O.tronchetto.</Issue>
            <Issue
                Type = "Runtime"
                Number = "1037"
            >Impossibile risolvere la proprietà predefinita dell'oggetto O1.Fitting.</Issue>
            <Issue
                Type = "Runtime"
                Number = "1041"
            >Return ha un nuovo comportamento.</Issue>
            <Issue
                Type = "Runtime"
                Number = "1037"
            >Impossibile risolvere la proprietà predefinita dell'oggetto objMemb().LOOSE.</Issue>
            <Issue
                Type = "Runtime"
                Number = "1037"
            >Impossibile risolvere la proprietà predefinita dell'oggetto objMemb().Mp.</Issue>
            <Issue
                Type = "Runtime"
                Number = "1037"
            >Impossibile risolvere la proprietà predefinita dell'oggetto objMemb().Piastra.</Issue>
            <Issue
                Type = "Runtime"
                Number = "1037"
            >Impossibile risolvere la proprietà predefinita dell'oggetto objMemb().TipoPT.</Issue>
            <Issue
                Type = "Runtime"
                Number = "1042"
            >È possibile che singoli elementi della matrice Record debbano essere inizializzati.</Issue>
        </Section>
        <Section Name = "ConvertiInvolucro" >
            <Issue
                Type = "Compile"
                Number = "1014"
            >L'istruzione GoSub non è supportata.</Issue>
            <Issue
                Type = "Runtime"
                Number = "1037"
            >Impossibile risolvere la proprietà predefinita dell'oggetto objMemb().Mp.</Issue>
            <Issue
                Type = "Runtime"
                Number = "1037"
            >Impossibile risolvere la proprietà predefinita dell'oggetto objMemb().XFil.</Issue>
            <Issue
                Type = "Runtime"
                Number = "1037"
            >Impossibile risolvere la proprietà predefinita dell'oggetto PiastraSU.DiamMed.</Issue>
            <Issue
                Type = "Runtime"
                Number = "1037"
            >Impossibile risolvere la proprietà predefinita dell'oggetto PiastraSU.Largh.</Issue>
            <Issue
                Type = "Runtime"
                Number = "1037"
            >Impossibile risolvere la proprietà predefinita dell'oggetto O.Genmem.</Issue>
            <Issue
                Type = "Runtime"
                Number = "1037"
            >Impossibile risolvere la proprietà predefinita dell'oggetto Piastra.Piastra.Rear.</Issue>
            <Issue
                Type = "Runtime"
                Number = "1037"
            >Impossibile risolvere la proprietà predefinita dell'oggetto Piastra.Piastra.Flangiata.</Issue>
            <Issue
                Type = "Runtime"
                Number = "1037"
            >Impossibile risolvere la proprietà predefinita dell'oggetto Piastra.Piastra.Gasketed.</Issue>
            <Issue
                Type = "Runtime"
                Number = "1041"
            >Return ha un nuovo comportamento.</Issue>
            <Issue
                Type = "Runtime"
                Number = "1037"
            >Impossibile risolvere la proprietà predefinita dell'oggetto O1.Genmem.</Issue>
            <Issue
                Type = "Runtime"
                Number = "1037"
            >Impossibile risolvere la proprietà predefinita dell'oggetto PiastraSU.Genmem.</Issue>
            <Issue
                Type = "Runtime"
                Number = "1037"
            >Impossibile risolvere la proprietà predefinita dell'oggetto SuChi.</Issue>
            <Issue
                Type = "Runtime"
                Number = "1037"
                PME = "Trim$"
            >Impossibile risolvere la proprietà predefinita dell'oggetto Candidati().Genmem.</Issue>
            <Issue
                Type = "Runtime"
                Number = "1037"
            >Impossibile risolvere la proprietà predefinita dell'oggetto NearFar(i).</Issue>
            <Issue
                Type = "Runtime"
                Number = "1037"
            >Impossibile risolvere la proprietà predefinita dell'oggetto NearFar().</Issue>
        </Section>
        <Section Name = "ConvertiNozzle" >
            <Issue
                Type = "Runtime"
                Number = "1037"
            >Impossibile risolvere la proprietà predefinita dell'oggetto O.Genmem.</Issue>
            <Issue
                Type = "Compile"
                Number = "1014"
            >L'istruzione GoSub non è supportata.</Issue>
            <Issue
                Type = "Runtime"
                Number = "1041"
            >Return ha un nuovo comportamento.</Issue>
        </Section>
        <Section Name = "SalvaCome" >
            <Issue
                Type = "Runtime"
                Number = "1037"
            >Impossibile risolvere la proprietà predefinita dell'oggetto job.Comm.Ind().File.</Issue>
            <Issue
                Type = "Runtime"
                Number = "1037"
            >Impossibile risolvere la proprietà predefinita dell'oggetto job.Comm.Ind().Assieme.</Issue>
        </Section>
        <Section Name = "GenFile" >
            <Issue
                Type = "Compile"
                Number = "1014"
            >L'istruzione GoSub non è supportata.</Issue>
            <Issue
                Type = "Runtime"
                Number = "1041"
            >Return ha un nuovo comportamento.</Issue>
        </Section>
    </File>
    <File
        OldPath = "E:\Programmi\MicroSoft Visual Studio\Fbm\AsmeVip\frmCon.frm"
        NewPath = "C:\Documenti\Visual Studio Projects\Lancio\AsmeVip.NET\frmCon.vb"
        FileType = "Form"
        Upgraded = "True"
    >
        <Section Name = "(Layout)" >
            <Issue
                Type = "Design"
                Number = "2067"
                ObjectName = "object"
                ObjectType = "MSComCtl2.UpDown"
            >Il controllo MSComCtl2.UpDown object non è stato aggiornato.</Issue>
        </Section>
        <Section Name = "cmbCil_Change" >
            <Issue
                Type = "Runtime"
                Number = "2075"
            >L'evento cmbCil.TextChanged può essere generato quando il form è inizializzato.</Issue>
            <Issue
                Type = "Runtime"
                Number = "2074"
            >ComboBox evento cmbCil.Change è stato aggiornato a cmbCil.TextChanged che presenta un nuovo comportamento.</Issue>
        </Section>
        <Section Name = "cmbCil_Click" >
            <Issue
                Type = "Runtime"
                Number = "2075"
            >L'evento cmbCil.SelectedIndexChanged può essere generato quando il form è inizializzato.</Issue>
        </Section>
        <Section Name = "cmdCil_Click" >
            <Issue
                Type = "Compile"
                Number = "1014"
            >L'istruzione GoSub non è supportata.</Issue>
            <Issue
                Type = "Runtime"
                Number = "1041"
            >Return ha un nuovo comportamento.</Issue>
        </Section>
        <Section Name = "TextCil_Change" >
            <Issue
                Type = "Runtime"
                Number = "2075"
            >L'evento TextCil.TextChanged può essere generato quando il form è inizializzato.</Issue>
        </Section>
    </File>
    <File
        OldPath = "E:\Programmi\MicroSoft Visual Studio\Fbm\AsmeVip\frmBel.frm"
        NewPath = "C:\Documenti\Visual Studio Projects\Lancio\AsmeVip.NET\frmBel.vb"
        FileType = "Form"
        Upgraded = "True"
    >
        <Section Name = "(Layout)" >
            <Issue
                Type = "Design"
                Number = "2067"
                ObjectName = "object"
                ObjectType = "MSComCtl2.UpDown"
            >Il controllo MSComCtl2.UpDown object non è stato aggiornato.</Issue>
        </Section>
        <Section Name = "cmbCil_Change" >
            <Issue
                Type = "Runtime"
                Number = "2075"
            >L'evento cmbCil.TextChanged può essere generato quando il form è inizializzato.</Issue>
            <Issue
                Type = "Runtime"
                Number = "2074"
            >ComboBox evento cmbCil.Change è stato aggiornato a cmbCil.TextChanged che presenta un nuovo comportamento.</Issue>
        </Section>
        <Section Name = "cmbCil_Click" >
            <Issue
                Type = "Runtime"
                Number = "2075"
            >L'evento cmbCil.SelectedIndexChanged può essere generato quando il form è inizializzato.</Issue>
        </Section>
        <Section Name = "cmdCil_Click" >
            <Issue
                Type = "Compile"
                Number = "1014"
            >L'istruzione GoSub non è supportata.</Issue>
            <Issue
                Type = "Runtime"
                Number = "1041"
            >Return ha un nuovo comportamento.</Issue>
        </Section>
        <Section Name = "Command1_Click" >
            <Issue
                Type = "Runtime"
                Number = "1037"
            >Impossibile risolvere la proprietà predefinita dell'oggetto Cancel.</Issue>
        </Section>
        <Section Name = "Command2_Click" >
            <Issue
                Type = "Runtime"
                Number = "1037"
            >Impossibile risolvere la proprietà predefinita dell'oggetto Cancel.</Issue>
        </Section>
        <Section Name = "TextCil_Change" >
            <Issue
                Type = "Runtime"
                Number = "2075"
            >L'evento TextCil.TextChanged può essere generato quando il form è inizializzato.</Issue>
        </Section>
    </File>
    <File
        OldPath = "E:\Programmi\MicroSoft Visual Studio\Fbm\AsmeVip\frmRat.frm"
        NewPath = "C:\Documenti\Visual Studio Projects\Lancio\AsmeVip.NET\frmRat.vb"
        FileType = "Form"
        Upgraded = "True"
    >
        <Section Name = "cmbCil_Click" >
            <Issue
                Type = "Runtime"
                Number = "2075"
            >L'evento cmbCil.SelectedIndexChanged può essere generato quando il form è inizializzato.</Issue>
        </Section>
        <Section Name = "Form_Activate" >
            <Issue
                Type = "Runtime"
                Number = "2065"
                ObjectName = "frmRat"
                ObjectType = "Form"
                PME = "Activate"
            >Form evento frmRat.Activate presenta un nuovo comportamento.</Issue>
        </Section>
        <Section Name = "TextCil_Change" >
            <Issue
                Type = "Runtime"
                Number = "2075"
            >L'evento TextCil.TextChanged può essere generato quando il form è inizializzato.</Issue>
        </Section>
    </File>
    <File
        OldPath = "E:\Programmi\MicroSoft Visual Studio\Fbm\AsmeVip\frmDil.frm"
        NewPath = "C:\Documenti\Visual Studio Projects\Lancio\AsmeVip.NET\frmDil.vb"
        FileType = "Form"
        Upgraded = "True"
    >
        <Section Name = "(Layout)" >
            <Issue
                Type = "Design"
                Number = "2067"
                ObjectName = "object"
                ObjectType = "MSComCtl2.UpDown"
            >Il controllo MSComCtl2.UpDown object non è stato aggiornato.</Issue>
        </Section>
        <Section Name = "Check1_Click" >
            <Issue
                Type = "Runtime"
                Number = "1037"
            >Impossibile risolvere la proprietà predefinita dell'oggetto objMemb().Piastra.</Issue>
            <Issue
                Type = "Runtime"
                Number = "1037"
            >Impossibile risolvere la proprietà predefinita dell'oggetto O.Documented.</Issue>
            <Issue
                Type = "Runtime"
                Number = "2075"
            >L'evento Check1.CheckStateChanged può essere generato quando il form è inizializzato.</Issue>
        </Section>
        <Section Name = "cmbCil_Change" >
            <Issue
                Type = "Runtime"
                Number = "2075"
            >L'evento cmbCil.TextChanged può essere generato quando il form è inizializzato.</Issue>
            <Issue
                Type = "Runtime"
                Number = "2074"
            >ComboBox evento cmbCil.Change è stato aggiornato a cmbCil.TextChanged che presenta un nuovo comportamento.</Issue>
        </Section>
        <Section Name = "cmbCil_Click" >
            <Issue
                Type = "Runtime"
                Number = "1037"
            >Impossibile risolvere la proprietà predefinita dell'oggetto objMemb().Piastra.</Issue>
            <Issue
                Type = "Runtime"
                Number = "1037"
            >Impossibile risolvere la proprietà predefinita dell'oggetto O.Ricotto.</Issue>
            <Issue
                Type = "Runtime"
                Number = "2075"
            >L'evento cmbCil.SelectedIndexChanged può essere generato quando il form è inizializzato.</Issue>
        </Section>
        <Section Name = "cmdCil_Click" >
            <Issue
                Type = "Compile"
                Number = "1014"
            >L'istruzione GoSub non è supportata.</Issue>
            <Issue
                Type = "Runtime"
                Number = "1037"
            >Impossibile risolvere la proprietà predefinita dell'oggetto objMemb().Piastra.</Issue>
            <Issue
                Type = "Runtime"
                Number = "1041"
            >Return ha un nuovo comportamento.</Issue>
        </Section>
        <Section Name = "Form_Activate" >
            <Issue
                Type = "Runtime"
                Number = "2065"
                ObjectName = "frmDil"
                ObjectType = "Form"
                PME = "Activate"
            >Form evento frmDil.Activate presenta un nuovo comportamento.</Issue>
        </Section>
        <Section Name = "Form_Load" >
            <Issue
                Type = "Runtime"
                Number = "1037"
            >Impossibile risolvere la proprietà predefinita dell'oggetto objMemb().Piastra.</Issue>
            <Issue
                Type = "Runtime"
                Number = "1037"
            >Impossibile risolvere la proprietà predefinita dell'oggetto O.Documented.</Issue>
            <Issue
                Type = "Runtime"
                Number = "1037"
            >Impossibile risolvere la proprietà predefinita dell'oggetto O.IndiceDilat.</Issue>
        </Section>
        <Section Name = "TextCil_Change" >
            <Issue
                Type = "Runtime"
                Number = "1037"
            >Impossibile risolvere la proprietà predefinita dell'oggetto objMemb().Piastra.</Issue>
            <Issue
                Type = "Runtime"
                Number = "2075"
            >L'evento TextCil.TextChanged può essere generato quando il form è inizializzato.</Issue>
        </Section>
        <Section Name = "AggDati" >
            <Issue
                Type = "Runtime"
                Number = "1037"
            >Impossibile risolvere la proprietà predefinita dell'oggetto objMemb().Piastra.</Issue>
            <Issue
                Type = "Runtime"
                Number = "1037"
            >Impossibile risolvere la proprietà predefinita dell'oggetto O.Ricotto.</Issue>
        </Section>
    </File>
    <File
        OldPath = "E:\Programmi\MicroSoft Visual Studio\Fbm\AsmeVip\frmConDoub.frm"
        NewPath = "C:\Documenti\Visual Studio Projects\Lancio\AsmeVip.NET\frmConDoub.vb"
        FileType = "Form"
        Upgraded = "True"
    >
        <Section Name = "(Layout)" >
            <Issue
                Type = "Design"
                Number = "2045"
                ObjectName = "LabelCil_0"
                ObjectType = "Label"
                PME = "Font"
            >Nei Windows Form sono supportati solo tipi di carattere TrueType e OpenType.</Issue>
            <Issue
                Type = "Design"
                Number = "2045"
                ObjectName = "LabelCil_1"
                ObjectType = "Label"
                PME = "Font"
            >Nei Windows Form sono supportati solo tipi di carattere TrueType e OpenType.</Issue>
        </Section>
        <Section Name = "cmbCil_Click" >
            <Issue
                Type = "Runtime"
                Number = "2075"
            >L'evento cmbCil.SelectedIndexChanged può essere generato quando il form è inizializzato.</Issue>
        </Section>
    </File>
    <File
        OldPath = "E:\Programmi\MicroSoft Visual Studio\Fbm\AsmeVip\wn_flan.cls"
        NewPath = "C:\Documenti\Visual Studio Projects\Lancio\AsmeVip.NET\wn_flan.vb"
        FileType = "Class Module"
        Upgraded = "True"
    >
        <Section Name = "FattTUYZ" >
            <Issue
                Type = "Runtime"
                Number = "1037"
            >Impossibile risolvere la proprietà predefinita dell'oggetto t.</Issue>
            <Issue
                Type = "Runtime"
                Number = "1037"
            >Impossibile risolvere la proprietà predefinita dell'oggetto k.</Issue>
            <Issue
                Type = "Runtime"
                Number = "1037"
            >Impossibile risolvere la proprietà predefinita dell'oggetto u.</Issue>
            <Issue
                Type = "Runtime"
                Number = "1037"
            >Impossibile risolvere la proprietà predefinita dell'oggetto y.</Issue>
            <Issue
                Type = "Runtime"
                Number = "1037"
            >Impossibile risolvere la proprietà predefinita dell'oggetto Z.</Issue>
        </Section>
        <Section Name = "ProgCod" >
            <Issue
                Type = "Runtime"
                Number = "1037"
            >Impossibile risolvere la proprietà predefinita dell'oggetto IndH.</Issue>
        </Section>
        <Section Name = "CarPress" >
            <Issue
                Type = "Compile"
                Number = "1014"
            >L'istruzione GoSub non è supportata.</Issue>
            <Issue
                Type = "Runtime"
                Number = "1037"
            >Impossibile risolvere la proprietà predefinita dell'oggetto clsInizio.ConvertiCr().</Issue>
            <Issue
                Type = "Runtime"
                Number = "1041"
            >Return ha un nuovo comportamento.</Issue>
        </Section>
        <Section Name = "DefR" >
            <Issue
                Type = "Runtime"
                Number = "1037"
            >Impossibile risolvere la proprietà predefinita dell'oggetto DiamInt.</Issue>
            <Issue
                Type = "Runtime"
                Number = "1037"
            >Impossibile risolvere la proprietà predefinita dell'oggetto CentroFori.</Issue>
            <Issue
                Type = "Runtime"
                Number = "1037"
            >Impossibile risolvere la proprietà predefinita dell'oggetto Guno.</Issue>
            <Issue
                Type = "Runtime"
                Number = "1037"
            >Impossibile risolvere la proprietà predefinita dell'oggetto DiamGuar.</Issue>
            <Issue
                Type = "Runtime"
                Number = "1037"
            >Impossibile risolvere la proprietà predefinita dell'oggetto Nguar.</Issue>
            <Issue
                Type = "Runtime"
                Number = "1037"
            >Impossibile risolvere la proprietà predefinita dell'oggetto DiaFori.</Issue>
        </Section>
        <Section Name = "ScelTir" >
            <Issue
                Type = "Runtime"
                Number = "1037"
            >Impossibile risolvere la proprietà predefinita dell'oggetto DTir.</Issue>
            <Issue
                Type = "Runtime"
                Number = "1037"
            >Impossibile risolvere la proprietà predefinita dell'oggetto NTir.</Issue>
        </Section>
        <Section Name = "Tipcalc" >
            <Issue
                Type = "Runtime"
                Number = "1037"
            >Impossibile risolvere la proprietà predefinita dell'oggetto TipCalc.</Issue>
            <Issue
                Type = "Runtime"
                Number = "1037"
            >Impossibile risolvere la proprietà predefinita dell'oggetto vNewValue.</Issue>
        </Section>
        <Section Name = "Fullbolt" >
            <Issue
                Type = "Runtime"
                Number = "1037"
            >Impossibile risolvere la proprietà predefinita dell'oggetto FullBolt.</Issue>
            <Issue
                Type = "Runtime"
                Number = "1037"
            >Impossibile risolvere la proprietà predefinita dell'oggetto vNewValue.</Issue>
        </Section>
        <Section Name = "Latoprogetto" >
            <Issue
                Type = "Runtime"
                Number = "1037"
            >Impossibile risolvere la proprietà predefinita dell'oggetto LatoProgetto.</Issue>
            <Issue
                Type = "Runtime"
                Number = "1037"
            >Impossibile risolvere la proprietà predefinita dell'oggetto vNewValue.</Issue>
        </Section>
        <Section Name = "Mp" >
            <Issue
                Type = "Runtime"
                Number = "1037"
            >Impossibile risolvere la proprietà predefinita dell'oggetto objMemb(Involucr(3, ii).IndObject).Piastra.</Issue>
            <Issue
                Type = "Runtime"
                Number = "1037"
            >Impossibile risolvere la proprietà predefinita dell'oggetto objMemb(Involucr(3, ii).IndObject).TipoPT.</Issue>
            <Issue
                Type = "Runtime"
                Number = "1037"
            >Impossibile risolvere la proprietà predefinita dell'oggetto objMemb().Piastra.</Issue>
        </Section>
        <Section Name = "Vari" >
            <Issue
                Type = "Compile"
                Number = "1014"
            >L'istruzione GoSub non è supportata.</Issue>
            <Issue
                Type = "Runtime"
                Number = "1041"
            >Return ha un nuovo comportamento.</Issue>
        </Section>
        <Section Name = "Salva" >
            <Issue
                Type = "Runtime"
                Number = "1041"
            >Put è stato aggiornato a FilePut e ha un nuovo comportamento.</Issue>
            <Issue
                Type = "Runtime"
                Number = "1041"
            >Get è stato aggiornato a FileGet e ha un nuovo comportamento.</Issue>
        </Section>
        <Section Name = "Leggi" >
            <Issue
                Type = "Runtime"
                Number = "1041"
            >Get è stato aggiornato a FileGet e ha un nuovo comportamento.</Issue>
            <Issue
                Type = "Compile"
                Number = "1014"
            >L'istruzione GoSub non è supportata.</Issue>
            <Issue
                Type = "Runtime"
                Number = "1041"
            >Put è stato aggiornato a FilePut e ha un nuovo comportamento.</Issue>
            <Issue
                Type = "Runtime"
                Number = "1041"
            >Return ha un nuovo comportamento.</Issue>
        </Section>
        <Section Name = "Calcola" >
            <Issue
                Type = "Compile"
                Number = "1014"
            >L'istruzione GoSub non è supportata.</Issue>
            <Issue
                Type = "Runtime"
                Number = "1041"
            >Return ha un nuovo comportamento.</Issue>
        </Section>
        <Section Name = "MAWP" >
            <Issue
                Type = "Compile"
                Number = "1014"
            >L'istruzione GoSub non è supportata.</Issue>
            <Issue
                Type = "Runtime"
                Number = "1041"
            >Return ha un nuovo comportamento.</Issue>
        </Section>
        <Section Name = "Carichi" >
            <Issue
                Type = "Compile"
                Number = "1014"
            >L'istruzione GoSub non è supportata.</Issue>
            <Issue
                Type = "Runtime"
                Number = "1041"
            >Return ha un nuovo comportamento.</Issue>
        </Section>
        <Section Name = "MinTempF" >
            <Issue
                Type = "Runtime"
                Number = "1033"
            >Il limite inferiore della matrice Temper è stato cambiato da 1 a 0.</Issue>
            <Issue
                Type = "Runtime"
                Number = "1037"
            >Impossibile risolvere la proprietà predefinita dell'oggetto Matdim().Caract().MWDTrule.</Issue>
            <Issue
                Type = "Runtime"
                Number = "1037"
            >Impossibile risolvere la proprietà predefinita dell'oggetto Matdim().Caract().MWDTclause.</Issue>
            <Issue
                Type = "Runtime"
                Number = "1037"
            >Impossibile risolvere la proprietà predefinita dell'oggetto Matdim().Caract().MWDTtemp.</Issue>
            <Issue
                Type = "Runtime"
                Number = "1037"
            >Impossibile risolvere la proprietà predefinita dell'oggetto Matdim().Caract().Yield.</Issue>
            <Issue
                Type = "Runtime"
                Number = "1037"
            >Impossibile risolvere la proprietà predefinita dell'oggetto Matdim().Caract().PNumber.</Issue>
            <Issue
                Type = "Runtime"
                Number = "1037"
                PME = "Val"
            >Impossibile risolvere la proprietà predefinita dell'oggetto Matdim().Caract().Group.</Issue>
            <Issue
                Type = "Runtime"
                Number = "1037"
            >Impossibile risolvere la proprietà predefinita dell'oggetto Matdim(iMat).Caract(i).codice.</Issue>
            <Issue
                Type = "Runtime"
                Number = "1037"
            >Impossibile risolvere la proprietà predefinita dell'oggetto NotApplicable(MWDTrule, StriSt()).</Issue>
        </Section>
        <Section Name = "wncobu" >
            <Issue
                Type = "Runtime"
                Number = "1037"
            >Impossibile risolvere la proprietà predefinita dell'oggetto Monitor.Motore.inizio.ConvertiCr().</Issue>
        </Section>
        <Section Name = "Caract" >
            <Issue
                Type = "Runtime"
                Number = "1041"
            >Get è stato aggiornato a FileGet e ha un nuovo comportamento.</Issue>
            <Issue
                Type = "Runtime"
                Number = "1037"
            >Impossibile risolvere la proprietà predefinita dell'oggetto Record(5 + n).</Issue>
        </Section>
        <Section Name = "Conteggio" >
            <Issue
                Type = "Runtime"
                Number = "1041"
            >Get è stato aggiornato a FileGet e ha un nuovo comportamento.</Issue>
            <Issue
                Type = "Compile"
                Number = "1014"
            >L'istruzione GoSub non è supportata.</Issue>
            <Issue
                Type = "Runtime"
                Number = "1033"
            >Il limite inferiore della matrice Dispon è stato cambiato da 0,0,1 a 0,0,0.</Issue>
            <Issue
                Type = "Runtime"
                Number = "1037"
                PME = "Sqr"
            >Impossibile risolvere la proprietà predefinita dell'oggetto Inters.Punti().x.</Issue>
            <Issue
                Type = "Runtime"
                Number = "1037"
            >Impossibile risolvere la proprietà predefinita dell'oggetto Inters.Punti(1).y.</Issue>
            <Issue
                Type = "Runtime"
                Number = "1037"
            >Impossibile risolvere la proprietà predefinita dell'oggetto Inters.Punti(2).y.</Issue>
            <Issue
                Type = "Runtime"
                Number = "1041"
            >Return ha un nuovo comportamento.</Issue>
        </Section>
        <Section Name = "Ammiss" >
            <Issue
                Type = "Compile"
                Number = "1014"
            >L'istruzione GoSub non è supportata.</Issue>
            <Issue
                Type = "Runtime"
                Number = "1037"
            >Impossibile risolvere la proprietà predefinita dell'oggetto Matdim().Caract().Yield.</Issue>
            <Issue
                Type = "Runtime"
                Number = "1037"
            >Impossibile risolvere la proprietà predefinita dell'oggetto Matdim(jRec).Caract(i).codice.</Issue>
            <Issue
                Type = "Runtime"
                Number = "1041"
            >Return ha un nuovo comportamento.</Issue>
        </Section>
        <Section Name = "Sub11" >
            <Issue
                Type = "Compile"
                Number = "1051"
            >Tipo di dichiarazione non supportato: Matrici di stringhe di lunghezza fissa.</Issue>
            <Issue
                Type = "Runtime"
                Number = "1037"
            >Impossibile risolvere la proprietà predefinita dell'oggetto Matdim().Caract().MWDTrule.</Issue>
            <Issue
                Type = "Runtime"
                Number = "1037"
            >Impossibile risolvere la proprietà predefinita dell'oggetto Matdim(Involucr(kLato, jInvolucr).indice(1)).Caract(i).MWDTclause.</Issue>
            <Issue
                Type = "Runtime"
                Number = "1037"
            >Impossibile risolvere la proprietà predefinita dell'oggetto Matdim(Involucr(kLato, jInvolucr).indice(1)).Caract(i).codice.</Issue>
        </Section>
        <Section Name = "RilBull1" >
            <Issue
                Type = "Runtime"
                Number = "1037"
            >Impossibile risolvere la proprietà predefinita dell'oggetto AccoppiataPT.FlDati().</Issue>
            <Issue
                Type = "Runtime"
                Number = "1037"
            >Impossibile risolvere la proprietà predefinita dell'oggetto AccoppiataPT.FlDati(18).</Issue>
        </Section>
        <Section Name = "CalcolaProgetto" >
            <Issue
                Type = "Compile"
                Number = "1014"
            >L'istruzione GoSub non è supportata.</Issue>
            <Issue
                Type = "Runtime"
                Number = "1041"
            >Return ha un nuovo comportamento.</Issue>
        </Section>
        <Section Name = "AzzeraImposti" >
            <Issue
                Type = "Runtime"
                Number = "1037"
            >Impossibile risolvere la proprietà predefinita dell'oggetto AccoppiatoPT.FlShelDati().</Issue>
            <Issue
                Type = "Runtime"
                Number = "1037"
            >Impossibile risolvere la proprietà predefinita dell'oggetto AccoppiatoPT.FlChanDati().</Issue>
        </Section>
    </File>
    <File
        OldPath = "E:\Programmi\MicroSoft Visual Studio\Fbm\AsmeVip\frmTub.frm"
        NewPath = "C:\Documenti\Visual Studio Projects\Lancio\AsmeVip.NET\frmTub.vb"
        FileType = "Form"
        Upgraded = "True"
    >
        <Section Name = "(Layout)" >
            <Issue
                Type = "Design"
                Number = "2045"
                ObjectName = "Label2"
                ObjectType = "Label"
                PME = "Font"
            >Nei Windows Form sono supportati solo tipi di carattere TrueType e OpenType.</Issue>
            <Issue
                Type = "Design"
                Number = "2045"
                ObjectName = "Label1"
                ObjectType = "Label"
                PME = "Font"
            >Nei Windows Form sono supportati solo tipi di carattere TrueType e OpenType.</Issue>
            <Issue
                Type = "Design"
                Number = "2064"
                ObjectName = "frmTub"
                ObjectType = "Form"
                PME = "WhatsThisHelp"
            >Form proprietà frmTub.WhatsThisHelp non è stato aggiornato.</Issue>
            <Issue
                Type = "Design"
                Number = "2064"
                ObjectName = "_TextCil_19"
                ObjectType = "TextBox"
                PME = "HelpContextID"
            >TextBox proprietà _TextCil_19.HelpContextID non è stato aggiornato.</Issue>
            <Issue
                Type = "Design"
                Number = "2064"
                ObjectName = "_TextCil_18"
                ObjectType = "TextBox"
                PME = "HelpContextID"
            >TextBox proprietà _TextCil_18.HelpContextID non è stato aggiornato.</Issue>
            <Issue
                Type = "Design"
                Number = "2064"
                ObjectName = "cmdCalcol"
                ObjectType = "CommandButton"
                PME = "HelpContextID"
            >CommandButton proprietà cmdCalcol.HelpContextID non è stato aggiornato.</Issue>
            <Issue
                Type = "Design"
                Number = "2064"
                ObjectName = "_TextCil_15"
                ObjectType = "TextBox"
                PME = "HelpContextID"
            >TextBox proprietà _TextCil_15.HelpContextID non è stato aggiornato.</Issue>
            <Issue
                Type = "Design"
                Number = "2064"
                ObjectName = "_cmbCil_4"
                ObjectType = "ComboBox"
                PME = "HelpContextID"
            >ComboBox proprietà _cmbCil_4.HelpContextID non è stato aggiornato.</Issue>
            <Issue
                Type = "Design"
                Number = "2064"
                ObjectName = "_cmbCil_3"
                ObjectType = "ComboBox"
                PME = "HelpContextID"
            >ComboBox proprietà _cmbCil_3.HelpContextID non è stato aggiornato.</Issue>
            <Issue
                Type = "Design"
                Number = "2064"
                ObjectName = "_LabelCil_24"
                ObjectType = "Label"
                PME = "WhatsThisHelpID"
            >Label proprietà _LabelCil_24.WhatsThisHelpID non è stato aggiornato.</Issue>
            <Issue
                Type = "Design"
                Number = "2064"
                ObjectName = "_LabelCil_23"
                ObjectType = "Label"
                PME = "WhatsThisHelpID"
            >Label proprietà _LabelCil_23.WhatsThisHelpID non è stato aggiornato.</Issue>
            <Issue
                Type = "Design"
                Number = "2064"
                ObjectName = "_LabelCil_20"
                ObjectType = "Label"
                PME = "WhatsThisHelpID"
            >Label proprietà _LabelCil_20.WhatsThisHelpID non è stato aggiornato.</Issue>
            <Issue
                Type = "Design"
                Number = "2064"
                ObjectName = "_LabelCil_19"
                ObjectType = "Label"
                PME = "WhatsThisHelpID"
            >Label proprietà _LabelCil_19.WhatsThisHelpID non è stato aggiornato.</Issue>
            <Issue
                Type = "Design"
                Number = "2064"
                ObjectName = "_LabelCil_18"
                ObjectType = "Label"
                PME = "WhatsThisHelpID"
            >Label proprietà _LabelCil_18.WhatsThisHelpID non è stato aggiornato.</Issue>
            <Issue
                Type = "Design"
                Number = "2064"
                ObjectName = "Picture1"
                ObjectType = "PictureBox"
                PME = "HelpContextID"
            >PictureBox proprietà Picture1.HelpContextID non è stato aggiornato.</Issue>
            <Issue
                Type = "Design"
                Number = "2064"
                ObjectName = "Frames"
                ObjectType = "Frame"
                PME = "HelpContextID"
            >Frame proprietà Frames.HelpContextID non è stato aggiornato.</Issue>
            <Issue
                Type = "Design"
                Number = "2064"
                ObjectName = "chkD1D2"
                ObjectType = "CheckBox"
                PME = "HelpContextID"
            >CheckBox proprietà chkD1D2.HelpContextID non è stato aggiornato.</Issue>
            <Issue
                Type = "Design"
                Number = "2064"
                ObjectName = "_TextCil_14"
                ObjectType = "TextBox"
                PME = "HelpContextID"
            >TextBox proprietà _TextCil_14.HelpContextID non è stato aggiornato.</Issue>
            <Issue
                Type = "Design"
                Number = "2064"
                ObjectName = "_cmdCil_7"
                ObjectType = "CommandButton"
                PME = "HelpContextID"
            >CommandButton proprietà _cmdCil_7.HelpContextID non è stato aggiornato.</Issue>
            <Issue
                Type = "Design"
                Number = "2064"
                ObjectName = "_cmdCil_3"
                ObjectType = "CommandButton"
                PME = "HelpContextID"
            >CommandButton proprietà _cmdCil_3.HelpContextID non è stato aggiornato.</Issue>
            <Issue
                Type = "Design"
                Number = "2064"
                ObjectName = "_TextCil_3"
                ObjectType = "TextBox"
                PME = "HelpContextID"
            >TextBox proprietà _TextCil_3.HelpContextID non è stato aggiornato.</Issue>
            <Issue
                Type = "Design"
                Number = "2064"
                ObjectName = "_cmbCil_1"
                ObjectType = "ComboBox"
                PME = "HelpContextID"
            >ComboBox proprietà _cmbCil_1.HelpContextID non è stato aggiornato.</Issue>
            <Issue
                Type = "Design"
                Number = "2064"
                ObjectName = "_TextCil_4"
                ObjectType = "TextBox"
                PME = "HelpContextID"
            >TextBox proprietà _TextCil_4.HelpContextID non è stato aggiornato.</Issue>
            <Issue
                Type = "Design"
                Number = "2064"
                ObjectName = "_TextCil_5"
                ObjectType = "TextBox"
                PME = "HelpContextID"
            >TextBox proprietà _TextCil_5.HelpContextID non è stato aggiornato.</Issue>
            <Issue
                Type = "Design"
                Number = "2067"
                ObjectName = "object"
                ObjectType = "MSComCtl2.UpDown"
            >Il controllo MSComCtl2.UpDown object non è stato aggiornato.</Issue>
            <Issue
                Type = "Design"
                Number = "2064"
                ObjectName = "_LabelCil_17"
                ObjectType = "Label"
                PME = "WhatsThisHelpID"
            >Label proprietà _LabelCil_17.WhatsThisHelpID non è stato aggiornato.</Issue>
            <Issue
                Type = "Design"
                Number = "2064"
                ObjectName = "_LabelCil_15"
                ObjectType = "Label"
                PME = "WhatsThisHelpID"
            >Label proprietà _LabelCil_15.WhatsThisHelpID non è stato aggiornato.</Issue>
            <Issue
                Type = "Design"
                Number = "2064"
                ObjectName = "_LabelCil_6"
                ObjectType = "Label"
                PME = "WhatsThisHelpID"
            >Label proprietà _LabelCil_6.WhatsThisHelpID non è stato aggiornato.</Issue>
            <Issue
                Type = "Design"
                Number = "2064"
                ObjectName = "_LabelCil_7"
                ObjectType = "Label"
                PME = "WhatsThisHelpID"
            >Label proprietà _LabelCil_7.WhatsThisHelpID non è stato aggiornato.</Issue>
        </Section>
        <Section Name = "(Dichiarazioni)" >
            <Issue
                Type = "Runtime"
                Number = "1033"
            >Il limite inferiore della matrice Figlio è stato cambiato da 1 a 0.</Issue>
        </Section>
        <Section Name = "chkD1D2_Click" >
            <Issue
                Type = "Runtime"
                Number = "2075"
            >L'evento chkD1D2.CheckStateChanged può essere generato quando il form è inizializzato.</Issue>
        </Section>
        <Section Name = "cmbCil_Change" >
            <Issue
                Type = "Runtime"
                Number = "2075"
            >L'evento cmbCil.TextChanged può essere generato quando il form è inizializzato.</Issue>
            <Issue
                Type = "Runtime"
                Number = "2074"
            >ComboBox evento cmbCil.Change è stato aggiornato a cmbCil.TextChanged che presenta un nuovo comportamento.</Issue>
        </Section>
        <Section Name = "cmbCil_Click" >
            <Issue
                Type = "Runtime"
                Number = "1037"
            >Impossibile risolvere la proprietà predefinita dell'oggetto objMemb().Calcolato.</Issue>
            <Issue
                Type = "Runtime"
                Number = "2075"
            >L'evento cmbCil.SelectedIndexChanged può essere generato quando il form è inizializzato.</Issue>
        </Section>
        <Section Name = "cmdAxial_Click" >
            <Issue
                Type = "Runtime"
                Number = "1037"
            >Impossibile risolvere la proprietà predefinita dell'oggetto Monitor.Motore.inizio.ConvertiCr().</Issue>
        </Section>
        <Section Name = "cmdCalcol_Click" >
            <Issue
                Type = "Runtime"
                Number = "1037"
            >Impossibile risolvere la proprietà predefinita dell'oggetto objMemb().Calcola.</Issue>
        </Section>
        <Section Name = "cmdCil_Click" >
            <Issue
                Type = "Compile"
                Number = "1014"
            >L'istruzione GoSub non è supportata.</Issue>
            <Issue
                Type = "Runtime"
                Number = "1041"
            >Return ha un nuovo comportamento.</Issue>
        </Section>
        <Section Name = "Form_Activate" >
            <Issue
                Type = "Runtime"
                Number = "2065"
                ObjectName = "frmTub"
                ObjectType = "Form"
                PME = "Activate"
            >Form evento frmTub.Activate presenta un nuovo comportamento.</Issue>
        </Section>
        <Section Name = "Form_Load" >
            <Issue
                Type = "Runtime"
                Number = "1041"
                PME = "Dir"
            >Dir ha un nuovo comportamento.</Issue>
        </Section>
        <Section Name = "Form_QueryUnload" >
            <Issue
                Type = "Runtime"
                Number = "1037"
            >Impossibile risolvere la proprietà predefinita dell'oggetto objMemb(Involucr(3, iPT).IndObject).TipoGiunto.</Issue>
            <Issue
                Type = "Runtime"
                Number = "2065"
                ObjectName = "frmTub"
                ObjectType = "Form"
                PME = "QueryUnload"
            >Form evento frmTub.QueryUnload presenta un nuovo comportamento.</Issue>
        </Section>
        <Section Name = "Form_Unload" >
            <Issue
                Type = "Runtime"
                Number = "2065"
                ObjectName = "frmTub"
                ObjectType = "Form"
                PME = "Unload"
            >Form evento frmTub.Unload presenta un nuovo comportamento.</Issue>
        </Section>
        <Section Name = "TextCil_Change" >
            <Issue
                Type = "Runtime"
                Number = "1037"
            >Impossibile risolvere la proprietà predefinita dell'oggetto Involucr(4, i).</Issue>
            <Issue
                Type = "Runtime"
                Number = "1037"
            >Impossibile risolvere la proprietà predefinita dell'oggetto objMemb().Calcolato.</Issue>
            <Issue
                Type = "Runtime"
                Number = "2075"
            >L'evento TextCil.TextChanged può essere generato quando il form è inizializzato.</Issue>
        </Section>
        <Section Name = "AggDatiTub" >
            <Issue
                Type = "Compile"
                Number = "1014"
            >L'istruzione GoSub non è supportata.</Issue>
            <Issue
                Type = "Runtime"
                Number = "1037"
            >Impossibile risolvere la proprietà predefinita dell'oggetto objMemb().TipoGiunto.</Issue>
            <Issue
                Type = "Runtime"
                Number = "1041"
            >Return ha un nuovo comportamento.</Issue>
        </Section>
        <Section Name = "AllowPiastra" >
            <Issue
                Type = "Runtime"
                Number = "1037"
            >Impossibile risolvere la proprietà predefinita dell'oggetto AllowPiastra.</Issue>
        </Section>
        <Section Name = "AggUW20" >
            <Issue
                Type = "Runtime"
                Number = "1037"
            >Impossibile risolvere la proprietà predefinita dell'oggetto AllowPiastra.</Issue>
        </Section>
    </File>
    <File
        OldPath = "E:\Programmi\MicroSoft Visual Studio\Fbm\AsmeVip\wn_FTC.cls"
        NewPath = "C:\Documenti\Visual Studio Projects\Lancio\AsmeVip.NET\wn_FTC.vb"
        FileType = "Class Module"
        Upgraded = "True"
    >
        <Section Name = "(Dichiarazioni)" >
            <Issue
                Type = "ToDo"
                Number = "1026"
            >&amp;quot;Initialize&amp;quot; deve essere chiamato per inizializzare istanze di questa struttura.</Issue>
            <Issue
                Type = "Runtime"
                Number = "1033"
            >Il limite inferiore della matrice MinOpt è stato cambiato da 1 a 0.</Issue>
            <Issue
                Type = "Runtime"
                Number = "1033"
            >Il limite inferiore della matrice MinOptExt è stato cambiato da 1 a 0.</Issue>
            <Issue
                Type = "Runtime"
                Number = "1033"
            >Il limite inferiore della matrice ptGrvChan è stato cambiato da 1 a 0.</Issue>
            <Issue
                Type = "Runtime"
                Number = "1033"
            >Il limite inferiore della matrice ptGrvShel è stato cambiato da 1 a 0.</Issue>
            <Issue
                Type = "Runtime"
                Number = "1063"
            >È possibile che si debba inizializzare le matrici nella struttura pt_Config prima di poterle utilizzare.</Issue>
            <Issue
                Type = "Compile"
                Number = "1051"
            >Tipo di dichiarazione non supportato: Matrici di stringhe di lunghezza fissa.</Issue>
        </Section>
        <Section Name = "Initialize" >
            <Issue
                Type = "Runtime"
                Number = "1033"
            >Il limite inferiore della matrice Gasketed è stato cambiato da 1 a 0.</Issue>
            <Issue
                Type = "Runtime"
                Number = "1033"
            >Il limite inferiore della matrice Flangiata è stato cambiato da 1 a 0.</Issue>
            <Issue
                Type = "Runtime"
                Number = "1033"
            >Il limite inferiore della matrice Pad è stato cambiato da 1 a 0.</Issue>
        </Section>
        <Section Name = "Leggi" >
            <Issue
                Type = "Runtime"
                Number = "1041"
            >Get è stato aggiornato a FileGet e ha un nuovo comportamento.</Issue>
            <Issue
                Type = "Compile"
                Number = "1014"
            >L'istruzione GoSub non è supportata.</Issue>
            <Issue
                Type = "Runtime"
                Number = "1041"
            >Return ha un nuovo comportamento.</Issue>
        </Section>
        <Section Name = "Salva" >
            <Issue
                Type = "Runtime"
                Number = "1041"
            >Put è stato aggiornato a FilePut e ha un nuovo comportamento.</Issue>
        </Section>
        <Section Name = "Class_Initialize" >
            <Issue
                Type = "Runtime"
                Number = "1037"
            >Impossibile risolvere la proprietà predefinita dell'oggetto objMemb().Indprobl1.</Issue>
            <Issue
                Type = "Runtime"
                Number = "1037"
            >Impossibile risolvere la proprietà predefinita dell'oggetto objMemb().IndProbl2.</Issue>
        </Section>
        <Section Name = "Flchandati" >
            <Issue
                Type = "Runtime"
                Number = "1037"
            >Impossibile risolvere la proprietà predefinita dell'oggetto FlChanDati.</Issue>
            <Issue
                Type = "Runtime"
                Number = "1037"
            >Impossibile risolvere la proprietà predefinita dell'oggetto vNewValue.</Issue>
            <Issue
                Type = "Compile"
                Number = "1014"
            >L'istruzione GoSub non è supportata.</Issue>
            <Issue
                Type = "Runtime"
                Number = "1037"
            >Impossibile risolvere la proprietà predefinita dell'oggetto FlChanDati().</Issue>
            <Issue
                Type = "Runtime"
                Number = "1037"
            >Impossibile risolvere la proprietà predefinita dell'oggetto FlShelDati().</Issue>
            <Issue
                Type = "Runtime"
                Number = "1037"
            >Impossibile risolvere la proprietà predefinita dell'oggetto FlChanDati(16).</Issue>
            <Issue
                Type = "Runtime"
                Number = "1037"
            >Impossibile risolvere la proprietà predefinita dell'oggetto FlShelDati(16).</Issue>
            <Issue
                Type = "Runtime"
                Number = "1041"
            >Return ha un nuovo comportamento.</Issue>
        </Section>
        <Section Name = "Slchandati" >
            <Issue
                Type = "Runtime"
                Number = "1037"
            >Impossibile risolvere la proprietà predefinita dell'oggetto vNewValue.</Issue>
        </Section>
        <Section Name = "Flsheldati" >
            <Issue
                Type = "Runtime"
                Number = "1037"
            >Impossibile risolvere la proprietà predefinita dell'oggetto FlShelDati.</Issue>
            <Issue
                Type = "Runtime"
                Number = "1037"
            >Impossibile risolvere la proprietà predefinita dell'oggetto vNewValue.</Issue>
            <Issue
                Type = "Compile"
                Number = "1014"
            >L'istruzione GoSub non è supportata.</Issue>
            <Issue
                Type = "Runtime"
                Number = "1037"
            >Impossibile risolvere la proprietà predefinita dell'oggetto FlChanDati().</Issue>
            <Issue
                Type = "Runtime"
                Number = "1037"
            >Impossibile risolvere la proprietà predefinita dell'oggetto FlShelDati().</Issue>
            <Issue
                Type = "Runtime"
                Number = "1037"
            >Impossibile risolvere la proprietà predefinita dell'oggetto FlChanDati(16).</Issue>
            <Issue
                Type = "Runtime"
                Number = "1037"
            >Impossibile risolvere la proprietà predefinita dell'oggetto FlShelDati(16).</Issue>
            <Issue
                Type = "Runtime"
                Number = "1041"
            >Return ha un nuovo comportamento.</Issue>
        </Section>
        <Section Name = "Slsheldati" >
            <Issue
                Type = "Runtime"
                Number = "1037"
            >Impossibile risolvere la proprietà predefinita dell'oggetto vNewValue.</Issue>
        </Section>
        <Section Name = "LegScr" >
            <Issue
                Type = "Compile"
                Number = "1014"
            >L'istruzione GoSub non è supportata.</Issue>
            <Issue
                Type = "Runtime"
                Number = "1041"
            >Return ha un nuovo comportamento.</Issue>
        </Section>
        <Section Name = "Calcoli" >
            <Issue
                Type = "Compile"
                Number = "1014"
            >L'istruzione GoSub non è supportata.</Issue>
            <Issue
                Type = "Runtime"
                Number = "1041"
            >Return ha un nuovo comportamento.</Issue>
        </Section>
        <Section Name = "Calcoli2" >
            <Issue
                Type = "Compile"
                Number = "1014"
            >L'istruzione GoSub non è supportata.</Issue>
            <Issue
                Type = "Runtime"
                Number = "1041"
            >Return ha un nuovo comportamento.</Issue>
        </Section>
        <Section Name = "SintesiSp" >
            <Issue
                Type = "Compile"
                Number = "1014"
            >L'istruzione GoSub non è supportata.</Issue>
            <Issue
                Type = "Runtime"
                Number = "1041"
            >Return ha un nuovo comportamento.</Issue>
        </Section>
        <Section Name = "StamMAWPFTC" >
            <Issue
                Type = "Compile"
                Number = "1051"
            >Tipo di dichiarazione non supportato: Matrice con limite inferiore minore di zero.</Issue>
        </Section>
        <Section Name = "StampaSp" >
            <Issue
                Type = "Runtime"
                Number = "1033"
            >Il limite inferiore della matrice Stringa5 è stato cambiato da 1 a 0.</Issue>
            <Issue
                Type = "Compile"
                Number = "1051"
            >Tipo di dichiarazione non supportato: Matrice con limite inferiore minore di zero.</Issue>
            <Issue
                Type = "Compile"
                Number = "1014"
            >L'istruzione GoSub non è supportata.</Issue>
            <Issue
                Type = "Runtime"
                Number = "1041"
            >Return ha un nuovo comportamento.</Issue>
        </Section>
        <Section Name = "Action1" >
            <Issue
                Type = "Compile"
                Number = "1014"
            >L'istruzione GoSub non è supportata.</Issue>
            <Issue
                Type = "Runtime"
                Number = "1041"
            >Return ha un nuovo comportamento.</Issue>
        </Section>
        <Section Name = "Espandi" >
            <Issue
                Type = "Compile"
                Number = "1014"
            >L'istruzione GoSub non è supportata.</Issue>
            <Issue
                Type = "Runtime"
                Number = "1041"
            >Return ha un nuovo comportamento.</Issue>
        </Section>
        <Section Name = "RefreshVideo" >
            <Issue
                Type = "Compile"
                Number = "2064"
                ObjectName = "Valore"
                ObjectType = "TextBox"
                PME = "HelpContextID"
            >TextBox proprietà Valore.HelpContextID non è stato aggiornato.</Issue>
            <Issue
                Type = "Compile"
                Number = "2064"
                ObjectName = "Descrizione"
                ObjectType = "VBControlExtender"
                PME = "HelpContextID"
            >VBControlExtender proprietà Descrizione.HelpContextID non è stato aggiornato.</Issue>
        </Section>
        <Section Name = "SelAction" >
            <Issue
                Type = "Runtime"
                Number = "1037"
            >Impossibile risolvere la proprietà predefinita dell'oggetto c.</Issue>
        </Section>
        <Section Name = "Sintesi" >
            <Issue
                Type = "Compile"
                Number = "2064"
                ObjectName = "Picture1"
                ObjectType = "PictureBox"
                PME = "Cls"
            >PictureBox metodo Picture1.Cls non è stato aggiornato.</Issue>
            <Issue
                Type = "Compile"
                Number = "2064"
                ObjectName = "Picture1"
                ObjectType = "PictureBox"
                PME = "Print"
            >PictureBox metodo Picture1.Print non è stato aggiornato.</Issue>
            <Issue
                Type = "Compile"
                Number = "1014"
            >L'istruzione GoSub non è supportata.</Issue>
            <Issue
                Type = "Runtime"
                Number = "1041"
            >Return ha un nuovo comportamento.</Issue>
        </Section>
        <Section Name = "Braccio" >
            <Issue
                Type = "Runtime"
                Number = "1037"
            >Impossibile risolvere la proprietà predefinita dell'oggetto FlChanDati(19).</Issue>
            <Issue
                Type = "Runtime"
                Number = "1037"
            >Impossibile risolvere la proprietà predefinita dell'oggetto FlShelDati(19).</Issue>
        </Section>
        <Section Name = "LeggiSigma" >
            <Issue
                Type = "Runtime"
                Number = "1037"
            >Impossibile risolvere la proprietà predefinita dell'oggetto WWX.</Issue>
            <Issue
                Type = "Compile"
                Number = "1014"
            >L'istruzione GoSub non è supportata.</Issue>
            <Issue
                Type = "Runtime"
                Number = "1041"
            >Return ha un nuovo comportamento.</Issue>
        </Section>
        <Section Name = "LeggiTab" >
            <Issue
                Type = "Runtime"
                Number = "1037"
            >Impossibile risolvere la proprietà predefinita dell'oggetto WWX.</Issue>
            <Issue
                Type = "Runtime"
                Number = "1037"
            >Impossibile risolvere la proprietà predefinita dell'oggetto objMemb().geomguar.</Issue>
        </Section>
        <Section Name = "MAWPcalc" >
            <Issue
                Type = "Runtime"
                Number = "1037"
            >Impossibile risolvere la proprietà predefinita dell'oggetto Monitor.Motore.inizio.ConvertiCr().</Issue>
            <Issue
                Type = "Compile"
                Number = "1014"
            >L'istruzione GoSub non è supportata.</Issue>
            <Issue
                Type = "Compile"
                Number = "1056"
            >La clausola As Single è stata rimossa dall'istruzione ReDim FattVec(10).</Issue>
            <Issue
                Type = "Runtime"
                Number = "1037"
            >Impossibile risolvere la proprietà predefinita dell'oggetto FattVec(kk).</Issue>
            <Issue
                Type = "Runtime"
                Number = "1037"
            >Impossibile risolvere la proprietà predefinita dell'oggetto FattVec().</Issue>
            <Issue
                Type = "Compile"
                Number = "2064"
                ObjectName = "Picture1"
                ObjectType = "PictureBox"
                PME = "Cls"
            >PictureBox metodo Picture1.Cls non è stato aggiornato.</Issue>
            <Issue
                Type = "Compile"
                Number = "2064"
                ObjectName = "Picture1"
                ObjectType = "PictureBox"
                PME = "Print"
            >PictureBox metodo Picture1.Print non è stato aggiornato.</Issue>
            <Issue
                Type = "Runtime"
                Number = "1041"
            >Return ha un nuovo comportamento.</Issue>
        </Section>
        <Section Name = "CarGiunto" >
            <Issue
                Type = "Compile"
                Number = "1014"
            >L'istruzione GoSub non è supportata.</Issue>
            <Issue
                Type = "Runtime"
                Number = "1037"
            >Impossibile risolvere la proprietà predefinita dell'oggetto Monitor.Motore.inizio.ConvertiCr().</Issue>
            <Issue
                Type = "Runtime"
                Number = "1041"
            >Return ha un nuovo comportamento.</Issue>
        </Section>
        <Section Name = "Convert" >
            <Issue
                Type = "Runtime"
                Number = "1037"
            >Impossibile risolvere la proprietà predefinita dell'oggetto ZZ.</Issue>
            <Issue
                Type = "Runtime"
                Number = "1037"
            >Impossibile risolvere la proprietà predefinita dell'oggetto mode.</Issue>
        </Section>
        <Section Name = "MinTempP" >
            <Issue
                Type = "Runtime"
                Number = "1033"
            >Il limite inferiore della matrice Temper è stato cambiato da 1 a 0.</Issue>
            <Issue
                Type = "Runtime"
                Number = "1037"
            >Impossibile risolvere la proprietà predefinita dell'oggetto Matdim().Caract().MWDTrule.</Issue>
            <Issue
                Type = "Runtime"
                Number = "1037"
            >Impossibile risolvere la proprietà predefinita dell'oggetto Matdim().Caract().MWDTclause.</Issue>
            <Issue
                Type = "Runtime"
                Number = "1037"
            >Impossibile risolvere la proprietà predefinita dell'oggetto Matdim().Caract().MWDTtemp.</Issue>
            <Issue
                Type = "Runtime"
                Number = "1037"
            >Impossibile risolvere la proprietà predefinita dell'oggetto Matdim().Caract().Yield.</Issue>
            <Issue
                Type = "Runtime"
                Number = "1037"
            >Impossibile risolvere la proprietà predefinita dell'oggetto Matdim().Caract().PNumber.</Issue>
            <Issue
                Type = "Runtime"
                Number = "1037"
                PME = "Val"
            >Impossibile risolvere la proprietà predefinita dell'oggetto Matdim().Caract().Group.</Issue>
            <Issue
                Type = "Runtime"
                Number = "1037"
            >Impossibile risolvere la proprietà predefinita dell'oggetto Matdim(iMat).Caract(i).codice.</Issue>
            <Issue
                Type = "Runtime"
                Number = "1037"
            >Impossibile risolvere la proprietà predefinita dell'oggetto NotApplicable(MWDTrule, StriSt()).</Issue>
        </Section>
        <Section Name = "UnitMis" >
            <Issue
                Type = "Runtime"
                Number = "1037"
            >Impossibile risolvere la proprietà predefinita dell'oggetto i1.</Issue>
            <Issue
                Type = "Compile"
                Number = "1014"
            >L'istruzione GoSub non è supportata.</Issue>
            <Issue
                Type = "Runtime"
                Number = "1037"
            >Impossibile risolvere la proprietà predefinita dell'oggetto i2.</Issue>
            <Issue
                Type = "Runtime"
                Number = "1041"
            >Return ha un nuovo comportamento.</Issue>
        </Section>
        <Section Name = "RisPAGINA" >
            <Issue
                Type = "Compile"
                Number = "2064"
                ObjectName = "Picture1"
                ObjectType = "PictureBox"
                PME = "Cls"
            >PictureBox metodo Picture1.Cls non è stato aggiornato.</Issue>
        </Section>
        <Section Name = "FattUs" >
            <Issue
                Type = "Compile"
                Number = "1014"
            >L'istruzione GoSub non è supportata.</Issue>
            <Issue
                Type = "Compile"
                Number = "1039"
                PME = "Load"
            >istruzione Load non supportata.</Issue>
            <Issue
                Type = "Compile"
                Number = "2064"
                ObjectName = "Picture1"
                ObjectType = "PictureBox"
                PME = "Print"
            >PictureBox metodo Picture1.Print non è stato aggiornato.</Issue>
            <Issue
                Type = "Runtime"
                Number = "1041"
            >Return ha un nuovo comportamento.</Issue>
        </Section>
        <Section Name = "StampaDil" >
            <Issue
                Type = "Compile"
                Number = "1014"
            >L'istruzione GoSub non è supportata.</Issue>
            <Issue
                Type = "Runtime"
                Number = "1041"
            >Return ha un nuovo comportamento.</Issue>
        </Section>
        <Section Name = "SintSpDil" >
            <Issue
                Type = "Compile"
                Number = "1014"
            >L'istruzione GoSub non è supportata.</Issue>
            <Issue
                Type = "Runtime"
                Number = "1041"
            >Return ha un nuovo comportamento.</Issue>
        </Section>
        <Section Name = "CalcFK" >
            <Issue
                Type = "Compile"
                Number = "1014"
            >L'istruzione GoSub non è supportata.</Issue>
            <Issue
                Type = "Runtime"
                Number = "1041"
            >Return ha un nuovo comportamento.</Issue>
        </Section>
        <Section Name = "Visibili" >
            <Issue
                Type = "Compile"
                Number = "1014"
            >L'istruzione GoSub non è supportata.</Issue>
            <Issue
                Type = "Compile"
                Number = "2064"
                ObjectName = "Opt"
                ObjectType = "CommandButton"
                PME = "HelpContextID"
            >CommandButton proprietà Opt.HelpContextID non è stato aggiornato.</Issue>
            <Issue
                Type = "Runtime"
                Number = "1041"
            >Return ha un nuovo comportamento.</Issue>
            <Issue
                Type = "Compile"
                Number = "2064"
                ObjectName = "Valore"
                ObjectType = "TextBox"
                PME = "HelpContextID"
            >TextBox proprietà Valore.HelpContextID non è stato aggiornato.</Issue>
            <Issue
                Type = "Compile"
                Number = "2064"
                ObjectName = "Descrizione"
                ObjectType = "VBControlExtender"
                PME = "HelpContextID"
            >VBControlExtender proprietà Descrizione.HelpContextID non è stato aggiornato.</Issue>
            <Issue
                Type = "Compile"
                Number = "2064"
                ObjectName = "Dimensioni"
                ObjectType = "VBControlExtender"
                PME = "HelpContextID"
            >VBControlExtender proprietà Dimensioni.HelpContextID non è stato aggiornato.</Issue>
        </Section>
        <Section Name = "LegPagina" >
            <Issue
                Type = "Compile"
                Number = "1014"
            >L'istruzione GoSub non è supportata.</Issue>
            <Issue
                Type = "Runtime"
                Number = "1041"
            >Return ha un nuovo comportamento.</Issue>
        </Section>
        <Section Name = "SuperOtt" >
            <Issue
                Type = "Runtime"
                Number = "1033"
            >Il limite inferiore della matrice Dati è stato cambiato da 1 a 0.</Issue>
            <Issue
                Type = "Runtime"
                Number = "1037"
            >Impossibile risolvere la proprietà predefinita dell'oggetto objMemb().Piastra.</Issue>
            <Issue
                Type = "Runtime"
                Number = "2065"
                ObjectName = "Screen"
                ObjectType = "Screen"
                PME = "MousePointer"
            >Screen proprietà Screen.MousePointer presenta un nuovo comportamento.</Issue>
            <Issue
                Type = "Compile"
                Number = "2036"
                ObjectName = "Screen"
                ObjectType = "Screen"
                PME = "MousePointer"
            >La proprietà di Screen Screen.MousePointer non supporta puntatori del mouse personalizzati.</Issue>
            <Issue
                Type = "Compile"
                Number = "2049"
                ObjectName = "Screen"
                ObjectType = "Screen"
                PME = "vbNormal"
            >Impossibile determinare a quale costante aggiornare vbNormal.</Issue>
        </Section>
        <Section Name = "frmPrintAA" >
            <Issue
                Type = "Compile"
                Number = "1014"
            >L'istruzione GoSub non è supportata.</Issue>
            <Issue
                Type = "Runtime"
                Number = "1037"
            >Impossibile risolvere la proprietà predefinita dell'oggetto Tau.</Issue>
            <Issue
                Type = "Runtime"
                Number = "1037"
            >Impossibile risolvere la proprietà predefinita dell'oggetto iTau.</Issue>
            <Issue
                Type = "Runtime"
                Number = "1041"
            >Return ha un nuovo comportamento.</Issue>
        </Section>
    </File>
    <File
        OldPath = "E:\Programmi\MicroSoft Visual Studio\Fbm\AsmeVip\wn_PT.cls"
        NewPath = "C:\Documenti\Visual Studio Projects\Lancio\AsmeVip.NET\wn_PT.vb"
        FileType = "Class Module"
        Upgraded = "True"
    >
        <Section Name = "(Dichiarazioni)" >
            <Issue
                Type = "Runtime"
                Number = "1033"
            >Il limite inferiore della matrice ptMatBull è stato cambiato da 1 a 0.</Issue>
            <Issue
                Type = "Runtime"
                Number = "1033"
            >Il limite inferiore della matrice ptSicBullp è stato cambiato da 1 a 0.</Issue>
            <Issue
                Type = "Runtime"
                Number = "1033"
            >Il limite inferiore della matrice ptFattBoltSy è stato cambiato da 1 a 0.</Issue>
            <Issue
                Type = "Runtime"
                Number = "1033"
            >Il limite inferiore della matrice ptDiffPIese è stato cambiato da 1 a 0.</Issue>
            <Issue
                Type = "Runtime"
                Number = "1033"
            >Il limite inferiore della matrice ptCRUSH è stato cambiato da 1 a 0.</Issue>
            <Issue
                Type = "Runtime"
                Number = "1033"
            >Il limite inferiore della matrice ptRapporto è stato cambiato da 1 a 0.</Issue>
            <Issue
                Type = "Runtime"
                Number = "1033"
            >Il limite inferiore della matrice ptDiNBull è stato cambiato da 1 a 0.</Issue>
            <Issue
                Type = "Runtime"
                Number = "1033"
            >Il limite inferiore della matrice ptNumBolt è stato cambiato da 1 a 0.</Issue>
            <Issue
                Type = "Runtime"
                Number = "1033"
            >Il limite inferiore della matrice ptBoltCiD è stato cambiato da 1 a 0.</Issue>
            <Issue
                Type = "Runtime"
                Number = "1033"
            >Il limite inferiore della matrice ptAreBolt è stato cambiato da 1 a 0.</Issue>
            <Issue
                Type = "Runtime"
                Number = "1033"
            >Il limite inferiore della matrice ptBSpcMin è stato cambiato da 1 a 0.</Issue>
            <Issue
                Type = "Runtime"
                Number = "1033"
            >Il limite inferiore della matrice ptBRadMin è stato cambiato da 1 a 0.</Issue>
            <Issue
                Type = "Runtime"
                Number = "1033"
            >Il limite inferiore della matrice ptNumColl è stato cambiato da 1 a 0.</Issue>
            <Issue
                Type = "Runtime"
                Number = "1033"
            >Il limite inferiore della matrice ptAllBRoo è stato cambiato da 1 a 0.</Issue>
            <Issue
                Type = "Runtime"
                Number = "1033"
            >Il limite inferiore della matrice ptAllBOpe è stato cambiato da 1 a 0.</Issue>
        </Section>
        <Section Name = "Phi" >
            <Issue
                Type = "Runtime"
                Number = "1037"
            >Impossibile risolvere la proprietà predefinita dell'oggetto Piastra.PHI.</Issue>
        </Section>
        <Section Name = "Wn" >
            <Issue
                Type = "Runtime"
                Number = "1037"
            >Impossibile risolvere la proprietà predefinita dell'oggetto Piastra.wn.</Issue>
        </Section>
        <Section Name = "Indfac" >
            <Issue
                Type = "Runtime"
                Number = "1037"
            >Impossibile risolvere la proprietà predefinita dell'oggetto Piastra.IndFac.</Issue>
        </Section>
        <Section Name = "Spessmant" >
            <Issue
                Type = "Runtime"
                Number = "1037"
            >Impossibile risolvere la proprietà predefinita dell'oggetto Piastra.SpessMant.</Issue>
        </Section>
        <Section Name = "Tipgsk" >
            <Issue
                Type = "Runtime"
                Number = "1037"
            >Impossibile risolvere la proprietà predefinita dell'oggetto Piastra.TipGsk.</Issue>
        </Section>
        <Section Name = "Classgsk" >
            <Issue
                Type = "Runtime"
                Number = "1037"
            >Impossibile risolvere la proprietà predefinita dell'oggetto Piastra.ClassGsk.</Issue>
        </Section>
        <Section Name = "Dinbull" >
            <Issue
                Type = "Runtime"
                Number = "1037"
            >Impossibile risolvere la proprietà predefinita dell'oggetto Piastra.DiNBull.</Issue>
        </Section>
        <Section Name = "Flchannome" >
            <Issue
                Type = "Runtime"
                Number = "1037"
            >Impossibile risolvere la proprietà predefinita dell'oggetto Piastra.FlChanNome.</Issue>
        </Section>
        <Section Name = "Flshelnome" >
            <Issue
                Type = "Runtime"
                Number = "1037"
            >Impossibile risolvere la proprietà predefinita dell'oggetto Piastra.FlShelNome.</Issue>
        </Section>
        <Section Name = "Slchannome" >
            <Issue
                Type = "Runtime"
                Number = "1037"
            >Impossibile risolvere la proprietà predefinita dell'oggetto Piastra.SlChanNome.</Issue>
        </Section>
        <Section Name = "Slshelnome" >
            <Issue
                Type = "Runtime"
                Number = "1037"
            >Impossibile risolvere la proprietà predefinita dell'oggetto Piastra.SlShelNome.</Issue>
        </Section>
        <Section Name = "Fullbolt" >
            <Issue
                Type = "Runtime"
                Number = "1037"
            >Impossibile risolvere la proprietà predefinita dell'oggetto Piastra.FullBolt.</Issue>
        </Section>
        <Section Name = "Xfil" >
            <Issue
                Type = "Runtime"
                Number = "1037"
            >Impossibile risolvere la proprietà predefinita dell'oggetto Piastra.XFil.</Issue>
        </Section>
        <Section Name = "Tippass" >
            <Issue
                Type = "Runtime"
                Number = "1037"
            >Impossibile risolvere la proprietà predefinita dell'oggetto Piastra.TipPass.</Issue>
        </Section>
        <Section Name = "Tipcalc" >
            <Issue
                Type = "Runtime"
                Number = "1037"
            >Impossibile risolvere la proprietà predefinita dell'oggetto Piastra.TipCalc.</Issue>
        </Section>
        <Section Name = "Numbolt" >
            <Issue
                Type = "Runtime"
                Number = "1037"
            >Impossibile risolvere la proprietà predefinita dell'oggetto Piastra.NumBolt.</Issue>
        </Section>
        <Section Name = "Numcoll" >
            <Issue
                Type = "Runtime"
                Number = "1037"
            >Impossibile risolvere la proprietà predefinita dell'oggetto Piastra.NumColl.</Issue>
        </Section>
        <Section Name = "Verbose" >
            <Issue
                Type = "Runtime"
                Number = "1037"
            >Impossibile risolvere la proprietà predefinita dell'oggetto Piastra.Verbose.</Issue>
        </Section>
        <Section Name = "Progdiffpr" >
            <Issue
                Type = "Runtime"
                Number = "1037"
            >Impossibile risolvere la proprietà predefinita dell'oggetto Piastra.ProgDiffPr.</Issue>
        </Section>
        <Section Name = "Biflangiata" >
            <Issue
                Type = "Runtime"
                Number = "1037"
            >Impossibile risolvere la proprietà predefinita dell'oggetto Piastra.BiFlangiata.</Issue>
        </Section>
        <Section Name = "Vacuumts" >
            <Issue
                Type = "Runtime"
                Number = "1037"
            >Impossibile risolvere la proprietà predefinita dell'oggetto Piastra.VacuumTS.</Issue>
        </Section>
        <Section Name = "Vacuumss" >
            <Issue
                Type = "Runtime"
                Number = "1037"
            >Impossibile risolvere la proprietà predefinita dell'oggetto Piastra.VacuumSS.</Issue>
        </Section>
        <Section Name = "Sicbullp" >
            <Issue
                Type = "Runtime"
                Number = "1037"
            >Impossibile risolvere la proprietà predefinita dell'oggetto Piastra.SicBullp.</Issue>
        </Section>
        <Section Name = "Ul" >
            <Issue
                Type = "Runtime"
                Number = "1037"
            >Impossibile risolvere la proprietà predefinita dell'oggetto Piastra.UL.</Issue>
        </Section>
        <Section Name = "Tshedes" >
            <Issue
                Type = "Runtime"
                Number = "1037"
            >Impossibile risolvere la proprietà predefinita dell'oggetto Piastra.TSheDes.</Issue>
        </Section>
        <Section Name = "Tshethk" >
            <Issue
                Type = "Runtime"
                Number = "1037"
            >Impossibile risolvere la proprietà predefinita dell'oggetto Piastra.TSheThk.</Issue>
        </Section>
        <Section Name = "Unimis" >
            <Issue
                Type = "Runtime"
                Number = "1037"
            >Impossibile risolvere la proprietà predefinita dell'oggetto Piastra.UniMis.</Issue>
        </Section>
        <Section Name = "Textthk" >
            <Issue
                Type = "Runtime"
                Number = "1037"
            >Impossibile risolvere la proprietà predefinita dell'oggetto Piastra.TExtThk.</Issue>
        </Section>
        <Section Name = "Tubspess" >
            <Issue
                Type = "Runtime"
                Number = "1037"
            >Impossibile risolvere la proprietà predefinita dell'oggetto Piastra.TubSpess.</Issue>
        </Section>
        <Section Name = "Tubdiam" >
            <Issue
                Type = "Runtime"
                Number = "1037"
            >Impossibile risolvere la proprietà predefinita dell'oggetto Piastra.TubDiam.</Issue>
        </Section>
        <Section Name = "Tubpass" >
            <Issue
                Type = "Runtime"
                Number = "1037"
            >Impossibile risolvere la proprietà predefinita dell'oggetto Piastra.TubPass.</Issue>
        </Section>
        <Section Name = "Matpias" >
            <Issue
                Type = "Runtime"
                Number = "1037"
            >Impossibile risolvere la proprietà predefinita dell'oggetto Piastra.MatPias.</Issue>
        </Section>
        <Section Name = "Matbull" >
            <Issue
                Type = "Runtime"
                Number = "1037"
            >Impossibile risolvere la proprietà predefinita dell'oggetto Piastra.MatBull.</Issue>
        </Section>
        <Section Name = "Equdiam" >
            <Issue
                Type = "Runtime"
                Number = "1037"
            >Impossibile risolvere la proprietà predefinita dell'oggetto Piastra.EquDiam.</Issue>
        </Section>
        <Section Name = "Cavchan" >
            <Issue
                Type = "Runtime"
                Number = "1037"
            >Impossibile risolvere la proprietà predefinita dell'oggetto Piastra.CavChan.</Issue>
        </Section>
        <Section Name = "Cavshel" >
            <Issue
                Type = "Runtime"
                Number = "1037"
            >Impossibile risolvere la proprietà predefinita dell'oggetto Piastra.CavShel.</Issue>
        </Section>
        <Section Name = "Grvchan" >
            <Issue
                Type = "Runtime"
                Number = "1037"
            >Impossibile risolvere la proprietà predefinita dell'oggetto Piastra.GrvChan.</Issue>
        </Section>
        <Section Name = "Grvshel" >
            <Issue
                Type = "Runtime"
                Number = "1037"
            >Impossibile risolvere la proprietà predefinita dell'oggetto Piastra.GrvShel.</Issue>
        </Section>
        <Section Name = "Cavchan1" >
            <Issue
                Type = "Runtime"
                Number = "1037"
            >Impossibile risolvere la proprietà predefinita dell'oggetto Piastra.CavChan1.</Issue>
        </Section>
        <Section Name = "Cavshel1" >
            <Issue
                Type = "Runtime"
                Number = "1037"
            >Impossibile risolvere la proprietà predefinita dell'oggetto Piastra.CavShel1.</Issue>
        </Section>
        <Section Name = "Boltcid" >
            <Issue
                Type = "Runtime"
                Number = "1037"
            >Impossibile risolvere la proprietà predefinita dell'oggetto Piastra.BoltCiD.</Issue>
        </Section>
        <Section Name = "Arebolt" >
            <Issue
                Type = "Runtime"
                Number = "1037"
            >Impossibile risolvere la proprietà predefinita dell'oggetto Piastra.AreBolt.</Issue>
        </Section>
        <Section Name = "Bspcmin" >
            <Issue
                Type = "Runtime"
                Number = "1037"
            >Impossibile risolvere la proprietà predefinita dell'oggetto Piastra.BSpcMin.</Issue>
        </Section>
        <Section Name = "Bradmin" >
            <Issue
                Type = "Runtime"
                Number = "1037"
            >Impossibile risolvere la proprietà predefinita dell'oggetto Piastra.BRadMin.</Issue>
        </Section>
        <Section Name = "Fattboltsy" >
            <Issue
                Type = "Runtime"
                Number = "1037"
            >Impossibile risolvere la proprietà predefinita dell'oggetto Piastra.FattBoltSy.</Issue>
        </Section>
        <Section Name = "Diffpiese" >
            <Issue
                Type = "Runtime"
                Number = "1037"
            >Impossibile risolvere la proprietà predefinita dell'oggetto Piastra.DiffPIese.</Issue>
        </Section>
        <Section Name = "Crush" >
            <Issue
                Type = "Runtime"
                Number = "1037"
            >Impossibile risolvere la proprietà predefinita dell'oggetto Piastra.CRUSH.</Issue>
        </Section>
        <Section Name = "Flex" >
            <Issue
                Type = "Runtime"
                Number = "1037"
            >Impossibile risolvere la proprietà predefinita dell'oggetto Piastra.FLEX.</Issue>
        </Section>
        <Section Name = "Mart" >
            <Issue
                Type = "Runtime"
                Number = "1037"
            >Impossibile risolvere la proprietà predefinita dell'oggetto Piastra.mart.</Issue>
        </Section>
        <Section Name = "Bulldistinti" >
            <Issue
                Type = "Runtime"
                Number = "1037"
            >Impossibile risolvere la proprietà predefinita dell'oggetto Piastra.BullDistinti.</Issue>
        </Section>
        <Section Name = "Bullindip" >
            <Issue
                Type = "Runtime"
                Number = "1037"
            >Impossibile risolvere la proprietà predefinita dell'oggetto Piastra.BullIndip.</Issue>
        </Section>
        <Section Name = "Rapporto" >
            <Issue
                Type = "Runtime"
                Number = "1037"
            >Impossibile risolvere la proprietà predefinita dell'oggetto Piastra.Rapporto.</Issue>
        </Section>
        <Section Name = "Allfroo" >
            <Issue
                Type = "Runtime"
                Number = "1037"
            >Impossibile risolvere la proprietà predefinita dell'oggetto Piastra.AllFRoo.</Issue>
        </Section>
        <Section Name = "Allfope" >
            <Issue
                Type = "Runtime"
                Number = "1037"
            >Impossibile risolvere la proprietà predefinita dell'oggetto Piastra.AllFOpe.</Issue>
        </Section>
        <Section Name = "Allbroo" >
            <Issue
                Type = "Runtime"
                Number = "1037"
            >Impossibile risolvere la proprietà predefinita dell'oggetto Piastra.AllBRoo.</Issue>
        </Section>
        <Section Name = "Calc7133" >
            <Issue
                Type = "Runtime"
                Number = "1037"
            >Impossibile risolvere la proprietà predefinita dell'oggetto Piastra.Calc7133.</Issue>
        </Section>
        <Section Name = "Allbope" >
            <Issue
                Type = "Runtime"
                Number = "1037"
            >Impossibile risolvere la proprietà predefinita dell'oggetto Piastra.AllBOpe.</Issue>
        </Section>
        <Section Name = "Otl" >
            <Issue
                Type = "Runtime"
                Number = "1037"
            >Impossibile risolvere la proprietà predefinita dell'oggetto Piastra.OTL.</Issue>
        </Section>
        <Section Name = "Tipogiunto" >
            <Issue
                Type = "Runtime"
                Number = "1037"
            >Impossibile risolvere la proprietà predefinita dell'oggetto Piastra.TipoGiunto.</Issue>
        </Section>
        <Section Name = "Pdeschan" >
            <Issue
                Type = "Runtime"
                Number = "1037"
            >Impossibile risolvere la proprietà predefinita dell'oggetto Piastra.PDesChan.</Issue>
        </Section>
        <Section Name = "Pdesshel" >
            <Issue
                Type = "Runtime"
                Number = "1037"
            >Impossibile risolvere la proprietà predefinita dell'oggetto Piastra.PDesShel.</Issue>
        </Section>
        <Section Name = "Phtchan" >
            <Issue
                Type = "Runtime"
                Number = "1037"
            >Impossibile risolvere la proprietà predefinita dell'oggetto Piastra.PHTChan.</Issue>
        </Section>
        <Section Name = "Phtshel" >
            <Issue
                Type = "Runtime"
                Number = "1037"
            >Impossibile risolvere la proprietà predefinita dell'oggetto Piastra.PHTShel.</Issue>
        </Section>
        <Section Name = "Corchan" >
            <Issue
                Type = "Runtime"
                Number = "1037"
            >Impossibile risolvere la proprietà predefinita dell'oggetto Piastra.CorChan.</Issue>
        </Section>
        <Section Name = "Corshel" >
            <Issue
                Type = "Runtime"
                Number = "1037"
            >Impossibile risolvere la proprietà predefinita dell'oggetto Piastra.CorShel.</Issue>
        </Section>
        <Section Name = "Diffpress" >
            <Issue
                Type = "Runtime"
                Number = "1037"
            >Impossibile risolvere la proprietà predefinita dell'oggetto Piastra.DiffPress.</Issue>
        </Section>
        <Section Name = "Diffpressht" >
            <Issue
                Type = "Runtime"
                Number = "1037"
            >Impossibile risolvere la proprietà predefinita dell'oggetto Piastra.DiffPressHT.</Issue>
        </Section>
        <Section Name = "Destemp" >
            <Issue
                Type = "Runtime"
                Number = "1037"
            >Impossibile risolvere la proprietà predefinita dell'oggetto Piastra.Destemp.</Issue>
        </Section>
        <Section Name = "Flchandati" >
            <Issue
                Type = "Runtime"
                Number = "1037"
            >Impossibile risolvere la proprietà predefinita dell'oggetto FlChanDati.</Issue>
            <Issue
                Type = "Runtime"
                Number = "1037"
            >Impossibile risolvere la proprietà predefinita dell'oggetto Piastra.FlChanDati.</Issue>
            <Issue
                Type = "Runtime"
                Number = "1037"
            >Impossibile risolvere la proprietà predefinita dell'oggetto vNewValue.</Issue>
            <Issue
                Type = "Runtime"
                Number = "1037"
            >Impossibile risolvere la proprietà predefinita dell'oggetto ptFlChan(i).</Issue>
        </Section>
        <Section Name = "Slchandati" >
            <Issue
                Type = "Runtime"
                Number = "1037"
            >Impossibile risolvere la proprietà predefinita dell'oggetto SlChanDati.</Issue>
            <Issue
                Type = "Runtime"
                Number = "1037"
            >Impossibile risolvere la proprietà predefinita dell'oggetto Piastra.SlChanDati.</Issue>
            <Issue
                Type = "Runtime"
                Number = "1037"
            >Impossibile risolvere la proprietà predefinita dell'oggetto vNewValue.</Issue>
            <Issue
                Type = "Runtime"
                Number = "1037"
            >Impossibile risolvere la proprietà predefinita dell'oggetto ptSlChan(i).</Issue>
        </Section>
        <Section Name = "Flsheldati" >
            <Issue
                Type = "Runtime"
                Number = "1037"
            >Impossibile risolvere la proprietà predefinita dell'oggetto FlShelDati.</Issue>
            <Issue
                Type = "Runtime"
                Number = "1037"
            >Impossibile risolvere la proprietà predefinita dell'oggetto Piastra.FlShelDati.</Issue>
            <Issue
                Type = "Runtime"
                Number = "1037"
            >Impossibile risolvere la proprietà predefinita dell'oggetto vNewValue.</Issue>
            <Issue
                Type = "Runtime"
                Number = "1037"
            >Impossibile risolvere la proprietà predefinita dell'oggetto ptFlShel(i).</Issue>
        </Section>
        <Section Name = "Slsheldati" >
            <Issue
                Type = "Runtime"
                Number = "1037"
            >Impossibile risolvere la proprietà predefinita dell'oggetto SlShelDati.</Issue>
            <Issue
                Type = "Runtime"
                Number = "1037"
            >Impossibile risolvere la proprietà predefinita dell'oggetto Piastra.SlShelDati.</Issue>
            <Issue
                Type = "Runtime"
                Number = "1037"
            >Impossibile risolvere la proprietà predefinita dell'oggetto vNewValue.</Issue>
            <Issue
                Type = "Runtime"
                Number = "1037"
            >Impossibile risolvere la proprietà predefinita dell'oggetto ptSlShel(i).</Issue>
        </Section>
        <Section Name = "Rules" >
            <Issue
                Type = "Runtime"
                Number = "1037"
            >Impossibile risolvere la proprietà predefinita dell'oggetto Piastra.Rules.</Issue>
        </Section>
        <Section Name = "Fldati" >
            <Issue
                Type = "Runtime"
                Number = "1037"
            >Impossibile risolvere la proprietà predefinita dell'oggetto FlShelDati().</Issue>
            <Issue
                Type = "Runtime"
                Number = "1037"
            >Impossibile risolvere la proprietà predefinita dell'oggetto FlChanDati().</Issue>
            <Issue
                Type = "Runtime"
                Number = "1037"
            >Impossibile risolvere la proprietà predefinita dell'oggetto vNewValue.</Issue>
        </Section>
        <Section Name = "Ibw" >
            <Issue
                Type = "Runtime"
                Number = "1037"
            >Impossibile risolvere la proprietà predefinita dell'oggetto Piastra.IBW.</Issue>
        </Section>
        <Section Name = "Radialexp" >
            <Issue
                Type = "Runtime"
                Number = "1037"
            >Impossibile risolvere la proprietà predefinita dell'oggetto Piastra.RadialExp.</Issue>
        </Section>
        <Section Name = "Diamibw" >
            <Issue
                Type = "Runtime"
                Number = "1037"
            >Impossibile risolvere la proprietà predefinita dell'oggetto Piastra.diamIBW.</Issue>
        </Section>
        <Section Name = "Recover" >
            <Issue
                Type = "Runtime"
                Number = "1037"
            >Impossibile risolvere la proprietà predefinita dell'oggetto Piastra.TubSpess.</Issue>
            <Issue
                Type = "Runtime"
                Number = "1037"
            >Impossibile risolvere la proprietà predefinita dell'oggetto Piastra.AllFRoo.</Issue>
            <Issue
                Type = "Runtime"
                Number = "1037"
            >Impossibile risolvere la proprietà predefinita dell'oggetto Piastra.AllFOpe.</Issue>
            <Issue
                Type = "Runtime"
                Number = "1037"
            >Impossibile risolvere la proprietà predefinita dell'oggetto Piastra.OTL.</Issue>
            <Issue
                Type = "Runtime"
                Number = "1037"
            >Impossibile risolvere la proprietà predefinita dell'oggetto Piastra.UL.</Issue>
            <Issue
                Type = "Runtime"
                Number = "1037"
            >Impossibile risolvere la proprietà predefinita dell'oggetto Piastra.CavChan.</Issue>
            <Issue
                Type = "Runtime"
                Number = "1037"
            >Impossibile risolvere la proprietà predefinita dell'oggetto Piastra.CavShel.</Issue>
            <Issue
                Type = "Runtime"
                Number = "1037"
            >Impossibile risolvere la proprietà predefinita dell'oggetto Piastra.CorChan.</Issue>
            <Issue
                Type = "Runtime"
                Number = "1037"
            >Impossibile risolvere la proprietà predefinita dell'oggetto Piastra.CorShel.</Issue>
            <Issue
                Type = "Runtime"
                Number = "1037"
            >Impossibile risolvere la proprietà predefinita dell'oggetto Piastra.DiffPress.</Issue>
            <Issue
                Type = "Runtime"
                Number = "1037"
            >Impossibile risolvere la proprietà predefinita dell'oggetto Piastra.DiffPressHT.</Issue>
            <Issue
                Type = "Runtime"
                Number = "1037"
            >Impossibile risolvere la proprietà predefinita dell'oggetto Piastra.Destemp.</Issue>
            <Issue
                Type = "Runtime"
                Number = "1037"
            >Impossibile risolvere la proprietà predefinita dell'oggetto Piastra.EquDiam.</Issue>
            <Issue
                Type = "Runtime"
                Number = "1037"
            >Impossibile risolvere la proprietà predefinita dell'oggetto Piastra.FlChanNome.</Issue>
            <Issue
                Type = "Runtime"
                Number = "1037"
            >Impossibile risolvere la proprietà predefinita dell'oggetto Piastra.FlShelNome.</Issue>
            <Issue
                Type = "Runtime"
                Number = "1037"
            >Impossibile risolvere la proprietà predefinita dell'oggetto Piastra.SlChanNome.</Issue>
            <Issue
                Type = "Runtime"
                Number = "1037"
            >Impossibile risolvere la proprietà predefinita dell'oggetto Piastra.SlShelNome.</Issue>
            <Issue
                Type = "Runtime"
                Number = "1037"
            >Impossibile risolvere la proprietà predefinita dell'oggetto Piastra.FLEX.</Issue>
            <Issue
                Type = "Runtime"
                Number = "1037"
            >Impossibile risolvere la proprietà predefinita dell'oggetto Piastra.FullBolt.</Issue>
            <Issue
                Type = "Runtime"
                Number = "1037"
            >Impossibile risolvere la proprietà predefinita dell'oggetto Piastra.mart.</Issue>
            <Issue
                Type = "Runtime"
                Number = "1037"
            >Impossibile risolvere la proprietà predefinita dell'oggetto Piastra.PHTChan.</Issue>
            <Issue
                Type = "Runtime"
                Number = "1037"
            >Impossibile risolvere la proprietà predefinita dell'oggetto Piastra.PHTShel.</Issue>
            <Issue
                Type = "Runtime"
                Number = "1037"
            >Impossibile risolvere la proprietà predefinita dell'oggetto Piastra.PDesChan.</Issue>
            <Issue
                Type = "Runtime"
                Number = "1037"
            >Impossibile risolvere la proprietà predefinita dell'oggetto Piastra.PDesShel.</Issue>
            <Issue
                Type = "Runtime"
                Number = "1037"
            >Impossibile risolvere la proprietà predefinita dell'oggetto Piastra.ProgDiffPr.</Issue>
            <Issue
                Type = "Runtime"
                Number = "1037"
            >Impossibile risolvere la proprietà predefinita dell'oggetto Piastra.CRUSH.</Issue>
            <Issue
                Type = "Runtime"
                Number = "1037"
            >Impossibile risolvere la proprietà predefinita dell'oggetto Piastra.DiffPIese.</Issue>
            <Issue
                Type = "Runtime"
                Number = "1037"
            >Impossibile risolvere la proprietà predefinita dell'oggetto Piastra.DiNBull.</Issue>
            <Issue
                Type = "Runtime"
                Number = "1037"
            >Impossibile risolvere la proprietà predefinita dell'oggetto Piastra.SicBullp.</Issue>
            <Issue
                Type = "Runtime"
                Number = "1037"
            >Impossibile risolvere la proprietà predefinita dell'oggetto Piastra.FattBoltSy.</Issue>
            <Issue
                Type = "Runtime"
                Number = "1037"
            >Impossibile risolvere la proprietà predefinita dell'oggetto Piastra.Rapporto.</Issue>
            <Issue
                Type = "Runtime"
                Number = "1037"
            >Impossibile risolvere la proprietà predefinita dell'oggetto Piastra.NumBolt.</Issue>
            <Issue
                Type = "Runtime"
                Number = "1037"
            >Impossibile risolvere la proprietà predefinita dell'oggetto Piastra.NumColl.</Issue>
            <Issue
                Type = "Runtime"
                Number = "1037"
            >Impossibile risolvere la proprietà predefinita dell'oggetto Piastra.XFil.</Issue>
            <Issue
                Type = "Runtime"
                Number = "1037"
            >Impossibile risolvere la proprietà predefinita dell'oggetto Piastra.AllBRoo.</Issue>
            <Issue
                Type = "Runtime"
                Number = "1037"
            >Impossibile risolvere la proprietà predefinita dell'oggetto Piastra.AllBOpe.</Issue>
            <Issue
                Type = "Runtime"
                Number = "1037"
            >Impossibile risolvere la proprietà predefinita dell'oggetto Piastra.AreBolt.</Issue>
            <Issue
                Type = "Runtime"
                Number = "1037"
            >Impossibile risolvere la proprietà predefinita dell'oggetto Piastra.BoltCiD.</Issue>
            <Issue
                Type = "Runtime"
                Number = "1037"
            >Impossibile risolvere la proprietà predefinita dell'oggetto Piastra.BRadMin.</Issue>
            <Issue
                Type = "Runtime"
                Number = "1037"
            >Impossibile risolvere la proprietà predefinita dell'oggetto Piastra.BSpcMin.</Issue>
            <Issue
                Type = "Runtime"
                Number = "1037"
            >Impossibile risolvere la proprietà predefinita dell'oggetto Piastra.TipCalc.</Issue>
            <Issue
                Type = "Runtime"
                Number = "1037"
            >Impossibile risolvere la proprietà predefinita dell'oggetto Piastra.TipPass.</Issue>
            <Issue
                Type = "Runtime"
                Number = "1037"
            >Impossibile risolvere la proprietà predefinita dell'oggetto Piastra.TSheDes.</Issue>
            <Issue
                Type = "Runtime"
                Number = "1037"
            >Impossibile risolvere la proprietà predefinita dell'oggetto Piastra.TExtThk.</Issue>
            <Issue
                Type = "Runtime"
                Number = "1037"
            >Impossibile risolvere la proprietà predefinita dell'oggetto Piastra.TubDiam.</Issue>
            <Issue
                Type = "Runtime"
                Number = "1037"
            >Impossibile risolvere la proprietà predefinita dell'oggetto Piastra.TubPass.</Issue>
            <Issue
                Type = "Runtime"
                Number = "1037"
            >Impossibile risolvere la proprietà predefinita dell'oggetto Piastra.Verbose.</Issue>
            <Issue
                Type = "Runtime"
                Number = "1037"
            >Impossibile risolvere la proprietà predefinita dell'oggetto Piastra.VacuumTS.</Issue>
            <Issue
                Type = "Runtime"
                Number = "1037"
            >Impossibile risolvere la proprietà predefinita dell'oggetto Piastra.VacuumSS.</Issue>
            <Issue
                Type = "Runtime"
                Number = "1037"
            >Impossibile risolvere la proprietà predefinita dell'oggetto Piastra.BullDistinti.</Issue>
            <Issue
                Type = "Runtime"
                Number = "1037"
            >Impossibile risolvere la proprietà predefinita dell'oggetto Piastra.BullIndip.</Issue>
            <Issue
                Type = "Runtime"
                Number = "1037"
            >Impossibile risolvere la proprietà predefinita dell'oggetto ptFlChan(i).</Issue>
            <Issue
                Type = "Runtime"
                Number = "1037"
            >Impossibile risolvere la proprietà predefinita dell'oggetto Piastra.FlChanDati.</Issue>
            <Issue
                Type = "Runtime"
                Number = "1037"
            >Impossibile risolvere la proprietà predefinita dell'oggetto ptFlShel(i).</Issue>
            <Issue
                Type = "Runtime"
                Number = "1037"
            >Impossibile risolvere la proprietà predefinita dell'oggetto Piastra.FlShelDati.</Issue>
            <Issue
                Type = "Runtime"
                Number = "1037"
            >Impossibile risolvere la proprietà predefinita dell'oggetto ptSlChan(i).</Issue>
            <Issue
                Type = "Runtime"
                Number = "1037"
            >Impossibile risolvere la proprietà predefinita dell'oggetto Piastra.SlChanDati.</Issue>
            <Issue
                Type = "Runtime"
                Number = "1037"
            >Impossibile risolvere la proprietà predefinita dell'oggetto ptSlShel(i).</Issue>
            <Issue
                Type = "Runtime"
                Number = "1037"
            >Impossibile risolvere la proprietà predefinita dell'oggetto Piastra.SlShelDati.</Issue>
            <Issue
                Type = "Runtime"
                Number = "1037"
            >Impossibile risolvere la proprietà predefinita dell'oggetto Piastra.PHI.</Issue>
            <Issue
                Type = "Runtime"
                Number = "1037"
            >Impossibile risolvere la proprietà predefinita dell'oggetto Piastra.wn.</Issue>
            <Issue
                Type = "Runtime"
                Number = "1037"
            >Impossibile risolvere la proprietà predefinita dell'oggetto Piastra.IndFac.</Issue>
            <Issue
                Type = "Runtime"
                Number = "1037"
            >Impossibile risolvere la proprietà predefinita dell'oggetto Piastra.TipGsk.</Issue>
            <Issue
                Type = "Runtime"
                Number = "1037"
            >Impossibile risolvere la proprietà predefinita dell'oggetto Piastra.ClassGsk.</Issue>
            <Issue
                Type = "Runtime"
                Number = "1037"
            >Impossibile risolvere la proprietà predefinita dell'oggetto Piastra.MatPias.</Issue>
            <Issue
                Type = "Runtime"
                Number = "1037"
            >Impossibile risolvere la proprietà predefinita dell'oggetto Piastra.MatBull.</Issue>
        </Section>
        <Section Name = "Store" >
            <Issue
                Type = "Runtime"
                Number = "1037"
            >Impossibile risolvere la proprietà predefinita dell'oggetto Piastra.Rules.</Issue>
            <Issue
                Type = "Runtime"
                Number = "1037"
            >Impossibile risolvere la proprietà predefinita dell'oggetto Piastra.TubSpess.</Issue>
            <Issue
                Type = "Runtime"
                Number = "1037"
            >Impossibile risolvere la proprietà predefinita dell'oggetto Piastra.AllFRoo.</Issue>
            <Issue
                Type = "Runtime"
                Number = "1037"
            >Impossibile risolvere la proprietà predefinita dell'oggetto Piastra.AllFOpe.</Issue>
            <Issue
                Type = "Runtime"
                Number = "1037"
            >Impossibile risolvere la proprietà predefinita dell'oggetto Piastra.OTL.</Issue>
            <Issue
                Type = "Runtime"
                Number = "1037"
            >Impossibile risolvere la proprietà predefinita dell'oggetto Piastra.UL.</Issue>
            <Issue
                Type = "Runtime"
                Number = "1037"
            >Impossibile risolvere la proprietà predefinita dell'oggetto Piastra.CavChan.</Issue>
            <Issue
                Type = "Runtime"
                Number = "1037"
            >Impossibile risolvere la proprietà predefinita dell'oggetto Piastra.CavShel.</Issue>
            <Issue
                Type = "Runtime"
                Number = "1037"
            >Impossibile risolvere la proprietà predefinita dell'oggetto Piastra.CorChan.</Issue>
            <Issue
                Type = "Runtime"
                Number = "1037"
            >Impossibile risolvere la proprietà predefinita dell'oggetto Piastra.CorShel.</Issue>
            <Issue
                Type = "Runtime"
                Number = "1037"
            >Impossibile risolvere la proprietà predefinita dell'oggetto Piastra.DiffPress.</Issue>
            <Issue
                Type = "Runtime"
                Number = "1037"
            >Impossibile risolvere la proprietà predefinita dell'oggetto Piastra.DiffPressHT.</Issue>
            <Issue
                Type = "Runtime"
                Number = "1037"
            >Impossibile risolvere la proprietà predefinita dell'oggetto Piastra.Destemp.</Issue>
            <Issue
                Type = "Runtime"
                Number = "1037"
            >Impossibile risolvere la proprietà predefinita dell'oggetto Piastra.EquDiam.</Issue>
            <Issue
                Type = "Runtime"
                Number = "1037"
            >Impossibile risolvere la proprietà predefinita dell'oggetto Piastra.FlChanNome.</Issue>
            <Issue
                Type = "Runtime"
                Number = "1037"
            >Impossibile risolvere la proprietà predefinita dell'oggetto Piastra.FlShelNome.</Issue>
            <Issue
                Type = "Runtime"
                Number = "1037"
            >Impossibile risolvere la proprietà predefinita dell'oggetto Piastra.SlChanNome.</Issue>
            <Issue
                Type = "Runtime"
                Number = "1037"
            >Impossibile risolvere la proprietà predefinita dell'oggetto Piastra.SlShelNome.</Issue>
            <Issue
                Type = "Runtime"
                Number = "1037"
            >Impossibile risolvere la proprietà predefinita dell'oggetto Piastra.FLEX.</Issue>
            <Issue
                Type = "Runtime"
                Number = "1037"
            >Impossibile risolvere la proprietà predefinita dell'oggetto Piastra.FullBolt.</Issue>
            <Issue
                Type = "Runtime"
                Number = "1037"
            >Impossibile risolvere la proprietà predefinita dell'oggetto Piastra.mart.</Issue>
            <Issue
                Type = "Runtime"
                Number = "1037"
            >Impossibile risolvere la proprietà predefinita dell'oggetto Piastra.PHTChan.</Issue>
            <Issue
                Type = "Runtime"
                Number = "1037"
            >Impossibile risolvere la proprietà predefinita dell'oggetto Piastra.PHTShel.</Issue>
            <Issue
                Type = "Runtime"
                Number = "1037"
            >Impossibile risolvere la proprietà predefinita dell'oggetto Piastra.PDesChan.</Issue>
            <Issue
                Type = "Runtime"
                Number = "1037"
            >Impossibile risolvere la proprietà predefinita dell'oggetto Piastra.PDesShel.</Issue>
            <Issue
                Type = "Runtime"
                Number = "1037"
            >Impossibile risolvere la proprietà predefinita dell'oggetto Piastra.ProgDiffPr.</Issue>
            <Issue
                Type = "Runtime"
                Number = "1037"
            >Impossibile risolvere la proprietà predefinita dell'oggetto Piastra.CRUSH.</Issue>
            <Issue
                Type = "Runtime"
                Number = "1037"
            >Impossibile risolvere la proprietà predefinita dell'oggetto Piastra.DiffPIese.</Issue>
            <Issue
                Type = "Runtime"
                Number = "1037"
            >Impossibile risolvere la proprietà predefinita dell'oggetto Piastra.SicBullp.</Issue>
            <Issue
                Type = "Runtime"
                Number = "1037"
            >Impossibile risolvere la proprietà predefinita dell'oggetto Piastra.FattBoltSy.</Issue>
            <Issue
                Type = "Runtime"
                Number = "1037"
            >Impossibile risolvere la proprietà predefinita dell'oggetto Piastra.Rapporto.</Issue>
            <Issue
                Type = "Runtime"
                Number = "1037"
            >Impossibile risolvere la proprietà predefinita dell'oggetto Piastra.NumBolt.</Issue>
            <Issue
                Type = "Runtime"
                Number = "1037"
            >Impossibile risolvere la proprietà predefinita dell'oggetto Piastra.NumColl.</Issue>
            <Issue
                Type = "Runtime"
                Number = "1037"
            >Impossibile risolvere la proprietà predefinita dell'oggetto Piastra.AllBRoo.</Issue>
            <Issue
                Type = "Runtime"
                Number = "1037"
            >Impossibile risolvere la proprietà predefinita dell'oggetto Piastra.AllBOpe.</Issue>
            <Issue
                Type = "Runtime"
                Number = "1037"
            >Impossibile risolvere la proprietà predefinita dell'oggetto Piastra.AreBolt.</Issue>
            <Issue
                Type = "Runtime"
                Number = "1037"
            >Impossibile risolvere la proprietà predefinita dell'oggetto Piastra.BoltCiD.</Issue>
            <Issue
                Type = "Runtime"
                Number = "1037"
            >Impossibile risolvere la proprietà predefinita dell'oggetto Piastra.BRadMin.</Issue>
            <Issue
                Type = "Runtime"
                Number = "1037"
            >Impossibile risolvere la proprietà predefinita dell'oggetto Piastra.BSpcMin.</Issue>
            <Issue
                Type = "Runtime"
                Number = "1037"
            >Impossibile risolvere la proprietà predefinita dell'oggetto Piastra.DiNBull.</Issue>
            <Issue
                Type = "Runtime"
                Number = "1037"
            >Impossibile risolvere la proprietà predefinita dell'oggetto Piastra.XFil.</Issue>
            <Issue
                Type = "Runtime"
                Number = "1037"
            >Impossibile risolvere la proprietà predefinita dell'oggetto Piastra.TipCalc.</Issue>
            <Issue
                Type = "Runtime"
                Number = "1037"
            >Impossibile risolvere la proprietà predefinita dell'oggetto Piastra.TipPass.</Issue>
            <Issue
                Type = "Runtime"
                Number = "1037"
            >Impossibile risolvere la proprietà predefinita dell'oggetto Piastra.TSheDes.</Issue>
            <Issue
                Type = "Runtime"
                Number = "1037"
            >Impossibile risolvere la proprietà predefinita dell'oggetto Piastra.TExtThk.</Issue>
            <Issue
                Type = "Runtime"
                Number = "1037"
            >Impossibile risolvere la proprietà predefinita dell'oggetto Piastra.TubDiam.</Issue>
            <Issue
                Type = "Runtime"
                Number = "1037"
            >Impossibile risolvere la proprietà predefinita dell'oggetto Piastra.TubPass.</Issue>
            <Issue
                Type = "Runtime"
                Number = "1037"
            >Impossibile risolvere la proprietà predefinita dell'oggetto Piastra.Verbose.</Issue>
            <Issue
                Type = "Runtime"
                Number = "1037"
            >Impossibile risolvere la proprietà predefinita dell'oggetto Piastra.VacuumTS.</Issue>
            <Issue
                Type = "Runtime"
                Number = "1037"
            >Impossibile risolvere la proprietà predefinita dell'oggetto Piastra.VacuumSS.</Issue>
            <Issue
                Type = "Runtime"
                Number = "1037"
            >Impossibile risolvere la proprietà predefinita dell'oggetto Piastra.BullDistinti.</Issue>
            <Issue
                Type = "Runtime"
                Number = "1037"
            >Impossibile risolvere la proprietà predefinita dell'oggetto Piastra.BullIndip.</Issue>
            <Issue
                Type = "Runtime"
                Number = "1037"
            >Impossibile risolvere la proprietà predefinita dell'oggetto ptFlChan(i).</Issue>
            <Issue
                Type = "Runtime"
                Number = "1037"
            >Impossibile risolvere la proprietà predefinita dell'oggetto Piastra.FlChanDati.</Issue>
            <Issue
                Type = "Runtime"
                Number = "1037"
            >Impossibile risolvere la proprietà predefinita dell'oggetto ptFlShel(i).</Issue>
            <Issue
                Type = "Runtime"
                Number = "1037"
            >Impossibile risolvere la proprietà predefinita dell'oggetto Piastra.FlShelDati.</Issue>
            <Issue
                Type = "Runtime"
                Number = "1037"
            >Impossibile risolvere la proprietà predefinita dell'oggetto ptSlChan(i).</Issue>
            <Issue
                Type = "Runtime"
                Number = "1037"
            >Impossibile risolvere la proprietà predefinita dell'oggetto Piastra.SlChanDati.</Issue>
            <Issue
                Type = "Runtime"
                Number = "1037"
            >Impossibile risolvere la proprietà predefinita dell'oggetto ptSlShel(i).</Issue>
            <Issue
                Type = "Runtime"
                Number = "1037"
            >Impossibile risolvere la proprietà predefinita dell'oggetto Piastra.SlShelDati.</Issue>
            <Issue
                Type = "Runtime"
                Number = "1037"
            >Impossibile risolvere la proprietà predefinita dell'oggetto Piastra.PHI.</Issue>
            <Issue
                Type = "Runtime"
                Number = "1037"
            >Impossibile risolvere la proprietà predefinita dell'oggetto Piastra.wn.</Issue>
            <Issue
                Type = "Runtime"
                Number = "1037"
            >Impossibile risolvere la proprietà predefinita dell'oggetto Piastra.IndFac.</Issue>
            <Issue
                Type = "Runtime"
                Number = "1037"
            >Impossibile risolvere la proprietà predefinita dell'oggetto Piastra.TipGsk.</Issue>
            <Issue
                Type = "Runtime"
                Number = "1037"
            >Impossibile risolvere la proprietà predefinita dell'oggetto Piastra.ClassGsk.</Issue>
            <Issue
                Type = "Runtime"
                Number = "1037"
            >Impossibile risolvere la proprietà predefinita dell'oggetto Piastra.MatPias.</Issue>
            <Issue
                Type = "Runtime"
                Number = "1037"
            >Impossibile risolvere la proprietà predefinita dell'oggetto Piastra.MatBull.</Issue>
        </Section>
        <Section Name = "Salva" >
            <Issue
                Type = "Runtime"
                Number = "1041"
            >Put è stato aggiornato a FilePut e ha un nuovo comportamento.</Issue>
            <Issue
                Type = "Runtime"
                Number = "1037"
            >Impossibile risolvere la proprietà predefinita dell'oggetto Piastra.Salva.</Issue>
        </Section>
        <Section Name = "Leggi" >
            <Issue
                Type = "Runtime"
                Number = "1037"
            >Impossibile risolvere la proprietà predefinita dell'oggetto Piastra.Leggi.</Issue>
        </Section>
        <Section Name = "Calcola" >
            <Issue
                Type = "Runtime"
                Number = "2065"
                ObjectName = "Screen"
                ObjectType = "Screen"
                PME = "MousePointer"
            >Screen proprietà Screen.MousePointer presenta un nuovo comportamento.</Issue>
            <Issue
                Type = "Runtime"
                Number = "1037"
            >Impossibile risolvere la proprietà predefinita dell'oggetto objMemb().IndAccopp.</Issue>
            <Issue
                Type = "Runtime"
                Number = "1037"
            >Impossibile risolvere la proprietà predefinita dell'oggetto SlChanDati(1).</Issue>
            <Issue
                Type = "Compile"
                Number = "1039"
                PME = "Load"
            >istruzione Load non supportata.</Issue>
            <Issue
                Type = "Runtime"
                Number = "1037"
            >Impossibile risolvere la proprietà predefinita dell'oggetto Piastra.CalcoloInCorso.</Issue>
            <Issue
                Type = "Compile"
                Number = "1014"
            >L'istruzione GoSub non è supportata.</Issue>
            <Issue
                Type = "Runtime"
                Number = "1041"
            >Return ha un nuovo comportamento.</Issue>
        </Section>
        <Section Name = "geomguar" >
            <Issue
                Type = "Runtime"
                Number = "1037"
            >Impossibile risolvere la proprietà predefinita dell'oggetto Fl.</Issue>
            <Issue
                Type = "Runtime"
                Number = "1037"
            >Impossibile risolvere la proprietà predefinita dell'oggetto Bulloni.</Issue>
            <Issue
                Type = "Runtime"
                Number = "1037"
            >Impossibile risolvere la proprietà predefinita dell'oggetto FlShel(IndProbl).</Issue>
            <Issue
                Type = "Runtime"
                Number = "1037"
            >Impossibile risolvere la proprietà predefinita dell'oggetto FlChan(IndProbl).</Issue>
        </Section>
        <Section Name = "SetPiastra" >
            <Issue
                Type = "Runtime"
                Number = "1037"
            >Impossibile risolvere la proprietà predefinita dell'oggetto Piastra.SetPiastra.</Issue>
        </Section>
        <Section Name = "TEMAAA" >
            <Issue
                Type = "Runtime"
                Number = "1037"
            >Impossibile risolvere la proprietà predefinita dell'oggetto Piastra.IBW.</Issue>
        </Section>
        <Section Name = "CalcTEMA" >
            <Issue
                Type = "Runtime"
                Number = "1037"
            >Impossibile risolvere la proprietà predefinita dell'oggetto Piastra.Corrodi.</Issue>
            <Issue
                Type = "Runtime"
                Number = "1037"
            >Impossibile risolvere la proprietà predefinita dell'oggetto Piastra.Esecuzione.</Issue>
            <Issue
                Type = "Runtime"
                Number = "1037"
            >Impossibile risolvere la proprietà predefinita dell'oggetto Piastra.ScelSpes.</Issue>
            <Issue
                Type = "Runtime"
                Number = "1037"
            >Impossibile risolvere la proprietà predefinita dell'oggetto Piastra.Stampe.</Issue>
            <Issue
                Type = "Runtime"
                Number = "1037"
            >Impossibile risolvere la proprietà predefinita dell'oggetto Piastra.sCorrodi.</Issue>
            <Issue
                Type = "Runtime"
                Number = "1037"
            >Impossibile risolvere la proprietà predefinita dell'oggetto Piastra.Calcoli2.</Issue>
        </Section>
        <Section Name = "CopiaTiranti" >
            <Issue
                Type = "Runtime"
                Number = "1037"
            >Impossibile risolvere la proprietà predefinita dell'oggetto Problem().Tiranti(2).</Issue>
        </Section>
    </File>
    <File
        OldPath = "E:\Programmi\MicroSoft Visual Studio\Fbm\AsmeVip\wn_UTEMA.cls"
        NewPath = "C:\Documenti\Visual Studio Projects\Lancio\AsmeVip.NET\wn_UTEMA.vb"
        FileType = "Class Module"
        Upgraded = "True"
    >
        <Section Name = "Class_Initialize" >
            <Issue
                Type = "Runtime"
                Number = "1037"
            >Impossibile risolvere la proprietà predefinita dell'oggetto objMemb().Indprobl1.</Issue>
            <Issue
                Type = "Runtime"
                Number = "1037"
            >Impossibile risolvere la proprietà predefinita dell'oggetto objMemb().SetPiastra.</Issue>
        </Section>
        <Section Name = "Esecuzione" >
            <Issue
                Type = "Runtime"
                Number = "1037"
            >Impossibile risolvere la proprietà predefinita dell'oggetto pressdiffHT.</Issue>
            <Issue
                Type = "Runtime"
                Number = "1037"
            >Impossibile risolvere la proprietà predefinita dell'oggetto Problem().Tiranti(2).</Issue>
            <Issue
                Type = "Runtime"
                Number = "1037"
            >Impossibile risolvere la proprietà predefinita dell'oggetto Fl.</Issue>
            <Issue
                Type = "Runtime"
                Number = "1037"
            >Impossibile risolvere la proprietà predefinita dell'oggetto Bulloni.</Issue>
            <Issue
                Type = "Runtime"
                Number = "1037"
            >Impossibile risolvere la proprietà predefinita dell'oggetto Base.geomguar.</Issue>
            <Issue
                Type = "Runtime"
                Number = "1037"
            >Impossibile risolvere la proprietà predefinita dell'oggetto FlShel(IndProbl).</Issue>
            <Issue
                Type = "Runtime"
                Number = "1037"
            >Impossibile risolvere la proprietà predefinita dell'oggetto FlChan(IndProbl).</Issue>
        </Section>
        <Section Name = "MAWP" >
            <Issue
                Type = "Compile"
                Number = "1014"
            >L'istruzione GoSub non è supportata.</Issue>
            <Issue
                Type = "Runtime"
                Number = "1041"
            >Return ha un nuovo comportamento.</Issue>
        </Section>
        <Section Name = "pbrou" >
            <Issue
                Type = "Runtime"
                Number = "1037"
            >Impossibile risolvere la proprietà predefinita dell'oggetto mxx.</Issue>
        </Section>
        <Section Name = "Rifair" >
            <Issue
                Type = "Compile"
                Number = "1014"
            >L'istruzione GoSub non è supportata.</Issue>
            <Issue
                Type = "Compile"
                Number = "2064"
                ObjectName = "Picture1"
                ObjectType = "PictureBox"
                PME = "Cls"
            >PictureBox metodo Picture1.Cls non è stato aggiornato.</Issue>
            <Issue
                Type = "Runtime"
                Number = "1041"
            >Return ha un nuovo comportamento.</Issue>
            <Issue
                Type = "Runtime"
                Number = "1037"
            >Impossibile risolvere la proprietà predefinita dell'oggetto Fl.</Issue>
            <Issue
                Type = "Runtime"
                Number = "1037"
            >Impossibile risolvere la proprietà predefinita dell'oggetto Bulloni.</Issue>
            <Issue
                Type = "Runtime"
                Number = "1037"
            >Impossibile risolvere la proprietà predefinita dell'oggetto objMemb().BracFla.</Issue>
            <Issue
                Type = "Runtime"
                Number = "1037"
            >Impossibile risolvere la proprietà predefinita dell'oggetto FlShel(IndProbl).</Issue>
            <Issue
                Type = "Runtime"
                Number = "1037"
            >Impossibile risolvere la proprietà predefinita dell'oggetto FlChan(IndProbl).</Issue>
            <Issue
                Type = "Runtime"
                Number = "1037"
            >Impossibile risolvere la proprietà predefinita dell'oggetto objMemb().SlChanDati.</Issue>
            <Issue
                Type = "Runtime"
                Number = "1037"
            >Impossibile risolvere la proprietà predefinita dell'oggetto Err.decription.</Issue>
        </Section>
        <Section Name = "ScelSpes" >
            <Issue
                Type = "Runtime"
                Number = "1037"
            >Impossibile risolvere la proprietà predefinita dell'oggetto objMemb(Involucr(kLato, jInvolucr).IndObject).Rules.</Issue>
            <Issue
                Type = "Runtime"
                Number = "1037"
            >Impossibile risolvere la proprietà predefinita dell'oggetto Monitor.Motore.inizio.ConvertiCr().</Issue>
            <Issue
                Type = "Compile"
                Number = "1014"
            >L'istruzione GoSub non è supportata.</Issue>
            <Issue
                Type = "Runtime"
                Number = "1041"
            >Return ha un nuovo comportamento.</Issue>
        </Section>
        <Section Name = "DatiInput" >
            <Issue
                Type = "Runtime"
                Number = "1037"
            >Impossibile risolvere la proprietà predefinita dell'oggetto DatiInput.</Issue>
            <Issue
                Type = "Runtime"
                Number = "1037"
            >Impossibile risolvere la proprietà predefinita dell'oggetto objMemb(Involucr(kLato, jInvolucr).IndObject).DatiFlange.</Issue>
        </Section>
        <Section Name = "printa" >
            <Issue
                Type = "Compile"
                Number = "1014"
            >L'istruzione GoSub non è supportata.</Issue>
            <Issue
                Type = "Runtime"
                Number = "1037"
            >Impossibile risolvere la proprietà predefinita dell'oggetto Fl.</Issue>
            <Issue
                Type = "Runtime"
                Number = "1041"
            >Return ha un nuovo comportamento.</Issue>
        </Section>
        <Section Name = "Asse" >
            <Issue
                Type = "Compile"
                Number = "2064"
                ObjectName = "Picture1"
                ObjectType = "PictureBox"
                PME = "TextWidth"
            >PictureBox metodo Picture1.TextWidth non è stato aggiornato.</Issue>
            <Issue
                Type = "Compile"
                Number = "2064"
                ObjectName = "Picture1"
                ObjectType = "PictureBox"
                PME = "TextHeight"
            >PictureBox metodo Picture1.TextHeight non è stato aggiornato.</Issue>
        </Section>
        <Section Name = "grafic" >
            <Issue
                Type = "Compile"
                Number = "2064"
                ObjectName = "Picture1"
                ObjectType = "PictureBox"
                PME = "TextWidth"
            >PictureBox metodo Picture1.TextWidth non è stato aggiornato.</Issue>
            <Issue
                Type = "Compile"
                Number = "2064"
                ObjectName = "Picture1"
                ObjectType = "PictureBox"
                PME = "TextHeight"
            >PictureBox metodo Picture1.TextHeight non è stato aggiornato.</Issue>
        </Section>
        <Section Name = "Flchandati" >
            <Issue
                Type = "Runtime"
                Number = "1037"
            >Impossibile risolvere la proprietà predefinita dell'oggetto FlChanDati.</Issue>
            <Issue
                Type = "Runtime"
                Number = "1037"
            >Impossibile risolvere la proprietà predefinita dell'oggetto vNewValue.</Issue>
        </Section>
        <Section Name = "Slchandati" >
            <Issue
                Type = "Runtime"
                Number = "1037"
            >Impossibile risolvere la proprietà predefinita dell'oggetto SlChanDati.</Issue>
            <Issue
                Type = "Runtime"
                Number = "1037"
            >Impossibile risolvere la proprietà predefinita dell'oggetto vNewValue.</Issue>
        </Section>
        <Section Name = "Flsheldati" >
            <Issue
                Type = "Runtime"
                Number = "1037"
            >Impossibile risolvere la proprietà predefinita dell'oggetto FlShelDati.</Issue>
            <Issue
                Type = "Runtime"
                Number = "1037"
            >Impossibile risolvere la proprietà predefinita dell'oggetto vNewValue.</Issue>
        </Section>
        <Section Name = "Slsheldati" >
            <Issue
                Type = "Runtime"
                Number = "1037"
            >Impossibile risolvere la proprietà predefinita dell'oggetto SlShelDati.</Issue>
            <Issue
                Type = "Runtime"
                Number = "1037"
            >Impossibile risolvere la proprietà predefinita dell'oggetto vNewValue.</Issue>
        </Section>
        <Section Name = "Leggi" >
            <Issue
                Type = "Runtime"
                Number = "1041"
            >Get è stato aggiornato a FileGet e ha un nuovo comportamento.</Issue>
        </Section>
        <Section Name = "Salva" >
            <Issue
                Type = "Runtime"
                Number = "1041"
            >Put è stato aggiornato a FilePut e ha un nuovo comportamento.</Issue>
        </Section>
        <Section Name = "ROTFL" >
            <Issue
                Type = "Runtime"
                Number = "1037"
            >Impossibile risolvere la proprietà predefinita dell'oggetto ROTFL.</Issue>
        </Section>
        <Section Name = "Carichi" >
            <Issue
                Type = "Runtime"
                Number = "1037"
            >Impossibile risolvere la proprietà predefinita dell'oggetto pressdiffHT.</Issue>
        </Section>
        <Section Name = "CheckAccoppiata" >
            <Issue
                Type = "Runtime"
                Number = "1033"
            >Il limite inferiore della matrice Strin è stato cambiato da 1 a 0.</Issue>
            <Issue
                Type = "Compile"
                Number = "1014"
            >L'istruzione GoSub non è supportata.</Issue>
            <Issue
                Type = "Runtime"
                Number = "1037"
            >Impossibile risolvere la proprietà predefinita dell'oggetto Base.FlShelDati.</Issue>
            <Issue
                Type = "Runtime"
                Number = "1037"
            >Impossibile risolvere la proprietà predefinita dell'oggetto Base.FlChanDati.</Issue>
            <Issue
                Type = "Runtime"
                Number = "1041"
            >Return ha un nuovo comportamento.</Issue>
        </Section>
    </File>
    <File
        OldPath = "E:\Programmi\MicroSoft Visual Studio\Fbm\AsmeVip\frmGrafic.frm"
        NewPath = "C:\Documenti\Visual Studio Projects\Lancio\AsmeVip.NET\frmGrafic.vb"
        FileType = "Form"
        Upgraded = "True"
    >
        <Section Name = "(Layout)" >
            <Issue
                Type = "Design"
                Number = "2064"
                ObjectName = "Picture1"
                ObjectType = "PictureBox"
                PME = "AutoRedraw"
            >PictureBox proprietà Picture1.AutoRedraw non è stato aggiornato.</Issue>
        </Section>
    </File>
    <File
        OldPath = "E:\Programmi\MicroSoft Visual Studio\Fbm\AsmeVip\wn_Dilat.cls"
        NewPath = "C:\Documenti\Visual Studio Projects\Lancio\AsmeVip.NET\wn_Dilat.vb"
        FileType = "Class Module"
        Upgraded = "True"
    >
        <Section Name = "(Dichiarazioni)" >
            <Issue
                Type = "ToDo"
                Number = "1026"
            >&amp;quot;Initialize&amp;quot; deve essere chiamato per inizializzare istanze di questa struttura.</Issue>
            <Issue
                Type = "Runtime"
                Number = "1063"
            >È possibile che si debba inizializzare le matrici nella struttura DilFlex prima di poterle utilizzare.</Issue>
            <Issue
                Type = "Runtime"
                Number = "1063"
            >È possibile che si debba inizializzare le matrici nella struttura DilStre prima di poterle utilizzare.</Issue>
            <Issue
                Type = "Runtime"
                Number = "1042"
            >È possibile che singoli elementi della matrice Risult debbano essere inizializzati.</Issue>
            <Issue
                Type = "Runtime"
                Number = "1033"
            >Il limite inferiore della matrice c è stato cambiato da 1,1,1 a 0,0,0.</Issue>
            <Issue
                Type = "Runtime"
                Number = "1042"
            >È possibile che singoli elementi della matrice Dilat debbano essere inizializzati.</Issue>
            <Issue
                Type = "Runtime"
                Number = "1033"
            >Il limite inferiore della matrice Dilat è stato cambiato da 1 a 0.</Issue>
            <Issue
                Type = "Runtime"
                Number = "1042"
            >È possibile che singoli elementi della matrice IntermStress debbano essere inizializzati.</Issue>
            <Issue
                Type = "Runtime"
                Number = "1033"
            >Il limite inferiore della matrice IntermStress è stato cambiato da 1,1 a 0,0.</Issue>
        </Section>
        <Section Name = "Initialize" >
            <Issue
                Type = "Runtime"
                Number = "1033"
            >Il limite inferiore della matrice Valor è stato cambiato da 1 a 0.</Issue>
            <Issue
                Type = "Runtime"
                Number = "1033"
            >Il limite inferiore della matrice Omega è stato cambiato da 1 a 0.</Issue>
            <Issue
                Type = "Runtime"
                Number = "1033"
            >Il limite inferiore della matrice j è stato cambiato da 1,1 a 0,0.</Issue>
            <Issue
                Type = "Runtime"
                Number = "1033"
            >Il limite inferiore della matrice Z è stato cambiato da 1 a 0.</Issue>
            <Issue
                Type = "Runtime"
                Number = "1033"
            >Il limite inferiore della matrice k è stato cambiato da 0,1 a 0,0.</Issue>
            <Issue
                Type = "Runtime"
                Number = "1033"
            >Il limite inferiore della matrice E è stato cambiato da 1 a 0.</Issue>
            <Issue
                Type = "Runtime"
                Number = "1033"
            >Il limite inferiore della matrice y è stato cambiato da 1 a 0.</Issue>
            <Issue
                Type = "Runtime"
                Number = "1033"
            >Il limite inferiore della matrice x è stato cambiato da 1 a 0.</Issue>
            <Issue
                Type = "Runtime"
                Number = "1033"
            >Il limite inferiore della matrice R è stato cambiato da 1 a 0.</Issue>
            <Issue
                Type = "Runtime"
                Number = "1033"
            >Il limite inferiore della matrice chi è stato cambiato da 1,1 a 0,0.</Issue>
            <Issue
                Type = "Runtime"
                Number = "1033"
            >Il limite inferiore della matrice delta è stato cambiato da 1 a 0.</Issue>
            <Issue
                Type = "Runtime"
                Number = "1033"
            >Il limite inferiore della matrice B1 è stato cambiato da 1 a 0.</Issue>
            <Issue
                Type = "Runtime"
                Number = "1033"
            >Il limite inferiore della matrice B2 è stato cambiato da 1 a 0.</Issue>
            <Issue
                Type = "Runtime"
                Number = "1033"
            >Il limite inferiore della matrice v1 è stato cambiato da 1,1 a 0,0.</Issue>
            <Issue
                Type = "Runtime"
                Number = "1033"
            >Il limite inferiore della matrice v2 è stato cambiato da 1,1 a 0,0.</Issue>
            <Issue
                Type = "Runtime"
                Number = "1033"
            >Il limite inferiore della matrice Sm è stato cambiato da 1,1 a 0,0.</Issue>
            <Issue
                Type = "Runtime"
                Number = "1033"
            >Il limite inferiore della matrice v2s è stato cambiato da 1,1 a 0,0.</Issue>
            <Issue
                Type = "Runtime"
                Number = "1033"
            >Il limite inferiore della matrice sb è stato cambiato da 1,1 a 0,0.</Issue>
            <Issue
                Type = "Runtime"
                Number = "1033"
            >Il limite inferiore della matrice t è stato cambiato da 1,1 a 0,0.</Issue>
            <Issue
                Type = "Runtime"
                Number = "1033"
            >Il limite inferiore della matrice T1 è stato cambiato da 1 a 0.</Issue>
            <Issue
                Type = "Runtime"
                Number = "1033"
            >Il limite inferiore della matrice Scl è stato cambiato da 1 a 0.</Issue>
            <Issue
                Type = "Runtime"
                Number = "1033"
            >Il limite inferiore della matrice Sm è stato cambiato da 1 a 0.</Issue>
            <Issue
                Type = "Runtime"
                Number = "1033"
            >Il limite inferiore della matrice sb è stato cambiato da 1 a 0.</Issue>
            <Issue
                Type = "Runtime"
                Number = "1033"
            >Il limite inferiore della matrice Smmp è stato cambiato da 1 a 0.</Issue>
            <Issue
                Type = "Runtime"
                Number = "1033"
            >Il limite inferiore della matrice Scmp è stato cambiato da 1 a 0.</Issue>
            <Issue
                Type = "Runtime"
                Number = "1033"
            >Il limite inferiore della matrice Smbp è stato cambiato da 1 a 0.</Issue>
            <Issue
                Type = "Runtime"
                Number = "1033"
            >Il limite inferiore della matrice Fmmp è stato cambiato da 1 a 0.</Issue>
            <Issue
                Type = "Runtime"
                Number = "1033"
            >Il limite inferiore della matrice Fcmp è stato cambiato da 1 a 0.</Issue>
            <Issue
                Type = "Runtime"
                Number = "1033"
            >Il limite inferiore della matrice Fmbp è stato cambiato da 1 a 0.</Issue>
            <Issue
                Type = "Runtime"
                Number = "1033"
            >Il limite inferiore della matrice Risult è stato cambiato da 1 a 0.</Issue>
            <Issue
                Type = "Runtime"
                Number = "1033"
            >Il limite inferiore della matrice Pad è stato cambiato da 1 a 0.</Issue>
        </Section>
        <Section Name = "EjmaGraf" >
            <Issue
                Type = "Runtime"
                Number = "1063"
            >È possibile che si debba inizializzare le matrici nella struttura Grafprima prima di poterle utilizzare.</Issue>
            <Issue
                Type = "Runtime"
                Number = "1063"
            >È possibile che si debba inizializzare le matrici nella struttura GrafZ1 prima di poterle utilizzare.</Issue>
            <Issue
                Type = "Runtime"
                Number = "1063"
            >È possibile che si debba inizializzare le matrici nella struttura Grafdopo prima di poterle utilizzare.</Issue>
            <Issue
                Type = "Runtime"
                Number = "1037"
            >Impossibile risolvere la proprietà predefinita dell'oggetto EjmaGraf.</Issue>
            <Issue
                Type = "Runtime"
                Number = "1041"
            >Get è stato aggiornato a FileGet e ha un nuovo comportamento.</Issue>
        </Section>
        <Section Name = "FlexDilat" >
            <Issue
                Type = "Runtime"
                Number = "1033"
            >Il limite inferiore della matrice rstv è stato cambiato da 1 a 0.</Issue>
            <Issue
                Type = "Runtime"
                Number = "1033"
            >Il limite inferiore della matrice rshv è stato cambiato da 1 a 0.</Issue>
            <Issue
                Type = "Runtime"
                Number = "1037"
            >Impossibile risolvere la proprietà predefinita dell'oggetto objMemb().Piastra.</Issue>
            <Issue
                Type = "Runtime"
                Number = "1037"
            >Impossibile risolvere la proprietà predefinita dell'oggetto O.Zp.</Issue>
            <Issue
                Type = "Compile"
                Number = "1014"
            >L'istruzione GoSub non è supportata.</Issue>
            <Issue
                Type = "Runtime"
                Number = "1037"
            >Impossibile risolvere la proprietà predefinita dell'oggetto rstv(ii).</Issue>
            <Issue
                Type = "Runtime"
                Number = "1037"
            >Impossibile risolvere la proprietà predefinita dell'oggetto rshv(ii).</Issue>
            <Issue
                Type = "Runtime"
                Number = "1041"
            >Return ha un nuovo comportamento.</Issue>
        </Section>
        <Section Name = "FlexEjma" >
            <Issue
                Type = "Runtime"
                Number = "1037"
            >Impossibile risolvere la proprietà predefinita dell'oggetto objMemb(Involucr(kLato, jInvolucr).IndObject).Piastra.</Issue>
            <Issue
                Type = "Runtime"
                Number = "1037"
            >Impossibile risolvere la proprietà predefinita dell'oggetto objMemb().Piastra.</Issue>
            <Issue
                Type = "Runtime"
                Number = "1037"
            >Impossibile risolvere la proprietà predefinita dell'oggetto EjmaGraf().</Issue>
        </Section>
        <Section Name = "LeggiDilat" >
            <Issue
                Type = "Runtime"
                Number = "1037"
            >Impossibile risolvere la proprietà predefinita dell'oggetto objMemb().Piastra.</Issue>
            <Issue
                Type = "Runtime"
                Number = "1037"
            >Impossibile risolvere la proprietà predefinita dell'oggetto objMemb(Involucr(kLato, jInvolucr).IndObject).Piastra.</Issue>
            <Issue
                Type = "Runtime"
                Number = "1037"
            >Impossibile risolvere la proprietà predefinita dell'oggetto Dilat().DilProg.</Issue>
        </Section>
        <Section Name = "StressEjma" >
            <Issue
                Type = "Runtime"
                Number = "1037"
            >Impossibile risolvere la proprietà predefinita dell'oggetto objMemb().Piastra.</Issue>
            <Issue
                Type = "Runtime"
                Number = "1037"
            >Impossibile risolvere la proprietà predefinita dell'oggetto EjmaGraf().</Issue>
            <Issue
                Type = "Runtime"
                Number = "1037"
            >Impossibile risolvere la proprietà predefinita dell'oggetto O.Zp.</Issue>
        </Section>
        <Section Name = "AppCC" >
            <Issue
                Type = "Runtime"
                Number = "1037"
            >Impossibile risolvere la proprietà predefinita dell'oggetto objMemb().Piastra.</Issue>
            <Issue
                Type = "Runtime"
                Number = "1037"
            >Impossibile risolvere la proprietà predefinita dell'oggetto O.Zp.</Issue>
            <Issue
                Type = "Runtime"
                Number = "1037"
            >Impossibile risolvere la proprietà predefinita dell'oggetto O.Offset.</Issue>
            <Issue
                Type = "Runtime"
                Number = "1037"
            >Impossibile risolvere la proprietà predefinita dell'oggetto O.CalcoloInCorso.</Issue>
            <Issue
                Type = "Compile"
                Number = "1014"
            >L'istruzione GoSub non è supportata.</Issue>
            <Issue
                Type = "Runtime"
                Number = "1041"
            >Return ha un nuovo comportamento.</Issue>
        </Section>
        <Section Name = "CiClall" >
            <Issue
                Type = "Runtime"
                Number = "1037"
            >Impossibile risolvere la proprietà predefinita dell'oggetto objMemb().Piastra.</Issue>
            <Issue
                Type = "Runtime"
                Number = "1037"
            >Impossibile risolvere la proprietà predefinita dell'oggetto O.Zp.</Issue>
            <Issue
                Type = "Runtime"
                Number = "1037"
            >Impossibile risolvere la proprietà predefinita dell'oggetto O.Neventip.</Issue>
            <Issue
                Type = "Runtime"
                Number = "1037"
            >Impossibile risolvere la proprietà predefinita dell'oggetto Monitor.Motore.inizio.ConvertiCr().</Issue>
            <Issue
                Type = "Runtime"
                Number = "1037"
            >Impossibile risolvere la proprietà predefinita dell'oggetto Dummy.</Issue>
            <Issue
                Type = "Runtime"
                Number = "1037"
            >Impossibile risolvere la proprietà predefinita dell'oggetto Ciclo(ii, iMin).</Issue>
            <Issue
                Type = "Runtime"
                Number = "1037"
            >Impossibile risolvere la proprietà predefinita dell'oggetto Ciclo(ii, i).</Issue>
        </Section>
        <Section Name = "DisplayDilat" >
            <Issue
                Type = "Runtime"
                Number = "1037"
            >Impossibile risolvere la proprietà predefinita dell'oggetto objMemb().Piastra.</Issue>
            <Issue
                Type = "Runtime"
                Number = "1037"
            >Impossibile risolvere la proprietà predefinita dell'oggetto TipoDilat.</Issue>
            <Issue
                Type = "Runtime"
                Number = "1037"
            >Impossibile risolvere la proprietà predefinita dell'oggetto O.RisPAGINA.</Issue>
            <Issue
                Type = "Runtime"
                Number = "1037"
            >Impossibile risolvere la proprietà predefinita dell'oggetto O.Zp.</Issue>
            <Issue
                Type = "Compile"
                Number = "1014"
            >L'istruzione GoSub non è supportata.</Issue>
            <Issue
                Type = "Runtime"
                Number = "1037"
            >Impossibile risolvere la proprietà predefinita dell'oggetto O.IndProbl.</Issue>
            <Issue
                Type = "Runtime"
                Number = "1041"
            >Return ha un nuovo comportamento.</Issue>
        </Section>
        <Section Name = "GeomDilat" >
            <Issue
                Type = "Runtime"
                Number = "1037"
            >Impossibile risolvere la proprietà predefinita dell'oggetto objMemb().Piastra.</Issue>
            <Issue
                Type = "Runtime"
                Number = "1037"
            >Impossibile risolvere la proprietà predefinita dell'oggetto O.Zp.</Issue>
            <Issue
                Type = "Compile"
                Number = "1014"
            >L'istruzione GoSub non è supportata.</Issue>
            <Issue
                Type = "Runtime"
                Number = "1041"
            >Return ha un nuovo comportamento.</Issue>
        </Section>
        <Section Name = "SintDil" >
            <Issue
                Type = "Runtime"
                Number = "1037"
            >Impossibile risolvere la proprietà predefinita dell'oggetto objMemb().Piastra.</Issue>
            <Issue
                Type = "Compile"
                Number = "2064"
                ObjectName = "Picture1"
                ObjectType = "PictureBox"
                PME = "Cls"
            >PictureBox metodo Picture1.Cls non è stato aggiornato.</Issue>
            <Issue
                Type = "Compile"
                Number = "1014"
            >L'istruzione GoSub non è supportata.</Issue>
            <Issue
                Type = "Runtime"
                Number = "1037"
            >Impossibile risolvere la proprietà predefinita dell'oggetto O.Pulisci.</Issue>
            <Issue
                Type = "Runtime"
                Number = "1037"
            >Impossibile risolvere la proprietà predefinita dell'oggetto O.Neventip.</Issue>
            <Issue
                Type = "Runtime"
                Number = "1037"
            >Impossibile risolvere la proprietà predefinita dell'oggetto O.StampaSp.</Issue>
            <Issue
                Type = "Runtime"
                Number = "1041"
            >Return ha un nuovo comportamento.</Issue>
        </Section>
        <Section Name = "Leggi" >
            <Issue
                Type = "Runtime"
                Number = "1063"
            >È possibile che si debba inizializzare le matrici nella struttura Dilv prima di poterle utilizzare.</Issue>
            <Issue
                Type = "Runtime"
                Number = "1041"
            >Get è stato aggiornato a FileGet e ha un nuovo comportamento.</Issue>
            <Issue
                Type = "Runtime"
                Number = "1037"
            >Impossibile risolvere la proprietà predefinita dell'oggetto Dilat().DilGeom.</Issue>
            <Issue
                Type = "Runtime"
                Number = "1037"
            >Impossibile risolvere la proprietà predefinita dell'oggetto Dilat().DilEqui.</Issue>
            <Issue
                Type = "Runtime"
                Number = "1037"
            >Impossibile risolvere la proprietà predefinita dell'oggetto Dilat().DilFlex.</Issue>
            <Issue
                Type = "Runtime"
                Number = "1037"
            >Impossibile risolvere la proprietà predefinita dell'oggetto Dilat().DilStre.</Issue>
        </Section>
        <Section Name = "Scrivi" >
            <Issue
                Type = "Runtime"
                Number = "1041"
            >Put è stato aggiornato a FilePut e ha un nuovo comportamento.</Issue>
        </Section>
        <Section Name = "Decodif" >
            <Issue
                Type = "Runtime"
                Number = "1037"
            >Impossibile risolvere la proprietà predefinita dell'oggetto objMemb().Piastra.</Issue>
            <Issue
                Type = "Runtime"
                Number = "1037"
            >Impossibile risolvere la proprietà predefinita dell'oggetto Decode4.</Issue>
            <Issue
                Type = "Runtime"
                Number = "1037"
            >Impossibile risolvere la proprietà predefinita dell'oggetto iCond.</Issue>
            <Issue
                Type = "Runtime"
                Number = "1037"
            >Impossibile risolvere la proprietà predefinita dell'oggetto Decode5.</Issue>
            <Issue
                Type = "Runtime"
                Number = "1037"
            >Impossibile risolvere la proprietà predefinita dell'oggetto O.Zp.</Issue>
            <Issue
                Type = "Runtime"
                Number = "1037"
            >Impossibile risolvere la proprietà predefinita dell'oggetto O.TipoDilatp.</Issue>
            <Issue
                Type = "Runtime"
                Number = "1037"
            >Impossibile risolvere la proprietà predefinita dell'oggetto O.SoloDilat.</Issue>
            <Issue
                Type = "Runtime"
                Number = "1037"
            >Impossibile risolvere la proprietà predefinita dell'oggetto EjmaGraf().</Issue>
        </Section>
        <Section Name = "Assumi" >
            <Issue
                Type = "Runtime"
                Number = "1037"
            >Impossibile risolvere la proprietà predefinita dell'oggetto objMemb().Piastra.</Issue>
            <Issue
                Type = "Runtime"
                Number = "1037"
            >Impossibile risolvere la proprietà predefinita dell'oggetto O.ValoriPiastra.</Issue>
            <Issue
                Type = "Runtime"
                Number = "1037"
            >Impossibile risolvere la proprietà predefinita dell'oggetto O.Flangiata.</Issue>
            <Issue
                Type = "Runtime"
                Number = "1037"
            >Impossibile risolvere la proprietà predefinita dell'oggetto O.Zp.</Issue>
            <Issue
                Type = "Runtime"
                Number = "1037"
            >Impossibile risolvere la proprietà predefinita dell'oggetto O.iCondp.</Issue>
            <Issue
                Type = "Runtime"
                Number = "1037"
            >Impossibile risolvere la proprietà predefinita dell'oggetto O.Convert.</Issue>
            <Issue
                Type = "Compile"
                Number = "1014"
            >L'istruzione GoSub non è supportata.</Issue>
            <Issue
                Type = "Runtime"
                Number = "1037"
            >Impossibile risolvere la proprietà predefinita dell'oggetto O.TipoDilatp.</Issue>
            <Issue
                Type = "Runtime"
                Number = "1037"
            >Impossibile risolvere la proprietà predefinita dell'oggetto O.Offset.</Issue>
            <Issue
                Type = "Runtime"
                Number = "1037"
            >Impossibile risolvere la proprietà predefinita dell'oggetto O.Neventip.</Issue>
            <Issue
                Type = "Runtime"
                Number = "1037"
            >Impossibile risolvere la proprietà predefinita dell'oggetto O.Testatap.</Issue>
            <Issue
                Type = "Runtime"
                Number = "1041"
            >Return ha un nuovo comportamento.</Issue>
        </Section>
        <Section Name = "Cerca2" >
            <Issue
                Type = "Runtime"
                Number = "1037"
            >Impossibile risolvere la proprietà predefinita dell'oggetto s.</Issue>
        </Section>
        <Section Name = "Transfer" >
            <Issue
                Type = "Runtime"
                Number = "1037"
            >Impossibile risolvere la proprietà predefinita dell'oggetto objMemb().Piastra.</Issue>
            <Issue
                Type = "Runtime"
                Number = "1037"
            >Impossibile risolvere la proprietà predefinita dell'oggetto O.Zp.</Issue>
        </Section>
        <Section Name = "RetrDilat" >
            <Issue
                Type = "Runtime"
                Number = "1037"
            >Impossibile risolvere la proprietà predefinita dell'oggetto Dilat(1).</Issue>
            <Issue
                Type = "Runtime"
                Number = "1037"
            >Impossibile risolvere la proprietà predefinita dell'oggetto Dilat(2).</Issue>
            <Issue
                Type = "Runtime"
                Number = "1037"
            >Impossibile risolvere la proprietà predefinita dell'oggetto IntermStress(1, i).</Issue>
            <Issue
                Type = "Runtime"
                Number = "1037"
            >Impossibile risolvere la proprietà predefinita dell'oggetto IntermStress(2, i).</Issue>
        </Section>
        <Section Name = "SaveDilat" >
            <Issue
                Type = "Runtime"
                Number = "1037"
            >Impossibile risolvere la proprietà predefinita dell'oggetto Dilat(5).</Issue>
            <Issue
                Type = "Runtime"
                Number = "1037"
            >Impossibile risolvere la proprietà predefinita dell'oggetto Dilat(6).</Issue>
            <Issue
                Type = "Runtime"
                Number = "1037"
            >Impossibile risolvere la proprietà predefinita dell'oggetto IntermStress(5, i).</Issue>
            <Issue
                Type = "Runtime"
                Number = "1037"
            >Impossibile risolvere la proprietà predefinita dell'oggetto IntermStress(6, i).</Issue>
        </Section>
        <Section Name = "Class_Initialize" >
            <Issue
                Type = "Runtime"
                Number = "1037"
            >Impossibile risolvere la proprietà predefinita dell'oggetto objMemb().Indprobl1.</Issue>
        </Section>
    </File>
    <File
        OldPath = "E:\Programmi\MicroSoft Visual Studio\Fbm\AsmeVip\frmRis.frm"
        NewPath = "C:\Documenti\Visual Studio Projects\Lancio\AsmeVip.NET\frmRis.vb"
        FileType = "Form"
        Upgraded = "True"
    >
        <Section Name = "(Layout)" >
            <Issue
                Type = "Design"
                Number = "2064"
                ObjectName = "frmRis"
                ObjectType = "Form"
                PME = "HelpContextID"
            >Form proprietà frmRis.HelpContextID non è stato aggiornato.</Issue>
            <Issue
                Type = "Design"
                Number = "2064"
                ObjectName = "frmRis"
                ObjectType = "Form"
                PME = "WhatsThisHelp"
            >Form proprietà frmRis.WhatsThisHelp non è stato aggiornato.</Issue>
            <Issue
                Type = "Design"
                Number = "2064"
                ObjectName = "Picture1"
                ObjectType = "PictureBox"
                PME = "AutoRedraw"
            >PictureBox proprietà Picture1.AutoRedraw non è stato aggiornato.</Issue>
            <Issue
                Type = "Design"
                Number = "2064"
                ObjectName = "Picture1"
                ObjectType = "PictureBox"
                PME = "ScaleMode"
            >PictureBox proprietà Picture1.ScaleMode non è stato aggiornato.</Issue>
            <Issue
                Type = "Design"
                Number = "2064"
                ObjectName = "Picture3"
                ObjectType = "PictureBox"
                PME = "HelpContextID"
            >PictureBox proprietà Picture3.HelpContextID non è stato aggiornato.</Issue>
            <Issue
                Type = "Design"
                Number = "2064"
                ObjectName = "Picture2"
                ObjectType = "PictureBox"
                PME = "HelpContextID"
            >PictureBox proprietà Picture2.HelpContextID non è stato aggiornato.</Issue>
            <Issue
                Type = "Design"
                Number = "2064"
                ObjectName = "OptAll"
                ObjectType = "CommandButton"
                PME = "HelpContextID"
            >CommandButton proprietà OptAll.HelpContextID non è stato aggiornato.</Issue>
            <Issue
                Type = "Design"
                Number = "2064"
                ObjectName = "Command2"
                ObjectType = "CommandButton"
                PME = "HelpContextID"
            >CommandButton proprietà Command2.HelpContextID non è stato aggiornato.</Issue>
            <Issue
                Type = "Design"
                Number = "2064"
                ObjectName = "Command1"
                ObjectType = "CommandButton"
                PME = "HelpContextID"
            >CommandButton proprietà Command1.HelpContextID non è stato aggiornato.</Issue>
        </Section>
        <Section Name = "cmdDilat_Click" >
            <Issue
                Type = "Runtime"
                Number = "1037"
            >Impossibile risolvere la proprietà predefinita dell'oggetto objMemb().Piastra.</Issue>
            <Issue
                Type = "Runtime"
                Number = "1037"
            >Impossibile risolvere la proprietà predefinita dell'oggetto O.IndiceDilat.</Issue>
        </Section>
        <Section Name = "cmdFattUs_Click" >
            <Issue
                Type = "Runtime"
                Number = "1037"
            >Impossibile risolvere la proprietà predefinita dell'oggetto objMemb().Piastra.</Issue>
            <Issue
                Type = "Runtime"
                Number = "1037"
            >Impossibile risolvere la proprietà predefinita dell'oggetto O.FattUs.</Issue>
        </Section>
        <Section Name = "cmdOptim_Click" >
            <Issue
                Type = "Runtime"
                Number = "1037"
            >Impossibile risolvere la proprietà predefinita dell'oggetto objMemb().Piastra.</Issue>
        </Section>
        <Section Name = "Command1_Click" >
            <Issue
                Type = "Runtime"
                Number = "1037"
            >Impossibile risolvere la proprietà predefinita dell'oggetto O.FattUs.</Issue>
            <Issue
                Type = "Runtime"
                Number = "1037"
            >Impossibile risolvere la proprietà predefinita dell'oggetto Monitor.Motore.inizio.ConvertiCr().</Issue>
            <Issue
                Type = "Runtime"
                Number = "1037"
            >Impossibile risolvere la proprietà predefinita dell'oggetto O.Padre.</Issue>
            <Issue
                Type = "Runtime"
                Number = "1037"
            >Impossibile risolvere la proprietà predefinita dell'oggetto O.CalcoloInCorso.</Issue>
            <Issue
                Type = "Runtime"
                Number = "1037"
            >Impossibile risolvere la proprietà predefinita dell'oggetto O.F2F3.</Issue>
        </Section>
        <Section Name = "Reset" >
            <Issue
                Type = "Compile"
                Number = "2029"
                PME = "Unload"
            >Il codice scaricato ob non è stato aggiornato.</Issue>
            <Issue
                Type = "Runtime"
                Number = "1037"
            >Impossibile risolvere la proprietà predefinita dell'oggetto ob.Index.</Issue>
        </Section>
        <Section Name = "Command3_Click" >
            <Issue
                Type = "Runtime"
                Number = "1037"
            >Impossibile risolvere la proprietà predefinita dell'oggetto objMemb().Piastra.</Issue>
            <Issue
                Type = "Compile"
                Number = "2064"
                ObjectName = "Picture1"
                ObjectType = "PictureBox"
                PME = "Cls"
            >PictureBox metodo Picture1.Cls non è stato aggiornato.</Issue>
            <Issue
                Type = "Runtime"
                Number = "1037"
            >Impossibile risolvere la proprietà predefinita dell'oggetto O.Chiave.</Issue>
            <Issue
                Type = "Runtime"
                Number = "1037"
            >Impossibile risolvere la proprietà predefinita dell'oggetto O.F2F3.</Issue>
        </Section>
        <Section Name = "Command4_Click" >
            <Issue
                Type = "Runtime"
                Number = "1037"
            >Impossibile risolvere la proprietà predefinita dell'oggetto objMemb().Piastra.</Issue>
            <Issue
                Type = "Runtime"
                Number = "1037"
            >Impossibile risolvere la proprietà predefinita dell'oggetto O.SetPiastra.</Issue>
            <Issue
                Type = "Runtime"
                Number = "2065"
                ObjectName = "Screen"
                ObjectType = "Screen"
                PME = "MousePointer"
            >Screen proprietà Screen.MousePointer presenta un nuovo comportamento.</Issue>
            <Issue
                Type = "Runtime"
                Number = "1037"
            >Impossibile risolvere la proprietà predefinita dell'oggetto O.Rear.</Issue>
        </Section>
        <Section Name = "Form_Activate" >
            <Issue
                Type = "Runtime"
                Number = "1037"
            >Impossibile risolvere la proprietà predefinita dell'oggetto objMemb().Piastra.</Issue>
            <Issue
                Type = "Runtime"
                Number = "1037"
            >Impossibile risolvere la proprietà predefinita dell'oggetto O.Rear.</Issue>
            <Issue
                Type = "Runtime"
                Number = "1037"
            >Impossibile risolvere la proprietà predefinita dell'oggetto O.CalcoloInCorso.</Issue>
            <Issue
                Type = "Runtime"
                Number = "2065"
                ObjectName = "frmRis"
                ObjectType = "Form"
                PME = "Activate"
            >Form evento frmRis.Activate presenta un nuovo comportamento.</Issue>
        </Section>
        <Section Name = "Form_Load" >
            <Issue
                Type = "Runtime"
                Number = "1037"
            >Impossibile risolvere la proprietà predefinita dell'oggetto O.Piastra.Rear.</Issue>
            <Issue
                Type = "Runtime"
                Number = "1037"
            >Impossibile risolvere la proprietà predefinita dell'oggetto O.Piastra.CalcoloInCorso.</Issue>
            <Issue
                Type = "Compile"
                Number = "2064"
                ObjectName = "Picture1"
                ObjectType = "PictureBox"
                PME = "TextHeight"
            >PictureBox metodo Picture1.TextHeight non è stato aggiornato.</Issue>
            <Issue
                Type = "Compile"
                Number = "2064"
                ObjectName = "Picture1"
                ObjectType = "PictureBox"
                PME = "TextWidth"
            >PictureBox metodo Picture1.TextWidth non è stato aggiornato.</Issue>
        </Section>
        <Section Name = "Form_QueryUnload" >
            <Issue
                Type = "Runtime"
                Number = "2065"
                ObjectName = "frmRis"
                ObjectType = "Form"
                PME = "QueryUnload"
            >Form evento frmRis.QueryUnload presenta un nuovo comportamento.</Issue>
        </Section>
        <Section Name = "Form_Unload" >
            <Issue
                Type = "Runtime"
                Number = "2065"
                ObjectName = "frmRis"
                ObjectType = "Form"
                PME = "Unload"
            >Form evento frmRis.Unload presenta un nuovo comportamento.</Issue>
        </Section>
        <Section Name = "OptAll_Click" >
            <Issue
                Type = "Runtime"
                Number = "2065"
                ObjectName = "Screen"
                ObjectType = "Screen"
                PME = "MousePointer"
            >Screen proprietà Screen.MousePointer presenta un nuovo comportamento.</Issue>
        </Section>
        <Section Name = "TabStrip1_Click" >
            <Issue
                Type = "Runtime"
                Number = "1037"
            >Impossibile risolvere la proprietà predefinita dell'oggetto objMemb().Piastra.</Issue>
            <Issue
                Type = "Runtime"
                Number = "1037"
            >Impossibile risolvere la proprietà predefinita dell'oggetto O.Chiave.</Issue>
            <Issue
                Type = "Runtime"
                Number = "1037"
            >Impossibile risolvere la proprietà predefinita dell'oggetto O.RefreshVideo.</Issue>
            <Issue
                Type = "Compile"
                Number = "2064"
                ObjectName = "Picture1"
                ObjectType = "PictureBox"
                PME = "Cls"
            >PictureBox metodo Picture1.Cls non è stato aggiornato.</Issue>
            <Issue
                Type = "Runtime"
                Number = "1037"
            >Impossibile risolvere la proprietà predefinita dell'oggetto O.Rear.</Issue>
            <Issue
                Type = "Runtime"
                Number = "1037"
            >Impossibile risolvere la proprietà predefinita dell'oggetto O.CalcoloInCorso.</Issue>
            <Issue
                Type = "Runtime"
                Number = "1037"
            >Impossibile risolvere la proprietà predefinita dell'oggetto O.F2F3.</Issue>
            <Issue
                Type = "Runtime"
                Number = "1037"
            >Impossibile risolvere la proprietà predefinita dell'oggetto O.SetPiastra.</Issue>
            <Issue
                Type = "Runtime"
                Number = "1037"
            >Impossibile risolvere la proprietà predefinita dell'oggetto O.objDilat.</Issue>
            <Issue
                Type = "Runtime"
                Number = "1037"
            >Impossibile risolvere la proprietà predefinita dell'oggetto O.TipoDilatp.</Issue>
            <Issue
                Type = "Runtime"
                Number = "1037"
            >Impossibile risolvere la proprietà predefinita dell'oggetto O.Zp.</Issue>
            <Issue
                Type = "Runtime"
                Number = "2065"
                ObjectName = "Screen"
                ObjectType = "Screen"
                PME = "MousePointer"
            >Screen proprietà Screen.MousePointer presenta un nuovo comportamento.</Issue>
        </Section>
        <Section Name = "Timer1_Timer" >
            <Issue
                Type = "Compile"
                Number = "2064"
                ObjectName = "R"
                ObjectType = "Line"
                PME = "Index"
            >Line proprietà R.Index non è stato aggiornato.</Issue>
            <Issue
                Type = "Compile"
                Number = "2064"
                ObjectName = "R"
                ObjectType = "Line"
                PME = "x1"
            >Line proprietà R.x1 non è stato aggiornato.</Issue>
            <Issue
                Type = "Compile"
                Number = "2064"
                ObjectName = "R"
                ObjectType = "Line"
                PME = "x2"
            >Line proprietà R.x2 non è stato aggiornato.</Issue>
        </Section>
        <Section Name = "Valore_Change" >
            <Issue
                Type = "Runtime"
                Number = "1037"
            >Impossibile risolvere la proprietà predefinita dell'oggetto O.AggValori.</Issue>
            <Issue
                Type = "Runtime"
                Number = "1037"
            >Impossibile risolvere la proprietà predefinita dell'oggetto O.Ricalcola.</Issue>
            <Issue
                Type = "Runtime"
                Number = "2075"
            >L'evento Valore.TextChanged può essere generato quando il form è inizializzato.</Issue>
        </Section>
        <Section Name = "Scrivi" >
            <Issue
                Type = "Runtime"
                Number = "1037"
            >Impossibile risolvere la proprietà predefinita dell'oggetto PunVir.</Issue>
            <Issue
                Type = "Compile"
                Number = "2064"
                ObjectName = "Picture1"
                ObjectType = "PictureBox"
                PME = "CurrentY"
            >PictureBox proprietà Picture1.CurrentY non è stato aggiornato.</Issue>
            <Issue
                Type = "Runtime"
                Number = "1037"
            >Impossibile risolvere la proprietà predefinita dell'oggetto y.</Issue>
            <Issue
                Type = "Compile"
                Number = "2064"
                ObjectName = "Picture1"
                ObjectType = "PictureBox"
                PME = "CurrentX"
            >PictureBox proprietà Picture1.CurrentX non è stato aggiornato.</Issue>
            <Issue
                Type = "Runtime"
                Number = "1037"
            >Impossibile risolvere la proprietà predefinita dell'oggetto x.</Issue>
            <Issue
                Type = "Compile"
                Number = "2064"
                ObjectName = "Picture1"
                ObjectType = "PictureBox"
                PME = "Line"
            >PictureBox metodo Picture1.Line non è stato aggiornato.</Issue>
            <Issue
                Type = "Runtime"
                Number = "1037"
            >Impossibile risolvere la proprietà predefinita dell'oggetto mode.</Issue>
            <Issue
                Type = "Compile"
                Number = "2064"
                ObjectName = "Picture1"
                ObjectType = "PictureBox"
                PME = "TextWidth"
            >PictureBox metodo Picture1.TextWidth non è stato aggiornato.</Issue>
            <Issue
                Type = "Compile"
                Number = "2064"
                ObjectName = "Picture1"
                ObjectType = "PictureBox"
                PME = "Print"
            >PictureBox metodo Picture1.Print non è stato aggiornato.</Issue>
        </Section>
        <Section Name = "ClearRosso" >
            <Issue
                Type = "Compile"
                Number = "2029"
                PME = "Unload"
            >Il codice scaricato R non è stato aggiornato.</Issue>
            <Issue
                Type = "Compile"
                Number = "2064"
                ObjectName = "R"
                ObjectType = "Line"
                PME = "Index"
            >Line proprietà R.Index non è stato aggiornato.</Issue>
        </Section>
        <Section Name = "OptClick" >
            <Issue
                Type = "Runtime"
                Number = "1037"
            >Impossibile risolvere la proprietà predefinita dell'oggetto O.LeggiTab.</Issue>
            <Issue
                Type = "Runtime"
                Number = "1037"
            >Impossibile risolvere la proprietà predefinita dell'oggetto O.AggTxt.</Issue>
            <Issue
                Type = "Runtime"
                Number = "1037"
            >Impossibile risolvere la proprietà predefinita dell'oggetto O.TipoDilatp.</Issue>
            <Issue
                Type = "Runtime"
                Number = "1037"
            >Impossibile risolvere la proprietà predefinita dell'oggetto O.SjCalc.</Issue>
            <Issue
                Type = "Runtime"
                Number = "1037"
            >Impossibile risolvere la proprietà predefinita dell'oggetto O.LeggiSigma.</Issue>
            <Issue
                Type = "Runtime"
                Number = "1037"
            >Impossibile risolvere la proprietà predefinita dell'oggetto O.Zp.</Issue>
            <Issue
                Type = "Runtime"
                Number = "1037"
            >Impossibile risolvere la proprietà predefinita dell'oggetto O.CarGiunto.</Issue>
            <Issue
                Type = "Compile"
                Number = "1014"
            >L'istruzione GoSub non è supportata.</Issue>
            <Issue
                Type = "Runtime"
                Number = "1041"
            >Return ha un nuovo comportamento.</Issue>
        </Section>
    </File>
    <File
        OldPath = "E:\Programmi\MicroSoft Visual Studio\Fbm\AsmeVip\mainPT.bas"
        NewPath = "C:\Documenti\Visual Studio Projects\Lancio\AsmeVip.NET\mainPT.vb"
        FileType = "Module"
        Upgraded = "True"
    >
        <Section Name = "(Dichiarazioni)" >
            <Issue
                Type = "Compile"
                Number = "1051"
            >Tipo di dichiarazione non supportato: Matrici di stringhe di lunghezza fissa.</Issue>
            <Issue
                Type = "ToDo"
                Number = "1026"
            >&amp;quot;Initialize&amp;quot; deve essere chiamato per inizializzare istanze di questa struttura.</Issue>
        </Section>
        <Section Name = "Initialize" >
            <Issue
                Type = "Runtime"
                Number = "1033"
            >Il limite inferiore della matrice Tiranti è stato cambiato da 1 a 0.</Issue>
        </Section>
        <Section Name = "Aggdestemp" >
            <Issue
                Type = "Runtime"
                Number = "1037"
            >Impossibile risolvere la proprietà predefinita dell'oggetto objMemb(i).TipoPT.</Issue>
            <Issue
                Type = "Compile"
                Number = "1014"
            >L'istruzione GoSub non è supportata.</Issue>
            <Issue
                Type = "Runtime"
                Number = "1037"
            >Impossibile risolvere la proprietà predefinita dell'oggetto objMemb().Piastra.</Issue>
            <Issue
                Type = "Runtime"
                Number = "1041"
            >Return ha un nuovo comportamento.</Issue>
            <Issue
                Type = "Runtime"
                Number = "1037"
            >Impossibile risolvere la proprietà predefinita dell'oggetto objMemb().IndAccopp.</Issue>
            <Issue
                Type = "Runtime"
                Number = "1037"
            >Impossibile risolvere la proprietà predefinita dell'oggetto objMemb().SetPiastra.</Issue>
        </Section>
    </File>
    <File
        OldPath = "E:\Programmi\MicroSoft Visual Studio\Fbm\AsmeVip\frmCil.frm"
        NewPath = "C:\Documenti\Visual Studio Projects\Lancio\AsmeVip.NET\frmCil.vb"
        FileType = "Form"
        Upgraded = "True"
    >
        <Section Name = "(Layout)" >
            <Issue
                Type = "Design"
                Number = "2067"
                ObjectName = "object"
                ObjectType = "MSComCtl2.UpDown"
            >Il controllo MSComCtl2.UpDown object non è stato aggiornato.</Issue>
        </Section>
        <Section Name = "cmbCil_Change" >
            <Issue
                Type = "Runtime"
                Number = "2075"
            >L'evento cmbCil.TextChanged può essere generato quando il form è inizializzato.</Issue>
            <Issue
                Type = "Runtime"
                Number = "2074"
            >ComboBox evento cmbCil.Change è stato aggiornato a cmbCil.TextChanged che presenta un nuovo comportamento.</Issue>
        </Section>
        <Section Name = "cmbCil_Click" >
            <Issue
                Type = "Runtime"
                Number = "2075"
            >L'evento cmbCil.SelectedIndexChanged può essere generato quando il form è inizializzato.</Issue>
        </Section>
        <Section Name = "cmdCil_Click" >
            <Issue
                Type = "Compile"
                Number = "1014"
            >L'istruzione GoSub non è supportata.</Issue>
            <Issue
                Type = "Runtime"
                Number = "1041"
            >Return ha un nuovo comportamento.</Issue>
        </Section>
        <Section Name = "Frames_MouseMove" >
            <Issue
                Type = "Runtime"
                Number = "2050"
                ObjectName = "Frames"
                ObjectType = "Frame"
                PME = "MouseMove"
            >L'evento di Frame Frames.MouseMove non è stato aggiornato.</Issue>
        </Section>
        <Section Name = "TextCil_Change" >
            <Issue
                Type = "Runtime"
                Number = "2075"
            >L'evento TextCil.TextChanged può essere generato quando il form è inizializzato.</Issue>
        </Section>
    </File>
    <File
        OldPath = "E:\Programmi\MicroSoft Visual Studio\Fbm\AsmeVip\frmFon.frm"
        NewPath = "C:\Documenti\Visual Studio Projects\Lancio\AsmeVip.NET\frmFon.vb"
        FileType = "Form"
        Upgraded = "True"
    >
        <Section Name = "(Layout)" >
            <Issue
                Type = "Design"
                Number = "2067"
                ObjectName = "object"
                ObjectType = "MSComCtl2.UpDown"
            >Il controllo MSComCtl2.UpDown object non è stato aggiornato.</Issue>
        </Section>
        <Section Name = "Check1_Click" >
            <Issue
                Type = "Runtime"
                Number = "2075"
            >L'evento Check1.CheckStateChanged può essere generato quando il form è inizializzato.</Issue>
        </Section>
        <Section Name = "cmbCil_Change" >
            <Issue
                Type = "Runtime"
                Number = "2075"
            >L'evento cmbCil.TextChanged può essere generato quando il form è inizializzato.</Issue>
            <Issue
                Type = "Runtime"
                Number = "2074"
            >ComboBox evento cmbCil.Change è stato aggiornato a cmbCil.TextChanged che presenta un nuovo comportamento.</Issue>
        </Section>
        <Section Name = "cmbCil_Click" >
            <Issue
                Type = "Runtime"
                Number = "2075"
            >L'evento cmbCil.SelectedIndexChanged può essere generato quando il form è inizializzato.</Issue>
        </Section>
        <Section Name = "cmdCil_Click" >
            <Issue
                Type = "Compile"
                Number = "1014"
            >L'istruzione GoSub non è supportata.</Issue>
            <Issue
                Type = "Runtime"
                Number = "1041"
            >Return ha un nuovo comportamento.</Issue>
        </Section>
        <Section Name = "TextCil_Change" >
            <Issue
                Type = "Runtime"
                Number = "2075"
            >L'evento TextCil.TextChanged può essere generato quando il form è inizializzato.</Issue>
        </Section>
    </File>
    <File
        OldPath = "E:\Programmi\MicroSoft Visual Studio\Fbm\AsmeVip\frmFattUs.frm"
        NewPath = "C:\Documenti\Visual Studio Projects\Lancio\AsmeVip.NET\frmFattUs.vb"
        FileType = "Form"
        Upgraded = "True"
    >
        <Section Name = "(Layout)" >
            <Issue
                Type = "Design"
                Number = "2064"
                ObjectName = "Picture1"
                ObjectType = "PictureBox"
                PME = "AutoRedraw"
            >PictureBox proprietà Picture1.AutoRedraw non è stato aggiornato.</Issue>
        </Section>
    </File>
    <File
        OldPath = "E:\Programmi\MicroSoft Visual Studio\Fbm\AsmeVip\Collegamento.cls"
        NewPath = "C:\Documenti\Visual Studio Projects\Lancio\AsmeVip.NET\Collegamento.vb"
        FileType = "Class Module"
        Upgraded = "True"
    />
    <File
        OldPath = "E:\Programmi\MicroSoft Visual Studio\Fbm\AsmeVip\frmFlanAn.frm"
        NewPath = "C:\Documenti\Visual Studio Projects\Lancio\AsmeVip.NET\frmFlanAn.vb"
        FileType = "Form"
        Upgraded = "True"
    >
        <Section Name = "(Layout)" >
            <Issue
                Type = "Design"
                Number = "2064"
                ObjectName = "frmFlanAn"
                ObjectType = "Form"
                PME = "WhatsThisHelp"
            >Form proprietà frmFlanAn.WhatsThisHelp non è stato aggiornato.</Issue>
            <Issue
                Type = "Design"
                Number = "2064"
                ObjectName = "Frames"
                ObjectType = "Frame"
                PME = "HelpContextID"
            >Frame proprietà Frames.HelpContextID non è stato aggiornato.</Issue>
            <Issue
                Type = "Design"
                Number = "2064"
                ObjectName = "_TextCil_8"
                ObjectType = "TextBox"
                PME = "HelpContextID"
            >TextBox proprietà _TextCil_8.HelpContextID non è stato aggiornato.</Issue>
            <Issue
                Type = "Design"
                Number = "2064"
                ObjectName = "chkTorq"
                ObjectType = "CheckBox"
                PME = "HelpContextID"
            >CheckBox proprietà chkTorq.HelpContextID non è stato aggiornato.</Issue>
            <Issue
                Type = "Design"
                Number = "2064"
                ObjectName = "Check4"
                ObjectType = "CheckBox"
                PME = "HelpContextID"
            >CheckBox proprietà Check4.HelpContextID non è stato aggiornato.</Issue>
            <Issue
                Type = "Design"
                Number = "2064"
                ObjectName = "Check3"
                ObjectType = "CheckBox"
                PME = "HelpContextID"
            >CheckBox proprietà Check3.HelpContextID non è stato aggiornato.</Issue>
            <Issue
                Type = "Design"
                Number = "2064"
                ObjectName = "Check2"
                ObjectType = "CheckBox"
                PME = "HelpContextID"
            >CheckBox proprietà Check2.HelpContextID non è stato aggiornato.</Issue>
            <Issue
                Type = "Design"
                Number = "2064"
                ObjectName = "_cmbCil_4"
                ObjectType = "ComboBox"
                PME = "HelpContextID"
            >ComboBox proprietà _cmbCil_4.HelpContextID non è stato aggiornato.</Issue>
            <Issue
                Type = "Design"
                Number = "2064"
                ObjectName = "_TextCil_3"
                ObjectType = "TextBox"
                PME = "HelpContextID"
            >TextBox proprietà _TextCil_3.HelpContextID non è stato aggiornato.</Issue>
            <Issue
                Type = "Design"
                Number = "2064"
                ObjectName = "Check1"
                ObjectType = "CheckBox"
                PME = "HelpContextID"
            >CheckBox proprietà Check1.HelpContextID non è stato aggiornato.</Issue>
            <Issue
                Type = "Design"
                Number = "2064"
                ObjectName = "_TextCil_2"
                ObjectType = "TextBox"
                PME = "HelpContextID"
            >TextBox proprietà _TextCil_2.HelpContextID non è stato aggiornato.</Issue>
            <Issue
                Type = "Design"
                Number = "2064"
                ObjectName = "_cmbCil_3"
                ObjectType = "ComboBox"
                PME = "HelpContextID"
            >ComboBox proprietà _cmbCil_3.HelpContextID non è stato aggiornato.</Issue>
            <Issue
                Type = "Design"
                Number = "2064"
                ObjectName = "_cmbCil_2"
                ObjectType = "ComboBox"
                PME = "HelpContextID"
            >ComboBox proprietà _cmbCil_2.HelpContextID non è stato aggiornato.</Issue>
            <Issue
                Type = "Design"
                Number = "2064"
                ObjectName = "_cmbCil_1"
                ObjectType = "ComboBox"
                PME = "HelpContextID"
            >ComboBox proprietà _cmbCil_1.HelpContextID non è stato aggiornato.</Issue>
            <Issue
                Type = "Design"
                Number = "2064"
                ObjectName = "_cmdCil_0"
                ObjectType = "CommandButton"
                PME = "HelpContextID"
            >CommandButton proprietà _cmdCil_0.HelpContextID non è stato aggiornato.</Issue>
            <Issue
                Type = "Design"
                Number = "2064"
                ObjectName = "_cmbCil_0"
                ObjectType = "ComboBox"
                PME = "HelpContextID"
            >ComboBox proprietà _cmbCil_0.HelpContextID non è stato aggiornato.</Issue>
            <Issue
                Type = "Design"
                Number = "2064"
                ObjectName = "_TextCil_9"
                ObjectType = "TextBox"
                PME = "HelpContextID"
            >TextBox proprietà _TextCil_9.HelpContextID non è stato aggiornato.</Issue>
            <Issue
                Type = "Design"
                Number = "2064"
                ObjectName = "_cmdCil_1"
                ObjectType = "CommandButton"
                PME = "HelpContextID"
            >CommandButton proprietà _cmdCil_1.HelpContextID non è stato aggiornato.</Issue>
            <Issue
                Type = "Design"
                Number = "2067"
                ObjectName = "object"
                ObjectType = "MSComCtl2.UpDown"
            >Il controllo MSComCtl2.UpDown object non è stato aggiornato.</Issue>
        </Section>
        <Section Name = "Check1_Click" >
            <Issue
                Type = "Runtime"
                Number = "1037"
            >Impossibile risolvere la proprietà predefinita dell'oggetto objMemb().Verbose.</Issue>
            <Issue
                Type = "Runtime"
                Number = "2075"
            >L'evento Check1.CheckStateChanged può essere generato quando il form è inizializzato.</Issue>
        </Section>
        <Section Name = "Check2_Click" >
            <Issue
                Type = "Runtime"
                Number = "1037"
            >Impossibile risolvere la proprietà predefinita dell'oggetto objMemb().CRUSH.</Issue>
            <Issue
                Type = "Runtime"
                Number = "2075"
            >L'evento Check2.CheckStateChanged può essere generato quando il form è inizializzato.</Issue>
        </Section>
        <Section Name = "Check3_Click" >
            <Issue
                Type = "Runtime"
                Number = "1037"
            >Impossibile risolvere la proprietà predefinita dell'oggetto objMemb(i).LOOSE.</Issue>
            <Issue
                Type = "Runtime"
                Number = "1037"
            >Impossibile risolvere la proprietà predefinita dell'oggetto objMemb().Zp.</Issue>
            <Issue
                Type = "Runtime"
                Number = "1037"
            >Impossibile risolvere la proprietà predefinita dell'oggetto objMemb(Involucr(3, k).IndObject).Piastra.</Issue>
            <Issue
                Type = "Runtime"
                Number = "1037"
            >Impossibile risolvere la proprietà predefinita dell'oggetto objMemb(Involucr(3, k).IndObject).TipoPT.</Issue>
            <Issue
                Type = "Runtime"
                Number = "1037"
            >Impossibile risolvere la proprietà predefinita dell'oggetto objMemb().Mp.</Issue>
            <Issue
                Type = "Runtime"
                Number = "2075"
            >L'evento Check3.CheckStateChanged può essere generato quando il form è inizializzato.</Issue>
        </Section>
        <Section Name = "Check4_Click" >
            <Issue
                Type = "Runtime"
                Number = "1037"
            >Impossibile risolvere la proprietà predefinita dell'oggetto objMemb().Mp.</Issue>
            <Issue
                Type = "Runtime"
                Number = "2075"
            >L'evento Check4.CheckStateChanged può essere generato quando il form è inizializzato.</Issue>
        </Section>
        <Section Name = "chkTorq_Click" >
            <Issue
                Type = "Runtime"
                Number = "1037"
            >Impossibile risolvere la proprietà predefinita dell'oggetto objMemb().BoltLoadDetail.</Issue>
            <Issue
                Type = "Runtime"
                Number = "2075"
            >L'evento chkTorq.CheckStateChanged può essere generato quando il form è inizializzato.</Issue>
        </Section>
        <Section Name = "cmbCil_Change" >
            <Issue
                Type = "Runtime"
                Number = "2075"
            >L'evento cmbCil.TextChanged può essere generato quando il form è inizializzato.</Issue>
            <Issue
                Type = "Runtime"
                Number = "2074"
            >ComboBox evento cmbCil.Change è stato aggiornato a cmbCil.TextChanged che presenta un nuovo comportamento.</Issue>
        </Section>
        <Section Name = "cmbCil_Click" >
            <Issue
                Type = "Runtime"
                Number = "1037"
            >Impossibile risolvere la proprietà predefinita dell'oggetto objMemb().LOOSE.</Issue>
            <Issue
                Type = "Runtime"
                Number = "1037"
            >Impossibile risolvere la proprietà predefinita dell'oggetto objMemb().TipCalc.</Issue>
            <Issue
                Type = "Runtime"
                Number = "1037"
            >Impossibile risolvere la proprietà predefinita dell'oggetto objMemb().Vari.</Issue>
            <Issue
                Type = "Runtime"
                Number = "1037"
            >Impossibile risolvere la proprietà predefinita dell'oggetto objMemb(i).TipCalc.</Issue>
            <Issue
                Type = "Runtime"
                Number = "1037"
            >Impossibile risolvere la proprietà predefinita dell'oggetto objMemb(i).FullBolt.</Issue>
            <Issue
                Type = "Runtime"
                Number = "1037"
            >Impossibile risolvere la proprietà predefinita dell'oggetto objMemb().Zp.</Issue>
            <Issue
                Type = "Runtime"
                Number = "1037"
            >Impossibile risolvere la proprietà predefinita dell'oggetto objMemb(i).LOOSE.</Issue>
            <Issue
                Type = "Runtime"
                Number = "2075"
            >L'evento cmbCil.SelectedIndexChanged può essere generato quando il form è inizializzato.</Issue>
        </Section>
        <Section Name = "cmdCil_Click" >
            <Issue
                Type = "Compile"
                Number = "1014"
            >L'istruzione GoSub non è supportata.</Issue>
            <Issue
                Type = "Runtime"
                Number = "1037"
            >Impossibile risolvere la proprietà predefinita dell'oggetto objMemb(Involucr(kLato, jInvolucr).IndObject).Verbose.</Issue>
            <Issue
                Type = "Runtime"
                Number = "1041"
            >Return ha un nuovo comportamento.</Issue>
        </Section>
        <Section Name = "Form_Load" >
            <Issue
                Type = "Runtime"
                Number = "1037"
            >Impossibile risolvere la proprietà predefinita dell'oggetto objMemb(i).LOOSE.</Issue>
            <Issue
                Type = "Runtime"
                Number = "1037"
            >Impossibile risolvere la proprietà predefinita dell'oggetto objMemb().Zp.</Issue>
            <Issue
                Type = "Runtime"
                Number = "1037"
            >Impossibile risolvere la proprietà predefinita dell'oggetto objMemb().Mp.</Issue>
            <Issue
                Type = "Runtime"
                Number = "1037"
            >Impossibile risolvere la proprietà predefinita dell'oggetto objMemb().TipCalc.</Issue>
            <Issue
                Type = "Runtime"
                Number = "1037"
            >Impossibile risolvere la proprietà predefinita dell'oggetto objMemb(i).TipCalc.</Issue>
            <Issue
                Type = "Runtime"
                Number = "1037"
            >Impossibile risolvere la proprietà predefinita dell'oggetto objMemb(i).FullBolt.</Issue>
            <Issue
                Type = "Runtime"
                Number = "1037"
                PME = "Str"
            >Impossibile risolvere la proprietà predefinita dell'oggetto objMemb().SicBullp.</Issue>
            <Issue
                Type = "Runtime"
                Number = "1037"
                PME = "Str"
            >Impossibile risolvere la proprietà predefinita dell'oggetto objMemb().FattBoltSy.</Issue>
            <Issue
                Type = "Runtime"
                Number = "1037"
            >Impossibile risolvere la proprietà predefinita dell'oggetto objMemb(Involucr(kLato, jInvolucr).IndObject).Verbose.</Issue>
            <Issue
                Type = "Runtime"
                Number = "1037"
            >Impossibile risolvere la proprietà predefinita dell'oggetto objMemb(Involucr(kLato, jInvolucr).IndObject).CRUSH.</Issue>
            <Issue
                Type = "Runtime"
                Number = "1037"
            >Impossibile risolvere la proprietà predefinita dell'oggetto objMemb(Involucr(kLato, jInvolucr).IndObject).BoltLoadDetail.</Issue>
        </Section>
        <Section Name = "Form_QueryUnload" >
            <Issue
                Type = "Runtime"
                Number = "2065"
                ObjectName = "frmFlanAn"
                ObjectType = "Form"
                PME = "QueryUnload"
            >Form evento frmFlanAn.QueryUnload presenta un nuovo comportamento.</Issue>
        </Section>
        <Section Name = "Form_Unload" >
            <Issue
                Type = "Runtime"
                Number = "2065"
                ObjectName = "frmFlanAn"
                ObjectType = "Form"
                PME = "Unload"
            >Form evento frmFlanAn.Unload presenta un nuovo comportamento.</Issue>
        </Section>
        <Section Name = "TextCil_Change" >
            <Issue
                Type = "Runtime"
                Number = "1037"
            >Impossibile risolvere la proprietà predefinita dell'oggetto objMemb().AzzeraImposti.</Issue>
            <Issue
                Type = "Runtime"
                Number = "1037"
            >Impossibile risolvere la proprietà predefinita dell'oggetto objMemb(Involucr(kLato, jInvolucr).IndObject).SicBullp.</Issue>
            <Issue
                Type = "Runtime"
                Number = "1037"
            >Impossibile risolvere la proprietà predefinita dell'oggetto objMemb(Involucr(kLato, jInvolucr).IndObject).FattBoltSy.</Issue>
            <Issue
                Type = "Compile"
                Number = "1014"
            >L'istruzione GoSub non è supportata.</Issue>
            <Issue
                Type = "Runtime"
                Number = "1037"
            >Impossibile risolvere la proprietà predefinita dell'oggetto objMemb().Zp.</Issue>
            <Issue
                Type = "Runtime"
                Number = "1037"
            >Impossibile risolvere la proprietà predefinita dell'oggetto objMemb(Involucr(kLato, jInvolucr).IndObject).LOOSE.</Issue>
            <Issue
                Type = "Runtime"
                Number = "1037"
            >Impossibile risolvere la proprietà predefinita dell'oggetto objMemb().Mp.</Issue>
            <Issue
                Type = "Runtime"
                Number = "1041"
            >Return ha un nuovo comportamento.</Issue>
            <Issue
                Type = "Runtime"
                Number = "2075"
            >L'evento TextCil.TextChanged può essere generato quando il form è inizializzato.</Issue>
        </Section>
        <Section Name = "AggCmb4" >
            <Issue
                Type = "Runtime"
                Number = "1037"
            >Impossibile risolvere la proprietà predefinita dell'oggetto objMemb(IndObj).LOOSE.</Issue>
            <Issue
                Type = "Runtime"
                Number = "1037"
            >Impossibile risolvere la proprietà predefinita dell'oggetto objMemb().Mp.</Issue>
        </Section>
    </File>
    <File
        OldPath = "E:\Programmi\MicroSoft Visual Studio\Fbm\AsmeVip\frmTab.frm"
        NewPath = "C:\Documenti\Visual Studio Projects\Lancio\AsmeVip.NET\frmTab.vb"
        FileType = "Form"
        Upgraded = "True"
    >
        <Section Name = "(Layout)" >
            <Issue
                Type = "Design"
                Number = "2064"
                ObjectName = "frmTab"
                ObjectType = "Form"
                PME = "HelpContextID"
            >Form proprietà frmTab.HelpContextID non è stato aggiornato.</Issue>
            <Issue
                Type = "Design"
                Number = "2064"
                ObjectName = "frmTab"
                ObjectType = "Form"
                PME = "WhatsThisHelp"
            >Form proprietà frmTab.WhatsThisHelp non è stato aggiornato.</Issue>
            <Issue
                Type = "Design"
                Number = "2064"
                ObjectName = "cmdCancel"
                ObjectType = "CommandButton"
                PME = "HelpContextID"
            >CommandButton proprietà cmdCancel.HelpContextID non è stato aggiornato.</Issue>
            <Issue
                Type = "Design"
                Number = "2064"
                ObjectName = "cmdAperture"
                ObjectType = "CommandButton"
                PME = "HelpContextID"
            >CommandButton proprietà cmdAperture.HelpContextID non è stato aggiornato.</Issue>
            <Issue
                Type = "Design"
                Number = "2064"
                ObjectName = "cmdPIDes"
                ObjectType = "CommandButton"
                PME = "HelpContextID"
            >CommandButton proprietà cmdPIDes.HelpContextID non è stato aggiornato.</Issue>
            <Issue
                Type = "Design"
                Number = "2064"
                ObjectName = "cmdRota"
                ObjectType = "CommandButton"
                PME = "HelpContextID"
            >CommandButton proprietà cmdRota.HelpContextID non è stato aggiornato.</Issue>
            <Issue
                Type = "Design"
                Number = "2064"
                ObjectName = "cmdCalc"
                ObjectType = "CommandButton"
                PME = "HelpContextID"
            >CommandButton proprietà cmdCalc.HelpContextID non è stato aggiornato.</Issue>
            <Issue
                Type = "Design"
                Number = "2064"
                ObjectName = "cmdOk"
                ObjectType = "CommandButton"
                PME = "HelpContextID"
            >CommandButton proprietà cmdOk.HelpContextID non è stato aggiornato.</Issue>
            <Issue
                Type = "Design"
                Number = "2064"
                ObjectName = "optOptim"
                ObjectType = "CommandButton"
                PME = "HelpContextID"
            >CommandButton proprietà optOptim.HelpContextID non è stato aggiornato.</Issue>
        </Section>
        <Section Name = "SetPagina" >
            <Issue
                Type = "Runtime"
                Number = "1037"
            >Impossibile risolvere la proprietà predefinita dell'oggetto O.File.</Issue>
            <Issue
                Type = "Runtime"
                Number = "1037"
            >Impossibile risolvere la proprietà predefinita dell'oggetto O.LOOSE.</Issue>
            <Issue
                Type = "Runtime"
                Number = "1037"
            >Impossibile risolvere la proprietà predefinita dell'oggetto O.Zp.</Issue>
            <Issue
                Type = "Runtime"
                Number = "1037"
            >Impossibile risolvere la proprietà predefinita dell'oggetto O.pagina.</Issue>
            <Issue
                Type = "Runtime"
                Number = "1037"
            >Impossibile risolvere la proprietà predefinita dell'oggetto O.kkk.</Issue>
            <Issue
                Type = "Runtime"
                Number = "1037"
            >Impossibile risolvere la proprietà predefinita dell'oggetto O.WWW.</Issue>
            <Issue
                Type = "Runtime"
                Number = "1037"
            >Impossibile risolvere la proprietà predefinita dell'oggetto O.FFF.</Issue>
            <Issue
                Type = "Runtime"
                Number = "1037"
            >Impossibile risolvere la proprietà predefinita dell'oggetto O.Mp.</Issue>
        </Section>
        <Section Name = "Carica" >
            <Issue
                Type = "Runtime"
                Number = "1037"
            >Impossibile risolvere la proprietà predefinita dell'oggetto O.WWW.</Issue>
            <Issue
                Type = "Runtime"
                Number = "1037"
            >Impossibile risolvere la proprietà predefinita dell'oggetto O.CRUSH.</Issue>
            <Issue
                Type = "Runtime"
                Number = "1037"
            >Impossibile risolvere la proprietà predefinita dell'oggetto O.File.</Issue>
            <Issue
                Type = "Runtime"
                Number = "1037"
            >Impossibile risolvere la proprietà predefinita dell'oggetto O.NVARIp.</Issue>
            <Issue
                Type = "Runtime"
                Number = "1037"
            >Impossibile risolvere la proprietà predefinita dell'oggetto O.TVARIp.</Issue>
            <Issue
                Type = "Runtime"
                Number = "1037"
            >Impossibile risolvere la proprietà predefinita dell'oggetto O.Zp.</Issue>
            <Issue
                Type = "Runtime"
                Number = "1037"
                PME = "InStr"
            >Impossibile risolvere la proprietà predefinita dell'oggetto O.CVARIp.</Issue>
            <Issue
                Type = "Runtime"
                Number = "1037"
            >Impossibile risolvere la proprietà predefinita dell'oggetto O.FFF.</Issue>
        </Section>
        <Section Name = "cmdAperture_Click" >
            <Issue
                Type = "Runtime"
                Number = "1037"
            >Impossibile risolvere la proprietà predefinita dell'oggetto O.Supercont.</Issue>
            <Issue
                Type = "Runtime"
                Number = "1037"
            >Impossibile risolvere la proprietà predefinita dell'oggetto O.Conforme.</Issue>
        </Section>
        <Section Name = "cmdCalc_Click" >
            <Issue
                Type = "Runtime"
                Number = "1037"
            >Impossibile risolvere la proprietà predefinita dell'oggetto O.AzzeraConferme.</Issue>
            <Issue
                Type = "Runtime"
                Number = "1037"
            >Impossibile risolvere la proprietà predefinita dell'oggetto O.Carichi.</Issue>
            <Issue
                Type = "Runtime"
                Number = "1037"
            >Impossibile risolvere la proprietà predefinita dell'oggetto O.qbflan.</Issue>
            <Issue
                Type = "Runtime"
                Number = "1037"
            >Impossibile risolvere la proprietà predefinita dell'oggetto O.SupCalcola.</Issue>
            <Issue
                Type = "Runtime"
                Number = "1037"
            >Impossibile risolvere la proprietà predefinita dell'oggetto O.pagina.</Issue>
            <Issue
                Type = "Runtime"
                Number = "1037"
            >Impossibile risolvere la proprietà predefinita dell'oggetto O.Stampa.</Issue>
            <Issue
                Type = "Runtime"
                Number = "1037"
            >Impossibile risolvere la proprietà predefinita dell'oggetto O.RilBull1.</Issue>
            <Issue
                Type = "Compile"
                Number = "2064"
                ObjectName = "cmdCalc"
                ObjectType = "CommandButton"
                PME = "HelpContextID"
            >CommandButton proprietà cmdCalc.HelpContextID non è stato aggiornato.</Issue>
            <Issue
                Type = "Runtime"
                Number = "1037"
            >Impossibile risolvere la proprietà predefinita dell'oggetto O.CalcolaProgetto.</Issue>
            <Issue
                Type = "Runtime"
                Number = "1037"
            >Impossibile risolvere la proprietà predefinita dell'oggetto O.CalcMinTemp.</Issue>
            <Issue
                Type = "Runtime"
                Number = "1037"
            >Impossibile risolvere la proprietà predefinita dell'oggetto O.TipCalc.</Issue>
            <Issue
                Type = "Runtime"
                Number = "1037"
            >Impossibile risolvere la proprietà predefinita dell'oggetto O.Stampato.</Issue>
            <Issue
                Type = "Runtime"
                Number = "1037"
            >Impossibile risolvere la proprietà predefinita dell'oggetto O.wntorc.</Issue>
            <Issue
                Type = "Runtime"
                Number = "1037"
            >Impossibile risolvere la proprietà predefinita dell'oggetto O.LOOSE.</Issue>
            <Issue
                Type = "Runtime"
                Number = "1037"
            >Impossibile risolvere la proprietà predefinita dell'oggetto O.CalcMAWP.</Issue>
        </Section>
        <Section Name = "cmdOk_Click" >
            <Issue
                Type = "Runtime"
                Number = "1033"
            >Il limite inferiore della matrice Strin è stato cambiato da 1 a 0.</Issue>
            <Issue
                Type = "Compile"
                Number = "1014"
            >L'istruzione GoSub non è supportata.</Issue>
            <Issue
                Type = "Runtime"
                Number = "1037"
            >Impossibile risolvere la proprietà predefinita dell'oggetto O.LOOSE.</Issue>
            <Issue
                Type = "Runtime"
                Number = "1041"
            >Return ha un nuovo comportamento.</Issue>
        </Section>
        <Section Name = "cmdRota_Click" >
            <Issue
                Type = "Runtime"
                Number = "1037"
            >Impossibile risolvere la proprietà predefinita dell'oggetto O.wnrota.</Issue>
            <Issue
                Type = "Runtime"
                Number = "1037"
            >Impossibile risolvere la proprietà predefinita dell'oggetto O.Mp.</Issue>
        </Section>
        <Section Name = "Form_Activate" >
            <Issue
                Type = "Runtime"
                Number = "2065"
                ObjectName = "frmTab"
                ObjectType = "Form"
                PME = "Activate"
            >Form evento frmTab.Activate presenta un nuovo comportamento.</Issue>
        </Section>
        <Section Name = "Form_Load" >
            <Issue
                Type = "Runtime"
                Number = "1037"
            >Impossibile risolvere la proprietà predefinita dell'oggetto O.LOOSE.</Issue>
            <Issue
                Type = "Runtime"
                Number = "1037"
            >Impossibile risolvere la proprietà predefinita dell'oggetto O.Zp.</Issue>
            <Issue
                Type = "Runtime"
                Number = "1037"
            >Impossibile risolvere la proprietà predefinita dell'oggetto O.Mp.</Issue>
            <Issue
                Type = "Runtime"
                Number = "1037"
            >Impossibile risolvere la proprietà predefinita dell'oggetto O.pagina.</Issue>
            <Issue
                Type = "Runtime"
                Number = "1037"
            >Impossibile risolvere la proprietà predefinita dell'oggetto O.TipCalc.</Issue>
        </Section>
        <Section Name = "Form_QueryUnload" >
            <Issue
                Type = "Runtime"
                Number = "2065"
                ObjectName = "frmTab"
                ObjectType = "Form"
                PME = "QueryUnload"
            >Form evento frmTab.QueryUnload presenta un nuovo comportamento.</Issue>
        </Section>
        <Section Name = "Form_Unload" >
            <Issue
                Type = "Runtime"
                Number = "2065"
                ObjectName = "frmTab"
                ObjectType = "Form"
                PME = "Unload"
            >Form evento frmTab.Unload presenta un nuovo comportamento.</Issue>
        </Section>
        <Section Name = "Opt_Click" >
            <Issue
                Type = "Runtime"
                Number = "1037"
            >Impossibile risolvere la proprietà predefinita dell'oggetto O.AzzeraImposti.</Issue>
            <Issue
                Type = "Runtime"
                Number = "1037"
            >Impossibile risolvere la proprietà predefinita dell'oggetto O.WWW.</Issue>
            <Issue
                Type = "Runtime"
                Number = "1037"
            >Impossibile risolvere la proprietà predefinita dell'oggetto O.CambioUnita.</Issue>
            <Issue
                Type = "Runtime"
                Number = "1037"
                PME = "Trim"
            >Impossibile risolvere la proprietà predefinita dell'oggetto O.UVARIp.</Issue>
            <Issue
                Type = "Runtime"
                Number = "1037"
            >Impossibile risolvere la proprietà predefinita dell'oggetto O.Mp.</Issue>
            <Issue
                Type = "Runtime"
                Number = "1037"
            >Impossibile risolvere la proprietà predefinita dell'oggetto O.Zp.</Issue>
            <Issue
                Type = "Runtime"
                Number = "1037"
            >Impossibile risolvere la proprietà predefinita dell'oggetto O.AggiornaGuar.</Issue>
            <Issue
                Type = "Runtime"
                Number = "1037"
            >Impossibile risolvere la proprietà predefinita dell'oggetto O.pagina.</Issue>
            <Issue
                Type = "Runtime"
                Number = "1037"
            >Impossibile risolvere la proprietà predefinita dell'oggetto O.Traversini.</Issue>
            <Issue
                Type = "Runtime"
                Number = "1037"
            >Impossibile risolvere la proprietà predefinita dell'oggetto O.OptimTir.</Issue>
            <Issue
                Type = "Runtime"
                Number = "1037"
            >Impossibile risolvere la proprietà predefinita dell'oggetto O.qbflan.</Issue>
            <Issue
                Type = "Runtime"
                Number = "1037"
            >Impossibile risolvere la proprietà predefinita dell'oggetto O.ljflan.</Issue>
            <Issue
                Type = "Runtime"
                Number = "1037"
            >Impossibile risolvere la proprietà predefinita dell'oggetto O.RichiaTir.</Issue>
        </Section>
        <Section Name = "optOptim_Click" >
            <Issue
                Type = "Runtime"
                Number = "1037"
            >Impossibile risolvere la proprietà predefinita dell'oggetto O.Mp.</Issue>
            <Issue
                Type = "Runtime"
                Number = "1037"
            >Impossibile risolvere la proprietà predefinita dell'oggetto O.SuperOtt.</Issue>
            <Issue
                Type = "Runtime"
                Number = "1037"
            >Impossibile risolvere la proprietà predefinita dell'oggetto O.Zp.</Issue>
            <Issue
                Type = "Runtime"
                Number = "1037"
            >Impossibile risolvere la proprietà predefinita dell'oggetto O.AzzeraImposti.</Issue>
            <Issue
                Type = "Runtime"
                Number = "1037"
            >Impossibile risolvere la proprietà predefinita dell'oggetto O.OptimTir.</Issue>
            <Issue
                Type = "Runtime"
                Number = "1037"
            >Impossibile risolvere la proprietà predefinita dell'oggetto O.qbflan.</Issue>
            <Issue
                Type = "Compile"
                Number = "1014"
            >L'istruzione GoSub non è supportata.</Issue>
            <Issue
                Type = "Runtime"
                Number = "1041"
            >Return ha un nuovo comportamento.</Issue>
        </Section>
        <Section Name = "Schedario_Click" >
            <Issue
                Type = "Runtime"
                Number = "1037"
            >Impossibile risolvere la proprietà predefinita dell'oggetto O.TipCalc.</Issue>
            <Issue
                Type = "Runtime"
                Number = "1037"
            >Impossibile risolvere la proprietà predefinita dell'oggetto O.LOOSE.</Issue>
            <Issue
                Type = "Runtime"
                Number = "1037"
            >Impossibile risolvere la proprietà predefinita dell'oggetto O.pagina.</Issue>
            <Issue
                Type = "Compile"
                Number = "2064"
                ObjectName = "Schedario"
                ObjectType = "VBControlExtender"
                PME = "HelpContextID"
            >VBControlExtender proprietà Schedario.HelpContextID non è stato aggiornato.</Issue>
            <Issue
                Type = "Compile"
                Number = "2064"
                ObjectName = "Picture1"
                ObjectType = "PictureBox"
                PME = "HelpContextID"
            >PictureBox proprietà Picture1.HelpContextID non è stato aggiornato.</Issue>
            <Issue
                Type = "Runtime"
                Number = "1037"
            >Impossibile risolvere la proprietà predefinita dell'oggetto O.Carichi.</Issue>
            <Issue
                Type = "Runtime"
                Number = "1037"
            >Impossibile risolvere la proprietà predefinita dell'oggetto O.LoadCond.</Issue>
        </Section>
        <Section Name = "Valore_Change" >
            <Issue
                Type = "Runtime"
                Number = "1037"
            >Impossibile risolvere la proprietà predefinita dell'oggetto O.File.</Issue>
            <Issue
                Type = "Runtime"
                Number = "1037"
            >Impossibile risolvere la proprietà predefinita dell'oggetto O.PosVARIp.</Issue>
            <Issue
                Type = "Runtime"
                Number = "1037"
            >Impossibile risolvere la proprietà predefinita dell'oggetto O.WWW.</Issue>
            <Issue
                Type = "Runtime"
                Number = "1037"
            >Impossibile risolvere la proprietà predefinita dell'oggetto O.AzzeraImposti.</Issue>
            <Issue
                Type = "Runtime"
                Number = "1037"
            >Impossibile risolvere la proprietà predefinita dell'oggetto O.LOOSE.</Issue>
            <Issue
                Type = "Runtime"
                Number = "1037"
            >Impossibile risolvere la proprietà predefinita dell'oggetto O.LoadCond.</Issue>
            <Issue
                Type = "Runtime"
                Number = "1037"
                PME = "Trim"
            >Impossibile risolvere la proprietà predefinita dell'oggetto O.CVARIp.</Issue>
            <Issue
                Type = "Runtime"
                Number = "1037"
            >Impossibile risolvere la proprietà predefinita dell'oggetto O.Zp.</Issue>
            <Issue
                Type = "Runtime"
                Number = "1037"
            >Impossibile risolvere la proprietà predefinita dell'oggetto O.Mp.</Issue>
            <Issue
                Type = "Runtime"
                Number = "1037"
            >Impossibile risolvere la proprietà predefinita dell'oggetto O.TIR.</Issue>
            <Issue
                Type = "Runtime"
                Number = "2075"
            >L'evento Valore.TextChanged può essere generato quando il form è inizializzato.</Issue>
        </Section>
        <Section Name = "CercaRiga" >
            <Issue
                Type = "Runtime"
                Number = "1037"
            >Impossibile risolvere la proprietà predefinita dell'oggetto O.WWW.</Issue>
            <Issue
                Type = "Runtime"
                Number = "1037"
            >Impossibile risolvere la proprietà predefinita dell'oggetto O.FFF.</Issue>
            <Issue
                Type = "Runtime"
                Number = "1037"
            >Impossibile risolvere la proprietà predefinita dell'oggetto O.PosVARIp.</Issue>
        </Section>
        <Section Name = "VerifErr" >
            <Issue
                Type = "Runtime"
                Number = "1037"
            >Impossibile risolvere la proprietà predefinita dell'oggetto O.Conforme.</Issue>
            <Issue
                Type = "Runtime"
                Number = "1037"
            >Impossibile risolvere la proprietà predefinita dell'oggetto O.WWW.</Issue>
            <Issue
                Type = "Runtime"
                Number = "1037"
            >Impossibile risolvere la proprietà predefinita dell'oggetto O.FFF.</Issue>
            <Issue
                Type = "Runtime"
                Number = "1037"
            >Impossibile risolvere la proprietà predefinita dell'oggetto O.Ind.</Issue>
            <Issue
                Type = "Runtime"
                Number = "1037"
                PME = "InStr"
            >Impossibile risolvere la proprietà predefinita dell'oggetto O.CVARIp.</Issue>
            <Issue
                Type = "Runtime"
                Number = "1037"
            >Impossibile risolvere la proprietà predefinita dell'oggetto O.pagina.</Issue>
            <Issue
                Type = "Compile"
                Number = "1014"
            >L'istruzione GoSub non è supportata.</Issue>
            <Issue
                Type = "Runtime"
                Number = "1037"
            >Impossibile risolvere la proprietà predefinita dell'oggetto O.Zp.</Issue>
            <Issue
                Type = "Runtime"
                Number = "1037"
            >Impossibile risolvere la proprietà predefinita dell'oggetto O.Mp.</Issue>
            <Issue
                Type = "Runtime"
                Number = "1037"
            >Impossibile risolvere la proprietà predefinita dell'oggetto O.LOOSE.</Issue>
            <Issue
                Type = "Runtime"
                Number = "1037"
            >Impossibile risolvere la proprietà predefinita dell'oggetto O.File.</Issue>
            <Issue
                Type = "Runtime"
                Number = "1037"
            >Impossibile risolvere la proprietà predefinita dell'oggetto O.IndPos.</Issue>
            <Issue
                Type = "Runtime"
                Number = "1037"
            >Impossibile risolvere la proprietà predefinita dell'oggetto O.PosVARIp.</Issue>
            <Issue
                Type = "Runtime"
                Number = "1037"
            >Impossibile risolvere la proprietà predefinita dell'oggetto O.CRUSH.</Issue>
            <Issue
                Type = "Runtime"
                Number = "1041"
            >Return ha un nuovo comportamento.</Issue>
            <Issue
                Type = "Runtime"
                Number = "1037"
            >Impossibile risolvere la proprietà predefinita dell'oggetto O.TipCalc.</Issue>
        </Section>
        <Section Name = "Sub1720" >
            <Issue
                Type = "Runtime"
                Number = "1037"
            >Impossibile risolvere la proprietà predefinita dell'oggetto O.WWW.</Issue>
            <Issue
                Type = "Compile"
                Number = "1014"
            >L'istruzione GoSub non è supportata.</Issue>
            <Issue
                Type = "Compile"
                Number = "2064"
                ObjectName = "Opt"
                ObjectType = "CommandButton"
                PME = "HelpContextID"
            >CommandButton proprietà Opt.HelpContextID non è stato aggiornato.</Issue>
            <Issue
                Type = "Runtime"
                Number = "1037"
            >Impossibile risolvere la proprietà predefinita dell'oggetto O.TVARIp.</Issue>
            <Issue
                Type = "Runtime"
                Number = "1037"
            >Impossibile risolvere la proprietà predefinita dell'oggetto O.LOOSE.</Issue>
            <Issue
                Type = "Runtime"
                Number = "1037"
            >Impossibile risolvere la proprietà predefinita dell'oggetto O.PosVARIp.</Issue>
            <Issue
                Type = "Runtime"
                Number = "1037"
            >Impossibile risolvere la proprietà predefinita dell'oggetto O.Mp.</Issue>
            <Issue
                Type = "Runtime"
                Number = "1037"
            >Impossibile risolvere la proprietà predefinita dell'oggetto O.pagina.</Issue>
            <Issue
                Type = "Runtime"
                Number = "1037"
            >Impossibile risolvere la proprietà predefinita dell'oggetto O.Zp.</Issue>
            <Issue
                Type = "Runtime"
                Number = "1041"
            >Return ha un nuovo comportamento.</Issue>
        </Section>
        <Section Name = "ScriviValore" >
            <Issue
                Type = "Runtime"
                Number = "1037"
            >Impossibile risolvere la proprietà predefinita dell'oggetto O.PosVARIp.</Issue>
            <Issue
                Type = "Runtime"
                Number = "1037"
                PME = "InStr"
            >Impossibile risolvere la proprietà predefinita dell'oggetto O.CVARIp.</Issue>
            <Issue
                Type = "Runtime"
                Number = "1037"
            >Impossibile risolvere la proprietà predefinita dell'oggetto O.LOOSE.</Issue>
            <Issue
                Type = "Runtime"
                Number = "1037"
            >Impossibile risolvere la proprietà predefinita dell'oggetto O.LoadCond.</Issue>
            <Issue
                Type = "Runtime"
                Number = "1037"
            >Impossibile risolvere la proprietà predefinita dell'oggetto O.TVARIp.</Issue>
            <Issue
                Type = "Runtime"
                Number = "1037"
            >Impossibile risolvere la proprietà predefinita dell'oggetto O.Mp.</Issue>
            <Issue
                Type = "Runtime"
                Number = "1037"
            >Impossibile risolvere la proprietà predefinita dell'oggetto O.Zp.</Issue>
            <Issue
                Type = "Runtime"
                Number = "1037"
            >Impossibile risolvere la proprietà predefinita dell'oggetto O.TIR.</Issue>
        </Section>
        <Section Name = "Visibile" >
            <Issue
                Type = "Runtime"
                Number = "1037"
            >Impossibile risolvere la proprietà predefinita dell'oggetto O.Mp.</Issue>
            <Issue
                Type = "Runtime"
                Number = "1037"
            >Impossibile risolvere la proprietà predefinita dell'oggetto O.Zp.</Issue>
        </Section>
        <Section Name = "Valore_GotFocus" >
            <Issue
                Type = "Runtime"
                Number = "1037"
            >Impossibile risolvere la proprietà predefinita dell'oggetto O.PosVARIp.</Issue>
            <Issue
                Type = "Runtime"
                Number = "1037"
            >Impossibile risolvere la proprietà predefinita dell'oggetto O.WWW.</Issue>
        </Section>
        <Section Name = "Valore_LostFocus" >
            <Issue
                Type = "Runtime"
                Number = "1037"
            >Impossibile risolvere la proprietà predefinita dell'oggetto O.PosVARIp.</Issue>
            <Issue
                Type = "Runtime"
                Number = "1037"
            >Impossibile risolvere la proprietà predefinita dell'oggetto O.WWW.</Issue>
            <Issue
                Type = "Runtime"
                Number = "1037"
            >Impossibile risolvere la proprietà predefinita dell'oggetto O.AzzeraImposti.</Issue>
        </Section>
        <Section Name = "SpessoreMinimo" >
            <Issue
                Type = "Runtime"
                Number = "1037"
            >Impossibile risolvere la proprietà predefinita dell'oggetto O.Mp.</Issue>
            <Issue
                Type = "Runtime"
                Number = "1037"
            >Impossibile risolvere la proprietà predefinita dell'oggetto O.Zp.</Issue>
            <Issue
                Type = "Runtime"
                Number = "1037"
            >Impossibile risolvere la proprietà predefinita dell'oggetto O.qbflan.</Issue>
            <Issue
                Type = "Runtime"
                Number = "1037"
            >Impossibile risolvere la proprietà predefinita dell'oggetto O.Carichi.</Issue>
            <Issue
                Type = "Runtime"
                Number = "1037"
            >Impossibile risolvere la proprietà predefinita dell'oggetto O.LoadCond.</Issue>
            <Issue
                Type = "Runtime"
                Number = "1037"
            >Impossibile risolvere la proprietà predefinita dell'oggetto O.Calcola.</Issue>
            <Issue
                Type = "Runtime"
                Number = "1037"
            >Impossibile risolvere la proprietà predefinita dell'oggetto O.GiaCalc.</Issue>
            <Issue
                Type = "Runtime"
                Number = "1037"
            >Impossibile risolvere la proprietà predefinita dell'oggetto O.Calcolo.</Issue>
            <Issue
                Type = "Runtime"
                Number = "1037"
            >Impossibile risolvere la proprietà predefinita dell'oggetto O.pagina.</Issue>
            <Issue
                Type = "Runtime"
                Number = "1037"
            >Impossibile risolvere la proprietà predefinita dell'oggetto O.SuperOtt.</Issue>
        </Section>
        <Section Name = "AggiornaAmmiss" >
            <Issue
                Type = "Runtime"
                Number = "1037"
            >Impossibile risolvere la proprietà predefinita dell'oggetto O.PosVARIp.</Issue>
            <Issue
                Type = "Runtime"
                Number = "1037"
            >Impossibile risolvere la proprietà predefinita dell'oggetto O.Mp.</Issue>
            <Issue
                Type = "Runtime"
                Number = "1037"
            >Impossibile risolvere la proprietà predefinita dell'oggetto O.Ammiss.</Issue>
            <Issue
                Type = "Runtime"
                Number = "1037"
            >Impossibile risolvere la proprietà predefinita dell'oggetto O.LOOSE.</Issue>
            <Issue
                Type = "Runtime"
                Number = "1037"
            >Impossibile risolvere la proprietà predefinita dell'oggetto O.LoadCond.</Issue>
            <Issue
                Type = "Runtime"
                Number = "1037"
            >Impossibile risolvere la proprietà predefinita dell'oggetto O.Zp.</Issue>
        </Section>
        <Section Name = "SupAggiornaAmmiss" >
            <Issue
                Type = "Runtime"
                Number = "1037"
            >Impossibile risolvere la proprietà predefinita dell'oggetto O.LOOSE.</Issue>
        </Section>
        <Section Name = "Attivazione" >
            <Issue
                Type = "Runtime"
                Number = "1037"
            >Impossibile risolvere la proprietà predefinita dell'oggetto O.pagina.</Issue>
            <Issue
                Type = "Runtime"
                Number = "1037"
            >Impossibile risolvere la proprietà predefinita dell'oggetto O.RilBull0.</Issue>
            <Issue
                Type = "Compile"
                Number = "2064"
                ObjectName = "cmdCalc"
                ObjectType = "CommandButton"
                PME = "HelpContextID"
            >CommandButton proprietà cmdCalc.HelpContextID non è stato aggiornato.</Issue>
            <Issue
                Type = "Runtime"
                Number = "1037"
            >Impossibile risolvere la proprietà predefinita dell'oggetto O.Carichi.</Issue>
            <Issue
                Type = "Runtime"
                Number = "1037"
            >Impossibile risolvere la proprietà predefinita dell'oggetto O.TipCalc.</Issue>
        </Section>
        <Section Name = "AccoppPT" >
            <Issue
                Type = "Runtime"
                Number = "1033"
            >Il limite inferiore della matrice Strin è stato cambiato da 1 a 0.</Issue>
            <Issue
                Type = "Runtime"
                Number = "1037"
            >Impossibile risolvere la proprietà predefinita dell'oggetto AccoppiatoPT.FlDati(16).</Issue>
            <Issue
                Type = "Runtime"
                Number = "1037"
            >Impossibile risolvere la proprietà predefinita dell'oggetto AccoppiatoPT.FlDati().</Issue>
            <Issue
                Type = "Runtime"
                Number = "1037"
            >Impossibile risolvere la proprietà predefinita dell'oggetto AccoppiatoPT.FlDati(18).</Issue>
            <Issue
                Type = "Compile"
                Number = "1014"
            >L'istruzione GoSub non è supportata.</Issue>
            <Issue
                Type = "Runtime"
                Number = "1041"
            >Return ha un nuovo comportamento.</Issue>
        </Section>
    </File>
    <File
        OldPath = "E:\Programmi\MicroSoft Visual Studio\Fbm\AsmeVip\messag.frm"
        NewPath = "C:\Documenti\Visual Studio Projects\Lancio\AsmeVip.NET\messag.vb"
        FileType = "Form"
        Upgraded = "True"
    />
    <File
        OldPath = "E:\Programmi\MicroSoft Visual Studio\Fbm\AsmeVip\Diaframma.frm"
        NewPath = "C:\Documenti\Visual Studio Projects\Lancio\AsmeVip.NET\Diaframma.vb"
        FileType = "Form"
        Upgraded = "True"
    >
        <Section Name = "Command1_Click" >
            <Issue
                Type = "Compile"
                Number = "1014"
            >L'istruzione GoSub non è supportata.</Issue>
            <Issue
                Type = "Runtime"
                Number = "1041"
            >Return ha un nuovo comportamento.</Issue>
        </Section>
        <Section Name = "Form_Activate" >
            <Issue
                Type = "Runtime"
                Number = "2065"
                ObjectName = "frmDiaf"
                ObjectType = "Form"
                PME = "Activate"
            >Form evento frmDiaf.Activate presenta un nuovo comportamento.</Issue>
        </Section>
    </File>
    <File
        OldPath = "E:\Programmi\MicroSoft Visual Studio\Fbm\AsmeVip\wn_Diaf.cls"
        NewPath = "C:\Documenti\Visual Studio Projects\Lancio\AsmeVip.NET\wn_Diaf.vb"
        FileType = "Class Module"
        Upgraded = "True"
    >
        <Section Name = "Leggi" >
            <Issue
                Type = "Runtime"
                Number = "1041"
            >Get è stato aggiornato a FileGet e ha un nuovo comportamento.</Issue>
        </Section>
        <Section Name = "Salva" >
            <Issue
                Type = "Runtime"
                Number = "1041"
            >Put è stato aggiornato a FilePut e ha un nuovo comportamento.</Issue>
        </Section>
        <Section Name = "Pindicew" >
            <Issue
                Type = "Runtime"
                Number = "1037"
            >Impossibile risolvere la proprietà predefinita dell'oggetto pindiceW.</Issue>
        </Section>
        <Section Name = "Pindiceb" >
            <Issue
                Type = "Runtime"
                Number = "1037"
            >Impossibile risolvere la proprietà predefinita dell'oggetto pindiceB.</Issue>
        </Section>
        <Section Name = "Pindicec" >
            <Issue
                Type = "Runtime"
                Number = "1037"
            >Impossibile risolvere la proprietà predefinita dell'oggetto pindiceC.</Issue>
        </Section>
        <Section Name = "Pindiced" >
            <Issue
                Type = "Runtime"
                Number = "1037"
            >Impossibile risolvere la proprietà predefinita dell'oggetto pindiceD.</Issue>
        </Section>
        <Section Name = "Pindicef" >
            <Issue
                Type = "Runtime"
                Number = "1037"
            >Impossibile risolvere la proprietà predefinita dell'oggetto pindiceF.</Issue>
        </Section>
        <Section Name = "LeggiMateriali" >
            <Issue
                Type = "Runtime"
                Number = "1042"
            >È possibile che singoli elementi della matrice Record debbano essere inizializzati.</Issue>
        </Section>
    </File>
    <File
        OldPath = "E:\Programmi\MicroSoft Visual Studio\Fbm\AsmeVip\frmPart.frm"
        NewPath = "C:\Documenti\Visual Studio Projects\Lancio\AsmeVip.NET\frmPart.vb"
        FileType = "Form"
        Upgraded = "True"
    >
        <Section Name = "cmdCil_Click" >
            <Issue
                Type = "Compile"
                Number = "1014"
            >L'istruzione GoSub non è supportata.</Issue>
            <Issue
                Type = "Runtime"
                Number = "1041"
            >Return ha un nuovo comportamento.</Issue>
        </Section>
        <Section Name = "Combo1_Click" >
            <Issue
                Type = "Runtime"
                Number = "2075"
            >L'evento Combo1.SelectedIndexChanged può essere generato quando il form è inizializzato.</Issue>
        </Section>
        <Section Name = "Combo2_Click" >
            <Issue
                Type = "Runtime"
                Number = "2075"
            >L'evento Combo2.SelectedIndexChanged può essere generato quando il form è inizializzato.</Issue>
        </Section>
        <Section Name = "Form_Activate" >
            <Issue
                Type = "Runtime"
                Number = "2065"
                ObjectName = "frmDatiPart"
                ObjectType = "Form"
                PME = "Activate"
            >Form evento frmDatiPart.Activate presenta un nuovo comportamento.</Issue>
        </Section>
        <Section Name = "Option1_Click" >
            <Issue
                Type = "Runtime"
                Number = "2075"
            >L'evento Option1.CheckedChanged può essere generato quando il form è inizializzato.</Issue>
        </Section>
        <Section Name = "Option2_Click" >
            <Issue
                Type = "Runtime"
                Number = "2075"
            >L'evento Option2.CheckedChanged può essere generato quando il form è inizializzato.</Issue>
        </Section>
        <Section Name = "Text1_Change" >
            <Issue
                Type = "Runtime"
                Number = "2075"
            >L'evento Text1.TextChanged può essere generato quando il form è inizializzato.</Issue>
        </Section>
        <Section Name = "Text10_Change" >
            <Issue
                Type = "Runtime"
                Number = "2075"
            >L'evento Text10.TextChanged può essere generato quando il form è inizializzato.</Issue>
        </Section>
        <Section Name = "Text2_Change" >
            <Issue
                Type = "Runtime"
                Number = "2075"
            >L'evento Text2.TextChanged può essere generato quando il form è inizializzato.</Issue>
        </Section>
        <Section Name = "Text2_KeyPress" >
            <Issue
                Type = "Compile"
                Number = "1058"
                ObjectName = "Text2"
                ObjectType = "TextBox"
                PME = "KeyPress"
            >Assegnazione non supportata: KeyAscii ha un valore diverso da zero</Issue>
        </Section>
        <Section Name = "Text3_Change" >
            <Issue
                Type = "Runtime"
                Number = "2075"
            >L'evento Text3.TextChanged può essere generato quando il form è inizializzato.</Issue>
        </Section>
        <Section Name = "Text4_Change" >
            <Issue
                Type = "Runtime"
                Number = "2075"
            >L'evento Text4.TextChanged può essere generato quando il form è inizializzato.</Issue>
        </Section>
        <Section Name = "Text5_Change" >
            <Issue
                Type = "Runtime"
                Number = "2075"
            >L'evento Text5.TextChanged può essere generato quando il form è inizializzato.</Issue>
        </Section>
        <Section Name = "Text6_Change" >
            <Issue
                Type = "Runtime"
                Number = "2075"
            >L'evento Text6.TextChanged può essere generato quando il form è inizializzato.</Issue>
        </Section>
        <Section Name = "Text7_Change" >
            <Issue
                Type = "Runtime"
                Number = "2075"
            >L'evento Text7.TextChanged può essere generato quando il form è inizializzato.</Issue>
        </Section>
        <Section Name = "Text8_Change" >
            <Issue
                Type = "Runtime"
                Number = "2075"
            >L'evento Text8.TextChanged può essere generato quando il form è inizializzato.</Issue>
        </Section>
        <Section Name = "Text9_Change" >
            <Issue
                Type = "Runtime"
                Number = "2075"
            >L'evento Text9.TextChanged può essere generato quando il form è inizializzato.</Issue>
        </Section>
    </File>
    <File
        OldPath = "E:\Programmi\MicroSoft Visual Studio\Fbm\AsmeVip\frmPartAB.frm"
        NewPath = "C:\Documenti\Visual Studio Projects\Lancio\AsmeVip.NET\frmPartAB.vb"
        FileType = "Form"
        Upgraded = "True"
    >
        <Section Name = "Calcola" >
            <Issue
                Type = "Runtime"
                Number = "1037"
            >Impossibile risolvere la proprietà predefinita dell'oggetto str_a.</Issue>
            <Issue
                Type = "Runtime"
                Number = "1037"
            >Impossibile risolvere la proprietà predefinita dell'oggetto val_a.</Issue>
            <Issue
                Type = "Runtime"
                Number = "1037"
            >Impossibile risolvere la proprietà predefinita dell'oggetto val_b.</Issue>
            <Issue
                Type = "Runtime"
                Number = "1037"
            >Impossibile risolvere la proprietà predefinita dell'oggetto str_val_a1.</Issue>
            <Issue
                Type = "Runtime"
                Number = "1037"
            >Impossibile risolvere la proprietà predefinita dell'oggetto str_val_b1.</Issue>
            <Issue
                Type = "Runtime"
                Number = "1037"
            >Impossibile risolvere la proprietà predefinita dell'oggetto val_a1.</Issue>
            <Issue
                Type = "Runtime"
                Number = "1037"
            >Impossibile risolvere la proprietà predefinita dell'oggetto val_b1.</Issue>
            <Issue
                Type = "Runtime"
                Number = "1037"
            >Impossibile risolvere la proprietà predefinita dell'oggetto val_a2.</Issue>
        </Section>
        <Section Name = "Form_Activate" >
            <Issue
                Type = "Runtime"
                Number = "2065"
                ObjectName = "frmPartAB"
                ObjectType = "Form"
                PME = "Activate"
            >Form evento frmPartAB.Activate presenta un nuovo comportamento.</Issue>
        </Section>
        <Section Name = "Text1_Change" >
            <Issue
                Type = "Runtime"
                Number = "2075"
            >L'evento Text1.TextChanged può essere generato quando il form è inizializzato.</Issue>
        </Section>
        <Section Name = "Txt1_Change" >
            <Issue
                Type = "Runtime"
                Number = "2075"
            >L'evento Txt1.TextChanged può essere generato quando il form è inizializzato.</Issue>
        </Section>
        <Section Name = "Txt1_GotFocus" >
            <Issue
                Type = "Runtime"
                Number = "1037"
            >Impossibile risolvere la proprietà predefinita dell'oggetto objPart.personalizzato.</Issue>
        </Section>
        <Section Name = "Txt2_Change" >
            <Issue
                Type = "Runtime"
                Number = "2075"
            >L'evento Txt2.TextChanged può essere generato quando il form è inizializzato.</Issue>
        </Section>
        <Section Name = "Txt2_GotFocus" >
            <Issue
                Type = "Runtime"
                Number = "1037"
            >Impossibile risolvere la proprietà predefinita dell'oggetto objPart.personalizzato.</Issue>
        </Section>
        <Section Name = "ListView1_ItemClick" >
            <Issue
                Type = "Runtime"
                Number = "1037"
            >Impossibile risolvere la proprietà predefinita dell'oggetto objPart.Standard.</Issue>
        </Section>
        <Section Name = "Option1_Click" >
            <Issue
                Type = "Runtime"
                Number = "2075"
            >L'evento Option1.CheckedChanged può essere generato quando il form è inizializzato.</Issue>
        </Section>
        <Section Name = "Option2_Click" >
            <Issue
                Type = "Runtime"
                Number = "2075"
            >L'evento Option2.CheckedChanged può essere generato quando il form è inizializzato.</Issue>
        </Section>
    </File>
    <File
        OldPath = "E:\Programmi\MicroSoft Visual Studio\Fbm\AsmeVip\wn_Part.cls"
        NewPath = "C:\Documenti\Visual Studio Projects\Lancio\AsmeVip.NET\wn_Part.vb"
        FileType = "Class Module"
        Upgraded = "True"
    >
        <Section Name = "Class_Initialize" >
            <Issue
                Type = "Runtime"
                Number = "1037"
            >Impossibile risolvere la proprietà predefinita dell'oggetto Standard.</Issue>
            <Issue
                Type = "Runtime"
                Number = "1037"
            >Impossibile risolvere la proprietà predefinita dell'oggetto personalizzato.</Issue>
        </Section>
        <Section Name = "Leggi" >
            <Issue
                Type = "Runtime"
                Number = "1041"
            >Get è stato aggiornato a FileGet e ha un nuovo comportamento.</Issue>
        </Section>
        <Section Name = "Salva" >
            <Issue
                Type = "Runtime"
                Number = "1041"
            >Put è stato aggiornato a FilePut e ha un nuovo comportamento.</Issue>
        </Section>
        <Section Name = "Stampa" >
            <Issue
                Type = "Runtime"
                Number = "2065"
                ObjectName = "Screen"
                ObjectType = "Screen"
                PME = "MousePointer"
            >Screen proprietà Screen.MousePointer presenta un nuovo comportamento.</Issue>
        </Section>
    </File>
    <File
        OldPath = "E:\Programmi\MicroSoft Visual Studio\Fbm\AsmeVip\frmOptim.frm"
        NewPath = "C:\Documenti\Visual Studio Projects\Lancio\AsmeVip.NET\frmOptim.vb"
        FileType = "Form"
        Upgraded = "True"
    >
        <Section Name = "(Layout)" >
            <Issue
                Type = "Design"
                Number = "2045"
                ObjectName = "Break"
                ObjectType = "CommandButton"
                PME = "Font"
            >Nei Windows Form sono supportati solo tipi di carattere TrueType e OpenType.</Issue>
            <Issue
                Type = "Design"
                Number = "2045"
                ObjectName = "Frame2"
                ObjectType = "Frame"
                PME = "Font"
            >Nei Windows Form sono supportati solo tipi di carattere TrueType e OpenType.</Issue>
            <Issue
                Type = "Design"
                Number = "2045"
                ObjectName = "Frame1"
                ObjectType = "Frame"
                PME = "Font"
            >Nei Windows Form sono supportati solo tipi di carattere TrueType e OpenType.</Issue>
            <Issue
                Type = "Design"
                Number = "2064"
                ObjectName = "frmOptim"
                ObjectType = "Form"
                PME = "WhatsThisHelp"
            >Form proprietà frmOptim.WhatsThisHelp non è stato aggiornato.</Issue>
            <Issue
                Type = "Design"
                Number = "2064"
                ObjectName = "chkEscludiSez1"
                ObjectType = "CheckBox"
                PME = "HelpContextID"
            >CheckBox proprietà chkEscludiSez1.HelpContextID non è stato aggiornato.</Issue>
        </Section>
        <Section Name = "Form_QueryUnload" >
            <Issue
                Type = "Runtime"
                Number = "2065"
                ObjectName = "frmOptim"
                ObjectType = "Form"
                PME = "QueryUnload"
            >Form evento frmOptim.QueryUnload presenta un nuovo comportamento.</Issue>
        </Section>
        <Section Name = "Form_Unload" >
            <Issue
                Type = "Runtime"
                Number = "2065"
                ObjectName = "frmOptim"
                ObjectType = "Form"
                PME = "Unload"
            >Form evento frmOptim.Unload presenta un nuovo comportamento.</Issue>
        </Section>
    </File>
    <File
        OldPath = "E:\Programmi\MicroSoft Visual Studio\Fbm\Tipi.bas"
        NewPath = "C:\Documenti\Visual Studio Projects\Lancio\AsmeVip.NET\Tipi.vb"
        FileType = "Module"
        Upgraded = "True"
    >
        <Section Name = "(Dichiarazioni)" >
            <Issue
                Type = "Compile"
                Number = "1051"
            >Tipo di dichiarazione non supportato: Matrici di stringhe di lunghezza fissa.</Issue>
            <Issue
                Type = "ToDo"
                Number = "1026"
            >&amp;quot;Initialize&amp;quot; deve essere chiamato per inizializzare istanze di questa struttura.</Issue>
        </Section>
        <Section Name = "Initialize" >
            <Issue
                Type = "Runtime"
                Number = "1033"
            >Il limite inferiore della matrice Variab è stato cambiato da 1 a 0.</Issue>
            <Issue
                Type = "Runtime"
                Number = "1033"
            >Il limite inferiore della matrice Dimens è stato cambiato da 1 a 0.</Issue>
            <Issue
                Type = "Runtime"
                Number = "1033"
            >Il limite inferiore della matrice prezzo è stato cambiato da 1 a 0.</Issue>
            <Issue
                Type = "Runtime"
                Number = "1033"
            >Il limite inferiore della matrice Dati è stato cambiato da 1 a 0.</Issue>
            <Issue
                Type = "Runtime"
                Number = "1033"
            >Il limite inferiore della matrice Vertici è stato cambiato da 1 a 0.</Issue>
            <Issue
                Type = "Runtime"
                Number = "1033"
            >Il limite inferiore della matrice Centri è stato cambiato da 1 a 0.</Issue>
            <Issue
                Type = "Runtime"
                Number = "1033"
            >Il limite inferiore della matrice Raggi è stato cambiato da 1 a 0.</Issue>
            <Issue
                Type = "Runtime"
                Number = "1033"
            >Il limite inferiore della matrice Corners è stato cambiato da 1 a 0.</Issue>
            <Issue
                Type = "Runtime"
                Number = "1033"
            >Il limite inferiore della matrice R è stato cambiato da 1 a 0.</Issue>
        </Section>
    </File>
    <File
        OldPath = "E:\Programmi\MicroSoft Visual Studio\Fbm\datides4.Bas"
        NewPath = "C:\Documenti\Visual Studio Projects\Lancio\AsmeVip.NET\DATIDES4.vb"
        FileType = "Module"
        Upgraded = "True"
    >
        <Section Name = "(Dichiarazioni)" >
            <Issue
                Type = "ToDo"
                Number = "1026"
            >&amp;quot;Initialize&amp;quot; deve essere chiamato per inizializzare istanze di questa struttura.</Issue>
            <Issue
                Type = "Compile"
                Number = "1051"
            >Tipo di dichiarazione non supportato: Matrici di stringhe di lunghezza fissa.</Issue>
        </Section>
        <Section Name = "Initialize" >
            <Issue
                Type = "Runtime"
                Number = "1033"
            >Il limite inferiore della matrice Pdding è stato cambiato da 1 a 0.</Issue>
            <Issue
                Type = "Runtime"
                Number = "1033"
            >Il limite inferiore della matrice ValorM è stato cambiato da 1 a 0.</Issue>
            <Issue
                Type = "Runtime"
                Number = "1033"
            >Il limite inferiore della matrice ValorT è stato cambiato da 1 a 0.</Issue>
            <Issue
                Type = "Runtime"
                Number = "1033"
            >Il limite inferiore della matrice SteamWM è stato cambiato da 1 a 0.</Issue>
            <Issue
                Type = "Runtime"
                Number = "1033"
            >Il limite inferiore della matrice SteamWT è stato cambiato da 1 a 0.</Issue>
            <Issue
                Type = "Runtime"
                Number = "1033"
            >Il limite inferiore della matrice PortVap è stato cambiato da 1 a 0.</Issue>
            <Issue
                Type = "Runtime"
                Number = "1033"
            >Il limite inferiore della matrice PortLiq è stato cambiato da 1 a 0.</Issue>
        </Section>
    </File>
    <File
        OldPath = "E:\Programmi\MicroSoft Visual Studio\Fbm\AsmeVip\frmNoz.frm"
        NewPath = "C:\Documenti\Visual Studio Projects\Lancio\AsmeVip.NET\frmNoz.vb"
        FileType = "Form"
        Upgraded = "True"
    >
        <Section Name = "(Layout)" >
            <Issue
                Type = "Design"
                Number = "2067"
                ObjectName = "object"
                ObjectType = "MSComCtl2.UpDown"
            >Il controllo MSComCtl2.UpDown object non è stato aggiornato.</Issue>
        </Section>
        <Section Name = "Check1_Click" >
            <Issue
                Type = "Runtime"
                Number = "2075"
            >L'evento Check1.CheckStateChanged può essere generato quando il form è inizializzato.</Issue>
        </Section>
        <Section Name = "cmbCil_Change" >
            <Issue
                Type = "Runtime"
                Number = "2075"
            >L'evento cmbCil.TextChanged può essere generato quando il form è inizializzato.</Issue>
            <Issue
                Type = "Runtime"
                Number = "2074"
            >ComboBox evento cmbCil.Change è stato aggiornato a cmbCil.TextChanged che presenta un nuovo comportamento.</Issue>
        </Section>
        <Section Name = "cmbCil_Click" >
            <Issue
                Type = "Runtime"
                Number = "2075"
            >L'evento cmbCil.SelectedIndexChanged può essere generato quando il form è inizializzato.</Issue>
        </Section>
        <Section Name = "cmdCil_Click" >
            <Issue
                Type = "Compile"
                Number = "1014"
            >L'istruzione GoSub non è supportata.</Issue>
            <Issue
                Type = "Runtime"
                Number = "1042"
            >È possibile che singoli elementi della matrice Record debbano essere inizializzati.</Issue>
            <Issue
                Type = "Runtime"
                Number = "1037"
            >Impossibile risolvere la proprietà predefinita dell'oggetto DiamNom().</Issue>
            <Issue
                Type = "Runtime"
                Number = "2065"
                ObjectName = "Screen"
                ObjectType = "Screen"
                PME = "MousePointer"
            >Screen proprietà Screen.MousePointer presenta un nuovo comportamento.</Issue>
            <Issue
                Type = "Runtime"
                Number = "1041"
            >Return ha un nuovo comportamento.</Issue>
        </Section>
        <Section Name = "Form_Activate" >
            <Issue
                Type = "Runtime"
                Number = "2065"
                ObjectName = "frmNoz"
                ObjectType = "Form"
                PME = "Activate"
            >Form evento frmNoz.Activate presenta un nuovo comportamento.</Issue>
        </Section>
        <Section Name = "TextCil_Change" >
            <Issue
                Type = "Compile"
                Number = "1014"
            >L'istruzione GoSub non è supportata.</Issue>
            <Issue
                Type = "Runtime"
                Number = "1041"
            >Return ha un nuovo comportamento.</Issue>
            <Issue
                Type = "Runtime"
                Number = "2075"
            >L'evento TextCil.TextChanged può essere generato quando il form è inizializzato.</Issue>
        </Section>
        <Section Name = "AggDatiNoz" >
            <Issue
                Type = "Runtime"
                Number = "1037"
            >Impossibile risolvere la proprietà predefinita dell'oggetto objMemb(Involucr(kLato, jInvolucr).IndObject).LOOSE.</Issue>
        </Section>
        <Section Name = "AggTesti" >
            <Issue
                Type = "Runtime"
                Number = "1037"
            >Impossibile risolvere la proprietà predefinita dell'oggetto ShThkDefault.</Issue>
        </Section>
        <Section Name = "AggiDisp" >
            <Issue
                Type = "Compile"
                Number = "1014"
            >L'istruzione GoSub non è supportata.</Issue>
            <Issue
                Type = "Runtime"
                Number = "1037"
            >Impossibile risolvere la proprietà predefinita dell'oggetto objMemb().LOOSE.</Issue>
            <Issue
                Type = "Runtime"
                Number = "1041"
            >Return ha un nuovo comportamento.</Issue>
        </Section>
        <Section Name = "ShThkDefault" >
            <Issue
                Type = "Runtime"
                Number = "1037"
            >Impossibile risolvere la proprietà predefinita dell'oggetto ShThkDefault.</Issue>
            <Issue
                Type = "Runtime"
                Number = "1037"
            >Impossibile risolvere la proprietà predefinita dell'oggetto objMemb().Zp.</Issue>
        </Section>
    </File>
    <File
        OldPath = "E:\Programmi\MicroSoft Visual Studio\Fbm\AsmeVip\clsValoriMAWP.cls"
        NewPath = "C:\Documenti\Visual Studio Projects\Lancio\AsmeVip.NET\clsValoriMAWP.vb"
        FileType = "Class Module"
        Upgraded = "True"
    />
    <File
        OldPath = "E:\Programmi\MicroSoft Visual Studio\Fbm\AsmeVip\frmASME.frm"
        NewPath = "C:\Documenti\Visual Studio Projects\Lancio\AsmeVip.NET\frmASME.vb"
        FileType = "Form"
        Upgraded = "True"
    >
        <Section Name = "(Layout)" >
            <Issue
                Type = "Design"
                Number = "2064"
                ObjectName = "Apert"
                ObjectType = "Form"
                PME = "AutoRedraw"
            >Form proprietà Apert.AutoRedraw non è stato aggiornato.</Issue>
            <Issue
                Type = "Design"
                Number = "2064"
                ObjectName = "Apert"
                ObjectType = "Form"
                PME = "PaletteMode"
            >Form proprietà Apert.PaletteMode non è stato aggiornato.</Issue>
            <Issue
                Type = "Design"
                Number = "2064"
                ObjectName = "Apert"
                ObjectType = "Form"
                PME = "WhatsThisHelp"
            >Form proprietà Apert.WhatsThisHelp non è stato aggiornato.</Issue>
            <Issue
                Type = "Design"
                Number = "2064"
                ObjectName = "_Frames_2"
                ObjectType = "Frame"
                PME = "HelpContextID"
            >Frame proprietà _Frames_2.HelpContextID non è stato aggiornato.</Issue>
            <Issue
                Type = "Design"
                Number = "2064"
                ObjectName = "_Frames_0"
                ObjectType = "Frame"
                PME = "HelpContextID"
            >Frame proprietà _Frames_0.HelpContextID non è stato aggiornato.</Issue>
            <Issue
                Type = "Design"
                Number = "2064"
                ObjectName = "Text1"
                ObjectType = "TextBox"
                PME = "HelpContextID"
            >TextBox proprietà Text1.HelpContextID non è stato aggiornato.</Issue>
            <Issue
                Type = "Design"
                Number = "2064"
                ObjectName = "Check1"
                ObjectType = "CheckBox"
                PME = "HelpContextID"
            >CheckBox proprietà Check1.HelpContextID non è stato aggiornato.</Issue>
            <Issue
                Type = "Design"
                Number = "2064"
                ObjectName = "_cmdVisual_1"
                ObjectType = "CommandButton"
                PME = "HelpContextID"
            >CommandButton proprietà _cmdVisual_1.HelpContextID non è stato aggiornato.</Issue>
            <Issue
                Type = "Design"
                Number = "2064"
                ObjectName = "_cmdVisual_0"
                ObjectType = "CommandButton"
                PME = "HelpContextID"
            >CommandButton proprietà _cmdVisual_0.HelpContextID non è stato aggiornato.</Issue>
            <Issue
                Type = "Design"
                Number = "2064"
                ObjectName = "cmdClear"
                ObjectType = "CommandButton"
                PME = "HelpContextID"
            >CommandButton proprietà cmdClear.HelpContextID non è stato aggiornato.</Issue>
            <Issue
                Type = "Design"
                Number = "2064"
                ObjectName = "_Frames_1"
                ObjectType = "Frame"
                PME = "HelpContextID"
            >Frame proprietà _Frames_1.HelpContextID non è stato aggiornato.</Issue>
            <Issue
                Type = "Design"
                Number = "2064"
                ObjectName = "cmdDati"
                ObjectType = "CommandButton"
                PME = "HelpContextID"
            >CommandButton proprietà cmdDati.HelpContextID non è stato aggiornato.</Issue>
            <Issue
                Type = "Design"
                Number = "2064"
                ObjectName = "cmdCalc"
                ObjectType = "CommandButton"
                PME = "HelpContextID"
            >CommandButton proprietà cmdCalc.HelpContextID non è stato aggiornato.</Issue>
            <Issue
                Type = "Design"
                Number = "2064"
                ObjectName = "Command1"
                ObjectType = "CommandButton"
                PME = "HelpContextID"
            >CommandButton proprietà Command1.HelpContextID non è stato aggiornato.</Issue>
        </Section>
        <Section Name = "Check1_Click" >
            <Issue
                Type = "Runtime"
                Number = "2075"
            >L'evento Check1.CheckStateChanged può essere generato quando il form è inizializzato.</Issue>
        </Section>
        <Section Name = "Form_Activate" >
            <Issue
                Type = "Runtime"
                Number = "2065"
                ObjectName = "Apert"
                ObjectType = "Form"
                PME = "Activate"
            >Form evento Apert.Activate presenta un nuovo comportamento.</Issue>
        </Section>
        <Section Name = "Form_QueryUnload" >
            <Issue
                Type = "Runtime"
                Number = "2065"
                ObjectName = "Apert"
                ObjectType = "Form"
                PME = "QueryUnload"
            >Form evento Apert.QueryUnload presenta un nuovo comportamento.</Issue>
        </Section>
        <Section Name = "Form_Unload" >
            <Issue
                Type = "Runtime"
                Number = "2065"
                ObjectName = "Apert"
                ObjectType = "Form"
                PME = "Unload"
            >Form evento Apert.Unload presenta un nuovo comportamento.</Issue>
        </Section>
        <Section Name = "mnuApri_Click" >
            <Issue
                Type = "Runtime"
                Number = "2065"
                ObjectName = "Screen"
                ObjectType = "Screen"
                PME = "MousePointer"
            >Screen proprietà Screen.MousePointer presenta un nuovo comportamento.</Issue>
            <Issue
                Type = "Runtime"
                Number = "1041"
                PME = "Dir"
            >Dir ha un nuovo comportamento.</Issue>
            <Issue
                Type = "Runtime"
                Number = "1037"
            >Impossibile risolvere la proprietà predefinita dell'oggetto documenti().</Issue>
        </Section>
        <Section Name = "mnuCalcAuto_Click" >
            <Issue
                Type = "Runtime"
                Number = "1037"
            >Impossibile risolvere la proprietà predefinita dell'oggetto objMemb().Verbose.</Issue>
        </Section>
        <Section Name = "mnuChiudi_Click" >
            <Issue
                Type = "Runtime"
                Number = "1042"
            >È possibile che singoli elementi della matrice Problem debbano essere inizializzati.</Issue>
        </Section>
        <Section Name = "mnuComment_Click" >
            <Issue
                Type = "Runtime"
                Number = "1037"
            >Impossibile risolvere la proprietà predefinita dell'oggetto objMemb(i).Verbose.</Issue>
        </Section>
        <Section Name = "mnuTabDesign_Click" >
            <Issue
                Type = "Runtime"
                Number = "1037"
            >Impossibile risolvere la proprietà predefinita dell'oggetto CompilTabGood.</Issue>
            <Issue
                Type = "Runtime"
                Number = "1037"
            >Impossibile risolvere la proprietà predefinita dell'oggetto Documento.VaiInizio.</Issue>
            <Issue
                Type = "Runtime"
                Number = "1037"
            >Impossibile risolvere la proprietà predefinita dell'oggetto Documento.Visible.</Issue>
            <Issue
                Type = "Runtime"
                Number = "1037"
            >Impossibile risolvere la proprietà predefinita dell'oggetto Documento.sOpen.</Issue>
            <Issue
                Type = "Runtime"
                Number = "1037"
            >Impossibile risolvere la proprietà predefinita dell'oggetto Documento.Copia.</Issue>
            <Issue
                Type = "Runtime"
                Number = "1037"
            >Impossibile risolvere la proprietà predefinita dell'oggetto Documento.sClose.</Issue>
            <Issue
                Type = "Runtime"
                Number = "1037"
            >Impossibile risolvere la proprietà predefinita dell'oggetto Documento.sPaste.</Issue>
            <Issue
                Type = "Runtime"
                Number = "1037"
            >Impossibile risolvere la proprietà predefinita dell'oggetto Documento.substitbookm.</Issue>
            <Issue
                Type = "Runtime"
                Number = "1037"
            >Impossibile risolvere la proprietà predefinita dell'oggetto Documento.MuoviCella.</Issue>
            <Issue
                Type = "Runtime"
                Number = "1037"
            >Impossibile risolvere la proprietà predefinita dell'oggetto Documento.Testo.</Issue>
            <Issue
                Type = "Compile"
                Number = "1014"
            >L'istruzione GoSub non è supportata.</Issue>
            <Issue
                Type = "Runtime"
                Number = "1037"
            >Impossibile risolvere la proprietà predefinita dell'oggetto Documento.BMAdd.</Issue>
            <Issue
                Type = "Runtime"
                Number = "2065"
                ObjectName = "Screen"
                ObjectType = "Screen"
                PME = "MousePointer"
            >Screen proprietà Screen.MousePointer presenta un nuovo comportamento.</Issue>
            <Issue
                Type = "Runtime"
                Number = "1037"
            >Impossibile risolvere la proprietà predefinita dell'oggetto Documento.Massimizza.</Issue>
            <Issue
                Type = "Runtime"
                Number = "1041"
            >Return ha un nuovo comportamento.</Issue>
            <Issue
                Type = "Runtime"
                Number = "1037"
            >Impossibile risolvere la proprietà predefinita dell'oggetto Documento.MuoviLinea.</Issue>
        </Section>
        <Section Name = "mnuTabMat_Click" >
            <Issue
                Type = "Runtime"
                Number = "1037"
            >Impossibile risolvere la proprietà predefinita dell'oggetto CompilTabGood.</Issue>
            <Issue
                Type = "Runtime"
                Number = "1037"
            >Impossibile risolvere la proprietà predefinita dell'oggetto Documento.VaiInizio.</Issue>
            <Issue
                Type = "Runtime"
                Number = "1037"
            >Impossibile risolvere la proprietà predefinita dell'oggetto Documento.Visible.</Issue>
            <Issue
                Type = "Runtime"
                Number = "1037"
            >Impossibile risolvere la proprietà predefinita dell'oggetto Documento.sOpen.</Issue>
            <Issue
                Type = "Runtime"
                Number = "1037"
            >Impossibile risolvere la proprietà predefinita dell'oggetto Documento.Copia.</Issue>
            <Issue
                Type = "Runtime"
                Number = "1037"
            >Impossibile risolvere la proprietà predefinita dell'oggetto Documento.sClose.</Issue>
            <Issue
                Type = "Runtime"
                Number = "1037"
            >Impossibile risolvere la proprietà predefinita dell'oggetto Documento.ASMEPI.</Issue>
            <Issue
                Type = "Runtime"
                Number = "1037"
            >Impossibile risolvere la proprietà predefinita dell'oggetto Documento.substitbookm.</Issue>
            <Issue
                Type = "Compile"
                Number = "1014"
            >L'istruzione GoSub non è supportata.</Issue>
            <Issue
                Type = "Runtime"
                Number = "1037"
            >Impossibile risolvere la proprietà predefinita dell'oggetto Documento.Tastotab.</Issue>
            <Issue
                Type = "Runtime"
                Number = "1037"
            >Impossibile risolvere la proprietà predefinita dell'oggetto Documento.Testo.</Issue>
            <Issue
                Type = "Runtime"
                Number = "1037"
            >Impossibile risolvere la proprietà predefinita dell'oggetto O.LOOSE.</Issue>
            <Issue
                Type = "Runtime"
                Number = "1037"
            >Impossibile risolvere la proprietà predefinita dell'oggetto Documento.BMAdd.</Issue>
            <Issue
                Type = "Runtime"
                Number = "2065"
                ObjectName = "Screen"
                ObjectType = "Screen"
                PME = "MousePointer"
            >Screen proprietà Screen.MousePointer presenta un nuovo comportamento.</Issue>
            <Issue
                Type = "Runtime"
                Number = "1037"
            >Impossibile risolvere la proprietà predefinita dell'oggetto Documento.Massimizza.</Issue>
            <Issue
                Type = "Runtime"
                Number = "1037"
            >Impossibile risolvere la proprietà predefinita dell'oggetto Documento.MuoviCella.</Issue>
            <Issue
                Type = "Runtime"
                Number = "1041"
            >Return ha un nuovo comportamento.</Issue>
        </Section>
        <Section Name = "mnuTabMAWP_Click" >
            <Issue
                Type = "Runtime"
                Number = "1037"
            >Impossibile risolvere la proprietà predefinita dell'oggetto CompilTabGood.</Issue>
            <Issue
                Type = "Runtime"
                Number = "1037"
            >Impossibile risolvere la proprietà predefinita dell'oggetto Documento.ASMEMAWP.</Issue>
            <Issue
                Type = "Runtime"
                Number = "1037"
            >Impossibile risolvere la proprietà predefinita dell'oggetto Documento.VaiInizio.</Issue>
            <Issue
                Type = "Runtime"
                Number = "1037"
            >Impossibile risolvere la proprietà predefinita dell'oggetto Documento.Visible.</Issue>
            <Issue
                Type = "Runtime"
                Number = "1037"
            >Impossibile risolvere la proprietà predefinita dell'oggetto Documento.sOpen.</Issue>
            <Issue
                Type = "Runtime"
                Number = "1037"
            >Impossibile risolvere la proprietà predefinita dell'oggetto Documento.Copia.</Issue>
            <Issue
                Type = "Runtime"
                Number = "1037"
            >Impossibile risolvere la proprietà predefinita dell'oggetto Documento.sClose.</Issue>
            <Issue
                Type = "Runtime"
                Number = "1037"
            >Impossibile risolvere la proprietà predefinita dell'oggetto Documento.ASMEMAWP1.</Issue>
            <Issue
                Type = "Runtime"
                Number = "1037"
            >Impossibile risolvere la proprietà predefinita dell'oggetto objMemb(Involucr(1, 1).IndObject).Piastra.</Issue>
            <Issue
                Type = "Runtime"
                Number = "1037"
            >Impossibile risolvere la proprietà predefinita dell'oggetto Documento.substitbookm.</Issue>
            <Issue
                Type = "Compile"
                Number = "1014"
            >L'istruzione GoSub non è supportata.</Issue>
            <Issue
                Type = "Runtime"
                Number = "1037"
            >Impossibile risolvere la proprietà predefinita dell'oggetto objMemb(Involucr(k, i).IndObject).Piastra.</Issue>
            <Issue
                Type = "Runtime"
                Number = "1037"
            >Impossibile risolvere la proprietà predefinita dell'oggetto Documento.Tastotab.</Issue>
            <Issue
                Type = "Runtime"
                Number = "1037"
            >Impossibile risolvere la proprietà predefinita dell'oggetto Documento.Testo.</Issue>
            <Issue
                Type = "Runtime"
                Number = "1037"
            >Impossibile risolvere la proprietà predefinita dell'oggetto Documento.BMAdd.</Issue>
            <Issue
                Type = "Runtime"
                Number = "2065"
                ObjectName = "Screen"
                ObjectType = "Screen"
                PME = "MousePointer"
            >Screen proprietà Screen.MousePointer presenta un nuovo comportamento.</Issue>
            <Issue
                Type = "Runtime"
                Number = "1037"
            >Impossibile risolvere la proprietà predefinita dell'oggetto Documento.Massimizza.</Issue>
            <Issue
                Type = "Runtime"
                Number = "1037"
            >Impossibile risolvere la proprietà predefinita dell'oggetto Documento.Application.</Issue>
            <Issue
                Type = "Runtime"
                Number = "1037"
            >Impossibile risolvere la proprietà predefinita dell'oggetto O.Piastra.</Issue>
            <Issue
                Type = "Runtime"
                Number = "1037"
            >Impossibile risolvere la proprietà predefinita dell'oggetto O.TipoPT.</Issue>
            <Issue
                Type = "Runtime"
                Number = "1037"
            >Impossibile risolvere la proprietà predefinita dell'oggetto O.ProgDiffPr.</Issue>
            <Issue
                Type = "Runtime"
                Number = "1041"
            >Return ha un nuovo comportamento.</Issue>
            <Issue
                Type = "Runtime"
                Number = "1037"
            >Impossibile risolvere la proprietà predefinita dell'oggetto Documento.MuoviCella.</Issue>
            <Issue
                Type = "Runtime"
                Number = "1037"
            >Impossibile risolvere la proprietà predefinita dell'oggetto Documento.ASMEsinistra.</Issue>
        </Section>
        <Section Name = "mnuTabPI_Click" >
            <Issue
                Type = "Runtime"
                Number = "1037"
            >Impossibile risolvere la proprietà predefinita dell'oggetto CompilTabGood.</Issue>
            <Issue
                Type = "Runtime"
                Number = "1037"
            >Impossibile risolvere la proprietà predefinita dell'oggetto Documento.VaiInizio.</Issue>
            <Issue
                Type = "Runtime"
                Number = "1037"
            >Impossibile risolvere la proprietà predefinita dell'oggetto Documento.Visible.</Issue>
            <Issue
                Type = "Runtime"
                Number = "1037"
            >Impossibile risolvere la proprietà predefinita dell'oggetto Documento.sOpen.</Issue>
            <Issue
                Type = "Runtime"
                Number = "2065"
                ObjectName = "Screen"
                ObjectType = "Screen"
                PME = "MousePointer"
            >Screen proprietà Screen.MousePointer presenta un nuovo comportamento.</Issue>
            <Issue
                Type = "Runtime"
                Number = "1037"
            >Impossibile risolvere la proprietà predefinita dell'oggetto Documento.Copia.</Issue>
            <Issue
                Type = "Runtime"
                Number = "1037"
            >Impossibile risolvere la proprietà predefinita dell'oggetto Documento.sClose.</Issue>
            <Issue
                Type = "Runtime"
                Number = "1037"
            >Impossibile risolvere la proprietà predefinita dell'oggetto Documento.ASMEPI.</Issue>
            <Issue
                Type = "Runtime"
                Number = "1037"
            >Impossibile risolvere la proprietà predefinita dell'oggetto Documento.substitbookm.</Issue>
            <Issue
                Type = "Runtime"
                Number = "1037"
            >Impossibile risolvere la proprietà predefinita dell'oggetto Documento.MuoviCella.</Issue>
            <Issue
                Type = "Runtime"
                Number = "1037"
            >Impossibile risolvere la proprietà predefinita dell'oggetto Documento.MuoviLinea.</Issue>
            <Issue
                Type = "Compile"
                Number = "1014"
            >L'istruzione GoSub non è supportata.</Issue>
            <Issue
                Type = "Runtime"
                Number = "1037"
            >Impossibile risolvere la proprietà predefinita dell'oggetto Documento.Massimizza.</Issue>
            <Issue
                Type = "Runtime"
                Number = "1037"
            >Impossibile risolvere la proprietà predefinita dell'oggetto Documento.Testo.</Issue>
            <Issue
                Type = "Runtime"
                Number = "1041"
            >Return ha un nuovo comportamento.</Issue>
            <Issue
                Type = "Runtime"
                Number = "1037"
            >Impossibile risolvere la proprietà predefinita dell'oggetto Documento.InserisciRiga.</Issue>
            <Issue
                Type = "Runtime"
                Number = "1037"
            >Impossibile risolvere la proprietà predefinita dell'oggetto Documento.MuoviCaratt.</Issue>
        </Section>
        <Section Name = "mnuTabReqRes_Click" >
            <Issue
                Type = "Runtime"
                Number = "1037"
            >Impossibile risolvere la proprietà predefinita dell'oggetto CompilTabGood.</Issue>
            <Issue
                Type = "Runtime"
                Number = "1037"
            >Impossibile risolvere la proprietà predefinita dell'oggetto Documento.VaiInizio.</Issue>
            <Issue
                Type = "Runtime"
                Number = "1037"
            >Impossibile risolvere la proprietà predefinita dell'oggetto Documento.sOpen.</Issue>
            <Issue
                Type = "Runtime"
                Number = "1037"
            >Impossibile risolvere la proprietà predefinita dell'oggetto Documento.Copia.</Issue>
            <Issue
                Type = "Runtime"
                Number = "1037"
            >Impossibile risolvere la proprietà predefinita dell'oggetto Documento.sClose.</Issue>
            <Issue
                Type = "Runtime"
                Number = "1037"
            >Impossibile risolvere la proprietà predefinita dell'oggetto Documento.ASMEPI.</Issue>
            <Issue
                Type = "Runtime"
                Number = "1037"
            >Impossibile risolvere la proprietà predefinita dell'oggetto Documento.substitbookm.</Issue>
            <Issue
                Type = "Runtime"
                Number = "1037"
            >Impossibile risolvere la proprietà predefinita dell'oggetto Documento.Testo.</Issue>
            <Issue
                Type = "Runtime"
                Number = "1037"
            >Impossibile risolvere la proprietà predefinita dell'oggetto Documento.MuoviCella.</Issue>
            <Issue
                Type = "Runtime"
                Number = "1037"
            >Impossibile risolvere la proprietà predefinita dell'oggetto Documento.InserisciRiga.</Issue>
            <Issue
                Type = "Runtime"
                Number = "1037"
            >Impossibile risolvere la proprietà predefinita dell'oggetto Documento.MuoviCaratt.</Issue>
            <Issue
                Type = "Runtime"
                Number = "2065"
                ObjectName = "Screen"
                ObjectType = "Screen"
                PME = "MousePointer"
            >Screen proprietà Screen.MousePointer presenta un nuovo comportamento.</Issue>
            <Issue
                Type = "Runtime"
                Number = "1037"
            >Impossibile risolvere la proprietà predefinita dell'oggetto Documento.Massimizza.</Issue>
            <Issue
                Type = "Runtime"
                Number = "1037"
            >Impossibile risolvere la proprietà predefinita dell'oggetto Documento.Application.</Issue>
        </Section>
        <Section Name = "mnuWRCB_Click" >
            <Issue
                Type = "Runtime"
                Number = "1037"
            >Impossibile risolvere la proprietà predefinita dell'oggetto Noz.</Issue>
            <Issue
                Type = "Runtime"
                Number = "1037"
            >Impossibile risolvere la proprietà predefinita dell'oggetto Inv.</Issue>
        </Section>
        <Section Name = "TreeView1_DragDrop" >
            <Issue
                Type = "Runtime"
                Number = "1037"
            >Impossibile risolvere la proprietà predefinita dell'oggetto Salva.</Issue>
            <Issue
                Type = "Runtime"
                Number = "1037"
            >Impossibile risolvere la proprietà predefinita dell'oggetto Involucr(kLato, Config().Ninvolucri).</Issue>
            <Issue
                Type = "Runtime"
                Number = "1037"
            >Impossibile risolvere la proprietà predefinita dell'oggetto Apparecchio.Elementi().Genmem.</Issue>
            <Issue
                Type = "Runtime"
                Number = "1037"
            >Impossibile risolvere la proprietà predefinita dell'oggetto SalvaN.</Issue>
            <Issue
                Type = "Runtime"
                Number = "1037"
            >Impossibile risolvere la proprietà predefinita dell'oggetto Nozzles(kLato, kNozzle).</Issue>
            <Issue
                Type = "Runtime"
                Number = "2050"
                ObjectName = "TreeView1"
                ObjectType = "VBControlExtender"
                PME = "DragDrop"
            >L'evento di VBControlExtender TreeView1.DragDrop non è stato aggiornato.</Issue>
        </Section>
        <Section Name = "TreeView1_DragOver" >
            <Issue
                Type = "Runtime"
                Number = "2050"
                ObjectName = "TreeView1"
                ObjectType = "VBControlExtender"
                PME = "DragOver"
            >L'evento di VBControlExtender TreeView1.DragOver non è stato aggiornato.</Issue>
        </Section>
        <Section Name = "TreeView1_MouseMove" >
            <Issue
                Type = "Compile"
                Number = "2064"
                ObjectName = "TreeView1"
                ObjectType = "VBControlExtender"
                PME = "DragIcon"
            >VBControlExtender proprietà TreeView1.DragIcon non è stato aggiornato.</Issue>
            <Issue
                Type = "Compile"
                Number = "2064"
                ObjectName = "TreeView1"
                ObjectType = "VBControlExtender"
                PME = "Drag"
            >VBControlExtender metodo TreeView1.Drag non è stato aggiornato.</Issue>
            <Issue
                Type = "Compile"
                Number = "2070"
                ObjectName = "TreeView1"
                ObjectType = "VBControlExtender"
                PME = "vbBeginDrag"
            >La costante vbBeginDrag non è stata aggiornata.</Issue>
        </Section>
        <Section Name = "VisualCap" >
            <Issue
                Type = "Runtime"
                Number = "1037"
            >Impossibile risolvere la proprietà predefinita dell'oggetto Documento.VaiInizio.</Issue>
            <Issue
                Type = "Runtime"
                Number = "1037"
            >Impossibile risolvere la proprietà predefinita dell'oggetto Documento.ASMECap.</Issue>
            <Issue
                Type = "Runtime"
                Number = "1037"
            >Impossibile risolvere la proprietà predefinita dell'oggetto Documento.Massimizza.</Issue>
        </Section>
        <Section Name = "CalcMax" >
            <Issue
                Type = "Runtime"
                Number = "2065"
                ObjectName = "Screen"
                ObjectType = "Screen"
                PME = "MousePointer"
            >Screen proprietà Screen.MousePointer presenta un nuovo comportamento.</Issue>
            <Issue
                Type = "Runtime"
                Number = "1037"
            >Impossibile risolvere la proprietà predefinita dell'oggetto objMemb(Involucr(k, i).IndObject).Piastra.</Issue>
            <Issue
                Type = "Compile"
                Number = "1014"
            >L'istruzione GoSub non è supportata.</Issue>
            <Issue
                Type = "Runtime"
                Number = "1037"
            >Impossibile risolvere la proprietà predefinita dell'oggetto O.ProgDiffPr.</Issue>
            <Issue
                Type = "Runtime"
                Number = "1037"
            >Impossibile risolvere la proprietà predefinita dell'oggetto O.Piastra.</Issue>
            <Issue
                Type = "Runtime"
                Number = "1037"
            >Impossibile risolvere la proprietà predefinita dell'oggetto O.TipoPT.</Issue>
            <Issue
                Type = "Runtime"
                Number = "1041"
            >Return ha un nuovo comportamento.</Issue>
        </Section>
    </File>
    <File
        OldPath = "E:\Programmi\MicroSoft Visual Studio\Fbm\AsmeVip\CercaNome.cls"
        NewPath = "C:\Documenti\Visual Studio Projects\Lancio\AsmeVip.NET\CercaNome.vb"
        FileType = "Class Module"
        Upgraded = "True"
    />
    <File
        OldPath = "E:\Programmi\MicroSoft Visual Studio\Fbm\AsmeVip\frmPT.frm"
        NewPath = "C:\Documenti\Visual Studio Projects\Lancio\AsmeVip.NET\frmPT.vb"
        FileType = "Form"
        Upgraded = "True"
    >
        <Section Name = "(Layout)" >
            <Issue
                Type = "Design"
                Number = "2064"
                ObjectName = "frmPT"
                ObjectType = "Form"
                PME = "WhatsThisHelp"
            >Form proprietà frmPT.WhatsThisHelp non è stato aggiornato.</Issue>
            <Issue
                Type = "Design"
                Number = "2064"
                ObjectName = "_Frames_1"
                ObjectType = "Frame"
                PME = "HelpContextID"
            >Frame proprietà _Frames_1.HelpContextID non è stato aggiornato.</Issue>
            <Issue
                Type = "Design"
                Number = "2064"
                ObjectName = "_TextCil_32"
                ObjectType = "TextBox"
                PME = "HelpContextID"
            >TextBox proprietà _TextCil_32.HelpContextID non è stato aggiornato.</Issue>
            <Issue
                Type = "Design"
                Number = "2064"
                ObjectName = "_TextCil_33"
                ObjectType = "TextBox"
                PME = "HelpContextID"
            >TextBox proprietà _TextCil_33.HelpContextID non è stato aggiornato.</Issue>
            <Issue
                Type = "Design"
                Number = "2064"
                ObjectName = "_TextCil_34"
                ObjectType = "TextBox"
                PME = "HelpContextID"
            >TextBox proprietà _TextCil_34.HelpContextID non è stato aggiornato.</Issue>
            <Issue
                Type = "Design"
                Number = "2064"
                ObjectName = "_TextCil_35"
                ObjectType = "TextBox"
                PME = "HelpContextID"
            >TextBox proprietà _TextCil_35.HelpContextID non è stato aggiornato.</Issue>
            <Issue
                Type = "Design"
                Number = "2064"
                ObjectName = "_TextCil_36"
                ObjectType = "TextBox"
                PME = "HelpContextID"
            >TextBox proprietà _TextCil_36.HelpContextID non è stato aggiornato.</Issue>
            <Issue
                Type = "Design"
                Number = "2064"
                ObjectName = "_TextCil_37"
                ObjectType = "TextBox"
                PME = "HelpContextID"
            >TextBox proprietà _TextCil_37.HelpContextID non è stato aggiornato.</Issue>
            <Issue
                Type = "Design"
                Number = "2064"
                ObjectName = "_TextCil_38"
                ObjectType = "TextBox"
                PME = "HelpContextID"
            >TextBox proprietà _TextCil_38.HelpContextID non è stato aggiornato.</Issue>
            <Issue
                Type = "Design"
                Number = "2064"
                ObjectName = "_cmdCil_4"
                ObjectType = "CommandButton"
                PME = "HelpContextID"
            >CommandButton proprietà _cmdCil_4.HelpContextID non è stato aggiornato.</Issue>
            <Issue
                Type = "Design"
                Number = "2064"
                ObjectName = "_TextCil_39"
                ObjectType = "TextBox"
                PME = "HelpContextID"
            >TextBox proprietà _TextCil_39.HelpContextID non è stato aggiornato.</Issue>
            <Issue
                Type = "Design"
                Number = "2064"
                ObjectName = "_TextCil_40"
                ObjectType = "TextBox"
                PME = "HelpContextID"
            >TextBox proprietà _TextCil_40.HelpContextID non è stato aggiornato.</Issue>
            <Issue
                Type = "Design"
                Number = "2064"
                ObjectName = "_TextCil_41"
                ObjectType = "TextBox"
                PME = "HelpContextID"
            >TextBox proprietà _TextCil_41.HelpContextID non è stato aggiornato.</Issue>
            <Issue
                Type = "Design"
                Number = "2064"
                ObjectName = "_TextCil_42"
                ObjectType = "TextBox"
                PME = "HelpContextID"
            >TextBox proprietà _TextCil_42.HelpContextID non è stato aggiornato.</Issue>
            <Issue
                Type = "Design"
                Number = "2064"
                ObjectName = "_TextCil_43"
                ObjectType = "TextBox"
                PME = "HelpContextID"
            >TextBox proprietà _TextCil_43.HelpContextID non è stato aggiornato.</Issue>
            <Issue
                Type = "Design"
                Number = "2064"
                ObjectName = "_TextCil_44"
                ObjectType = "TextBox"
                PME = "HelpContextID"
            >TextBox proprietà _TextCil_44.HelpContextID non è stato aggiornato.</Issue>
            <Issue
                Type = "Design"
                Number = "2064"
                ObjectName = "_TextCil_45"
                ObjectType = "TextBox"
                PME = "HelpContextID"
            >TextBox proprietà _TextCil_45.HelpContextID non è stato aggiornato.</Issue>
            <Issue
                Type = "Design"
                Number = "2064"
                ObjectName = "_TextCil_108"
                ObjectType = "TextBox"
                PME = "HelpContextID"
            >TextBox proprietà _TextCil_108.HelpContextID non è stato aggiornato.</Issue>
            <Issue
                Type = "Design"
                Number = "2064"
                ObjectName = "_TextCil_92"
                ObjectType = "TextBox"
                PME = "HelpContextID"
            >TextBox proprietà _TextCil_92.HelpContextID non è stato aggiornato.</Issue>
            <Issue
                Type = "Design"
                Number = "2064"
                ObjectName = "_TextCil_151"
                ObjectType = "TextBox"
                PME = "HelpContextID"
            >TextBox proprietà _TextCil_151.HelpContextID non è stato aggiornato.</Issue>
            <Issue
                Type = "Design"
                Number = "2064"
                ObjectName = "_cmdCil_151"
                ObjectType = "CommandButton"
                PME = "HelpContextID"
            >CommandButton proprietà _cmdCil_151.HelpContextID non è stato aggiornato.</Issue>
            <Issue
                Type = "Design"
                Number = "2064"
                ObjectName = "_TextCil_51"
                ObjectType = "TextBox"
                PME = "HelpContextID"
            >TextBox proprietà _TextCil_51.HelpContextID non è stato aggiornato.</Issue>
            <Issue
                Type = "Design"
                Number = "2064"
                ObjectName = "_cmbCil_51"
                ObjectType = "ComboBox"
                PME = "HelpContextID"
            >ComboBox proprietà _cmbCil_51.HelpContextID non è stato aggiornato.</Issue>
            <Issue
                Type = "Design"
                Number = "2064"
                ObjectName = "_TextCil_50"
                ObjectType = "TextBox"
                PME = "HelpContextID"
            >TextBox proprietà _TextCil_50.HelpContextID non è stato aggiornato.</Issue>
            <Issue
                Type = "Design"
                Number = "2064"
                ObjectName = "_TextCil_49"
                ObjectType = "TextBox"
                PME = "HelpContextID"
            >TextBox proprietà _TextCil_49.HelpContextID non è stato aggiornato.</Issue>
            <Issue
                Type = "Design"
                Number = "2064"
                ObjectName = "_TextCil_48"
                ObjectType = "TextBox"
                PME = "HelpContextID"
            >TextBox proprietà _TextCil_48.HelpContextID non è stato aggiornato.</Issue>
            <Issue
                Type = "Design"
                Number = "2064"
                ObjectName = "_TextCil_47"
                ObjectType = "TextBox"
                PME = "HelpContextID"
            >TextBox proprietà _TextCil_47.HelpContextID non è stato aggiornato.</Issue>
            <Issue
                Type = "Design"
                Number = "2064"
                ObjectName = "_TextCil_46"
                ObjectType = "TextBox"
                PME = "HelpContextID"
            >TextBox proprietà _TextCil_46.HelpContextID non è stato aggiornato.</Issue>
            <Issue
                Type = "Design"
                Number = "2064"
                ObjectName = "_Frames_2"
                ObjectType = "Frame"
                PME = "HelpContextID"
            >Frame proprietà _Frames_2.HelpContextID non è stato aggiornato.</Issue>
            <Issue
                Type = "Design"
                Number = "2064"
                ObjectName = "_TextCil_75"
                ObjectType = "TextBox"
                PME = "HelpContextID"
            >TextBox proprietà _TextCil_75.HelpContextID non è stato aggiornato.</Issue>
            <Issue
                Type = "Design"
                Number = "2064"
                ObjectName = "_TextCil_74"
                ObjectType = "TextBox"
                PME = "HelpContextID"
            >TextBox proprietà _TextCil_74.HelpContextID non è stato aggiornato.</Issue>
            <Issue
                Type = "Design"
                Number = "2064"
                ObjectName = "_TextCil_73"
                ObjectType = "TextBox"
                PME = "HelpContextID"
            >TextBox proprietà _TextCil_73.HelpContextID non è stato aggiornato.</Issue>
            <Issue
                Type = "Design"
                Number = "2064"
                ObjectName = "_TextCil_72"
                ObjectType = "TextBox"
                PME = "HelpContextID"
            >TextBox proprietà _TextCil_72.HelpContextID non è stato aggiornato.</Issue>
            <Issue
                Type = "Design"
                Number = "2064"
                ObjectName = "_TextCil_71"
                ObjectType = "TextBox"
                PME = "HelpContextID"
            >TextBox proprietà _TextCil_71.HelpContextID non è stato aggiornato.</Issue>
            <Issue
                Type = "Design"
                Number = "2064"
                ObjectName = "_TextCil_70"
                ObjectType = "TextBox"
                PME = "HelpContextID"
            >TextBox proprietà _TextCil_70.HelpContextID non è stato aggiornato.</Issue>
            <Issue
                Type = "Design"
                Number = "2064"
                ObjectName = "_TextCil_69"
                ObjectType = "TextBox"
                PME = "HelpContextID"
            >TextBox proprietà _TextCil_69.HelpContextID non è stato aggiornato.</Issue>
            <Issue
                Type = "Design"
                Number = "2064"
                ObjectName = "_cmdCil_5"
                ObjectType = "CommandButton"
                PME = "HelpContextID"
            >CommandButton proprietà _cmdCil_5.HelpContextID non è stato aggiornato.</Issue>
            <Issue
                Type = "Design"
                Number = "2064"
                ObjectName = "_TextCil_68"
                ObjectType = "TextBox"
                PME = "HelpContextID"
            >TextBox proprietà _TextCil_68.HelpContextID non è stato aggiornato.</Issue>
            <Issue
                Type = "Design"
                Number = "2064"
                ObjectName = "_TextCil_67"
                ObjectType = "TextBox"
                PME = "HelpContextID"
            >TextBox proprietà _TextCil_67.HelpContextID non è stato aggiornato.</Issue>
            <Issue
                Type = "Design"
                Number = "2064"
                ObjectName = "_TextCil_66"
                ObjectType = "TextBox"
                PME = "HelpContextID"
            >TextBox proprietà _TextCil_66.HelpContextID non è stato aggiornato.</Issue>
            <Issue
                Type = "Design"
                Number = "2064"
                ObjectName = "_TextCil_65"
                ObjectType = "TextBox"
                PME = "HelpContextID"
            >TextBox proprietà _TextCil_65.HelpContextID non è stato aggiornato.</Issue>
            <Issue
                Type = "Design"
                Number = "2064"
                ObjectName = "_TextCil_64"
                ObjectType = "TextBox"
                PME = "HelpContextID"
            >TextBox proprietà _TextCil_64.HelpContextID non è stato aggiornato.</Issue>
            <Issue
                Type = "Design"
                Number = "2064"
                ObjectName = "_TextCil_63"
                ObjectType = "TextBox"
                PME = "HelpContextID"
            >TextBox proprietà _TextCil_63.HelpContextID non è stato aggiornato.</Issue>
            <Issue
                Type = "Design"
                Number = "2064"
                ObjectName = "_TextCil_62"
                ObjectType = "TextBox"
                PME = "HelpContextID"
            >TextBox proprietà _TextCil_62.HelpContextID non è stato aggiornato.</Issue>
            <Issue
                Type = "Design"
                Number = "2064"
                ObjectName = "_TextCil_110"
                ObjectType = "TextBox"
                PME = "HelpContextID"
            >TextBox proprietà _TextCil_110.HelpContextID non è stato aggiornato.</Issue>
            <Issue
                Type = "Design"
                Number = "2064"
                ObjectName = "_TextCil_109"
                ObjectType = "TextBox"
                PME = "HelpContextID"
            >TextBox proprietà _TextCil_109.HelpContextID non è stato aggiornato.</Issue>
            <Issue
                Type = "Design"
                Number = "2064"
                ObjectName = "_cmdCil_181"
                ObjectType = "CommandButton"
                PME = "HelpContextID"
            >CommandButton proprietà _cmdCil_181.HelpContextID non è stato aggiornato.</Issue>
            <Issue
                Type = "Design"
                Number = "2064"
                ObjectName = "_TextCil_181"
                ObjectType = "TextBox"
                PME = "HelpContextID"
            >TextBox proprietà _TextCil_181.HelpContextID non è stato aggiornato.</Issue>
            <Issue
                Type = "Design"
                Number = "2064"
                ObjectName = "_TextCil_54"
                ObjectType = "TextBox"
                PME = "HelpContextID"
            >TextBox proprietà _TextCil_54.HelpContextID non è stato aggiornato.</Issue>
            <Issue
                Type = "Design"
                Number = "2064"
                ObjectName = "_cmbCil_81"
                ObjectType = "ComboBox"
                PME = "HelpContextID"
            >ComboBox proprietà _cmbCil_81.HelpContextID non è stato aggiornato.</Issue>
            <Issue
                Type = "Design"
                Number = "2064"
                ObjectName = "_TextCil_76"
                ObjectType = "TextBox"
                PME = "HelpContextID"
            >TextBox proprietà _TextCil_76.HelpContextID non è stato aggiornato.</Issue>
            <Issue
                Type = "Design"
                Number = "2064"
                ObjectName = "_TextCil_77"
                ObjectType = "TextBox"
                PME = "HelpContextID"
            >TextBox proprietà _TextCil_77.HelpContextID non è stato aggiornato.</Issue>
            <Issue
                Type = "Design"
                Number = "2064"
                ObjectName = "_TextCil_78"
                ObjectType = "TextBox"
                PME = "HelpContextID"
            >TextBox proprietà _TextCil_78.HelpContextID non è stato aggiornato.</Issue>
            <Issue
                Type = "Design"
                Number = "2064"
                ObjectName = "_TextCil_79"
                ObjectType = "TextBox"
                PME = "HelpContextID"
            >TextBox proprietà _TextCil_79.HelpContextID non è stato aggiornato.</Issue>
            <Issue
                Type = "Design"
                Number = "2064"
                ObjectName = "_TextCil_80"
                ObjectType = "TextBox"
                PME = "HelpContextID"
            >TextBox proprietà _TextCil_80.HelpContextID non è stato aggiornato.</Issue>
            <Issue
                Type = "Design"
                Number = "2064"
                ObjectName = "_Frames_3"
                ObjectType = "Frame"
                PME = "HelpContextID"
            >Frame proprietà _Frames_3.HelpContextID non è stato aggiornato.</Issue>
            <Issue
                Type = "Design"
                Number = "2064"
                ObjectName = "_TextCil_201"
                ObjectType = "TextBox"
                PME = "HelpContextID"
            >TextBox proprietà _TextCil_201.HelpContextID non è stato aggiornato.</Issue>
            <Issue
                Type = "Design"
                Number = "2064"
                ObjectName = "_cmdCil_201"
                ObjectType = "CommandButton"
                PME = "HelpContextID"
            >CommandButton proprietà _cmdCil_201.HelpContextID non è stato aggiornato.</Issue>
            <Issue
                Type = "Design"
                Number = "2064"
                ObjectName = "_cmbCil_101"
                ObjectType = "ComboBox"
                PME = "HelpContextID"
            >ComboBox proprietà _cmbCil_101.HelpContextID non è stato aggiornato.</Issue>
            <Issue
                Type = "Design"
                Number = "2064"
                ObjectName = "_TextCil_102"
                ObjectType = "TextBox"
                PME = "HelpContextID"
            >TextBox proprietà _TextCil_102.HelpContextID non è stato aggiornato.</Issue>
            <Issue
                Type = "Design"
                Number = "2064"
                ObjectName = "_TextCil_103"
                ObjectType = "TextBox"
                PME = "HelpContextID"
            >TextBox proprietà _TextCil_103.HelpContextID non è stato aggiornato.</Issue>
            <Issue
                Type = "Design"
                Number = "2064"
                ObjectName = "_Frames_5"
                ObjectType = "Frame"
                PME = "HelpContextID"
            >Frame proprietà _Frames_5.HelpContextID non è stato aggiornato.</Issue>
            <Issue
                Type = "Design"
                Number = "2064"
                ObjectName = "_TextCil_91"
                ObjectType = "TextBox"
                PME = "HelpContextID"
            >TextBox proprietà _TextCil_91.HelpContextID non è stato aggiornato.</Issue>
            <Issue
                Type = "Design"
                Number = "2064"
                ObjectName = "_TextCil_89"
                ObjectType = "TextBox"
                PME = "HelpContextID"
            >TextBox proprietà _TextCil_89.HelpContextID non è stato aggiornato.</Issue>
            <Issue
                Type = "Design"
                Number = "2067"
                ObjectName = "object"
                ObjectType = "MSComCtl2.UpDown"
            >Il controllo MSComCtl2.UpDown object non è stato aggiornato.</Issue>
            <Issue
                Type = "Design"
                Number = "2064"
                ObjectName = "_TextCil_52"
                ObjectType = "TextBox"
                PME = "HelpContextID"
            >TextBox proprietà _TextCil_52.HelpContextID non è stato aggiornato.</Issue>
            <Issue
                Type = "Design"
                Number = "2064"
                ObjectName = "_Check1_5"
                ObjectType = "CheckBox"
                PME = "HelpContextID"
            >CheckBox proprietà _Check1_5.HelpContextID non è stato aggiornato.</Issue>
            <Issue
                Type = "Design"
                Number = "2064"
                ObjectName = "_Frames_0"
                ObjectType = "Frame"
                PME = "HelpContextID"
            >Frame proprietà _Frames_0.HelpContextID non è stato aggiornato.</Issue>
            <Issue
                Type = "Design"
                Number = "2064"
                ObjectName = "_Label1_0"
                ObjectType = "Label"
                PME = "WordWrap"
            >Label proprietà _Label1_0.WordWrap non è stato aggiornato.</Issue>
            <Issue
                Type = "Design"
                Number = "2064"
                ObjectName = "_Framesf_1"
                ObjectType = "Frame"
                PME = "HelpContextID"
            >Frame proprietà _Framesf_1.HelpContextID non è stato aggiornato.</Issue>
            <Issue
                Type = "Design"
                Number = "2064"
                ObjectName = "_Frames_4"
                ObjectType = "Frame"
                PME = "HelpContextID"
            >Frame proprietà _Frames_4.HelpContextID non è stato aggiornato.</Issue>
            <Issue
                Type = "Design"
                Number = "2064"
                ObjectName = "_TextCil_221"
                ObjectType = "TextBox"
                PME = "HelpContextID"
            >TextBox proprietà _TextCil_221.HelpContextID non è stato aggiornato.</Issue>
            <Issue
                Type = "Design"
                Number = "2064"
                ObjectName = "_cmdCil_221"
                ObjectType = "CommandButton"
                PME = "HelpContextID"
            >CommandButton proprietà _cmdCil_221.HelpContextID non è stato aggiornato.</Issue>
            <Issue
                Type = "Design"
                Number = "2064"
                ObjectName = "_cmbCil_121"
                ObjectType = "ComboBox"
                PME = "HelpContextID"
            >ComboBox proprietà _cmbCil_121.HelpContextID non è stato aggiornato.</Issue>
            <Issue
                Type = "Design"
                Number = "2064"
                ObjectName = "_TextCil_123"
                ObjectType = "TextBox"
                PME = "HelpContextID"
            >TextBox proprietà _TextCil_123.HelpContextID non è stato aggiornato.</Issue>
            <Issue
                Type = "Design"
                Number = "2064"
                ObjectName = "_TextCil_122"
                ObjectType = "TextBox"
                PME = "HelpContextID"
            >TextBox proprietà _TextCil_122.HelpContextID non è stato aggiornato.</Issue>
            <Issue
                Type = "Design"
                Number = "2064"
                ObjectName = "_Frames_6"
                ObjectType = "Frame"
                PME = "HelpContextID"
            >Frame proprietà _Frames_6.HelpContextID non è stato aggiornato.</Issue>
            <Issue
                Type = "Design"
                Number = "2064"
                ObjectName = "_TextCil_106"
                ObjectType = "TextBox"
                PME = "HelpContextID"
            >TextBox proprietà _TextCil_106.HelpContextID non è stato aggiornato.</Issue>
            <Issue
                Type = "Design"
                Number = "2064"
                ObjectName = "_TextCil_107"
                ObjectType = "TextBox"
                PME = "HelpContextID"
            >TextBox proprietà _TextCil_107.HelpContextID non è stato aggiornato.</Issue>
            <Issue
                Type = "Design"
                Number = "2064"
                ObjectName = "_Framesf_2"
                ObjectType = "Frame"
                PME = "HelpContextID"
            >Frame proprietà _Framesf_2.HelpContextID non è stato aggiornato.</Issue>
            <Issue
                Type = "Design"
                Number = "2064"
                ObjectName = "_cmdCil_11"
                ObjectType = "CommandButton"
                PME = "HelpContextID"
            >CommandButton proprietà _cmdCil_11.HelpContextID non è stato aggiornato.</Issue>
            <Issue
                Type = "Design"
                Number = "2064"
                ObjectName = "_Frames_8"
                ObjectType = "Frame"
                PME = "HelpContextID"
            >Frame proprietà _Frames_8.HelpContextID non è stato aggiornato.</Issue>
            <Issue
                Type = "Design"
                Number = "2064"
                ObjectName = "_Frames_7"
                ObjectType = "Frame"
                PME = "HelpContextID"
            >Frame proprietà _Frames_7.HelpContextID non è stato aggiornato.</Issue>
            <Issue
                Type = "Design"
                Number = "2064"
                ObjectName = "_Framesf_0"
                ObjectType = "Frame"
                PME = "HelpContextID"
            >Frame proprietà _Framesf_0.HelpContextID non è stato aggiornato.</Issue>
            <Issue
                Type = "Design"
                Number = "2064"
                ObjectName = "_Check1_12"
                ObjectType = "CheckBox"
                PME = "HelpContextID"
            >CheckBox proprietà _Check1_12.HelpContextID non è stato aggiornato.</Issue>
            <Issue
                Type = "Design"
                Number = "2064"
                ObjectName = "_TextCil_83"
                ObjectType = "TextBox"
                PME = "HelpContextID"
            >TextBox proprietà _TextCil_83.HelpContextID non è stato aggiornato.</Issue>
            <Issue
                Type = "Design"
                Number = "2064"
                ObjectName = "txtIBW"
                ObjectType = "TextBox"
                PME = "HelpContextID"
            >TextBox proprietà txtIBW.HelpContextID non è stato aggiornato.</Issue>
            <Issue
                Type = "Design"
                Number = "2064"
                ObjectName = "_Check1_11"
                ObjectType = "CheckBox"
                PME = "HelpContextID"
            >CheckBox proprietà _Check1_11.HelpContextID non è stato aggiornato.</Issue>
            <Issue
                Type = "Design"
                Number = "2064"
                ObjectName = "_TextCil_96"
                ObjectType = "TextBox"
                PME = "HelpContextID"
            >TextBox proprietà _TextCil_96.HelpContextID non è stato aggiornato.</Issue>
            <Issue
                Type = "Design"
                Number = "2064"
                ObjectName = "_Check1_10"
                ObjectType = "CheckBox"
                PME = "HelpContextID"
            >CheckBox proprietà _Check1_10.HelpContextID non è stato aggiornato.</Issue>
            <Issue
                Type = "Design"
                Number = "2064"
                ObjectName = "_Check1_9"
                ObjectType = "CheckBox"
                PME = "HelpContextID"
            >CheckBox proprietà _Check1_9.HelpContextID non è stato aggiornato.</Issue>
            <Issue
                Type = "Design"
                Number = "2064"
                ObjectName = "_TextCil_95"
                ObjectType = "TextBox"
                PME = "HelpContextID"
            >TextBox proprietà _TextCil_95.HelpContextID non è stato aggiornato.</Issue>
            <Issue
                Type = "Design"
                Number = "2064"
                ObjectName = "_TextCil_94"
                ObjectType = "TextBox"
                PME = "HelpContextID"
            >TextBox proprietà _TextCil_94.HelpContextID non è stato aggiornato.</Issue>
            <Issue
                Type = "Design"
                Number = "2064"
                ObjectName = "_cmdCil_16"
                ObjectType = "CommandButton"
                PME = "HelpContextID"
            >CommandButton proprietà _cmdCil_16.HelpContextID non è stato aggiornato.</Issue>
            <Issue
                Type = "Design"
                Number = "2064"
                ObjectName = "_cmbCil_12"
                ObjectType = "ComboBox"
                PME = "HelpContextID"
            >ComboBox proprietà _cmbCil_12.HelpContextID non è stato aggiornato.</Issue>
            <Issue
                Type = "Design"
                Number = "2064"
                ObjectName = "_TextCil_90"
                ObjectType = "TextBox"
                PME = "HelpContextID"
            >TextBox proprietà _TextCil_90.HelpContextID non è stato aggiornato.</Issue>
            <Issue
                Type = "Design"
                Number = "2064"
                ObjectName = "_TextCil_88"
                ObjectType = "TextBox"
                PME = "HelpContextID"
            >TextBox proprietà _TextCil_88.HelpContextID non è stato aggiornato.</Issue>
            <Issue
                Type = "Design"
                Number = "2064"
                ObjectName = "_cmdCil_12"
                ObjectType = "CommandButton"
                PME = "HelpContextID"
            >CommandButton proprietà _cmdCil_12.HelpContextID non è stato aggiornato.</Issue>
            <Issue
                Type = "Design"
                Number = "2064"
                ObjectName = "_TextCil_84"
                ObjectType = "TextBox"
                PME = "HelpContextID"
            >TextBox proprietà _TextCil_84.HelpContextID non è stato aggiornato.</Issue>
            <Issue
                Type = "Design"
                Number = "2064"
                ObjectName = "_TextCil_82"
                ObjectType = "TextBox"
                PME = "HelpContextID"
            >TextBox proprietà _TextCil_82.HelpContextID non è stato aggiornato.</Issue>
            <Issue
                Type = "Design"
                Number = "2064"
                ObjectName = "_cmbCil_9"
                ObjectType = "ComboBox"
                PME = "HelpContextID"
            >ComboBox proprietà _cmbCil_9.HelpContextID non è stato aggiornato.</Issue>
            <Issue
                Type = "Design"
                Number = "2064"
                ObjectName = "_Check1_8"
                ObjectType = "CheckBox"
                PME = "HelpContextID"
            >CheckBox proprietà _Check1_8.HelpContextID non è stato aggiornato.</Issue>
            <Issue
                Type = "Design"
                Number = "2064"
                ObjectName = "_TextCil_22"
                ObjectType = "TextBox"
                PME = "HelpContextID"
            >TextBox proprietà _TextCil_22.HelpContextID non è stato aggiornato.</Issue>
            <Issue
                Type = "Design"
                Number = "2064"
                ObjectName = "_cmbCil_5"
                ObjectType = "ComboBox"
                PME = "HelpContextID"
            >ComboBox proprietà _cmbCil_5.HelpContextID non è stato aggiornato.</Issue>
            <Issue
                Type = "Design"
                Number = "2064"
                ObjectName = "_TextCil_21"
                ObjectType = "TextBox"
                PME = "HelpContextID"
            >TextBox proprietà _TextCil_21.HelpContextID non è stato aggiornato.</Issue>
            <Issue
                Type = "Design"
                Number = "2064"
                ObjectName = "_TextCil_20"
                ObjectType = "TextBox"
                PME = "HelpContextID"
            >TextBox proprietà _TextCil_20.HelpContextID non è stato aggiornato.</Issue>
            <Issue
                Type = "Design"
                Number = "2064"
                ObjectName = "_Check1_3"
                ObjectType = "CheckBox"
                PME = "HelpContextID"
            >CheckBox proprietà _Check1_3.HelpContextID non è stato aggiornato.</Issue>
            <Issue
                Type = "Design"
                Number = "2064"
                ObjectName = "_cmbCil_4"
                ObjectType = "ComboBox"
                PME = "HelpContextID"
            >ComboBox proprietà _cmbCil_4.HelpContextID non è stato aggiornato.</Issue>
            <Issue
                Type = "Design"
                Number = "2064"
                ObjectName = "_cmbCil_2"
                ObjectType = "ComboBox"
                PME = "HelpContextID"
            >ComboBox proprietà _cmbCil_2.HelpContextID non è stato aggiornato.</Issue>
            <Issue
                Type = "Design"
                Number = "2064"
                ObjectName = "_cmbCil_1"
                ObjectType = "ComboBox"
                PME = "HelpContextID"
            >ComboBox proprietà _cmbCil_1.HelpContextID non è stato aggiornato.</Issue>
            <Issue
                Type = "Design"
                Number = "2064"
                ObjectName = "_Check1_0"
                ObjectType = "CheckBox"
                PME = "HelpContextID"
            >CheckBox proprietà _Check1_0.HelpContextID non è stato aggiornato.</Issue>
            <Issue
                Type = "Design"
                Number = "2064"
                ObjectName = "_Check1_4"
                ObjectType = "CheckBox"
                PME = "HelpContextID"
            >CheckBox proprietà _Check1_4.HelpContextID non è stato aggiornato.</Issue>
        </Section>
        <Section Name = "Check1_Click" >
            <Issue
                Type = "Runtime"
                Number = "1037"
            >Impossibile risolvere la proprietà predefinita dell'oggetto objMemb(Involucr(kLato, jInvolucr).IndObject).Verbose.</Issue>
            <Issue
                Type = "Runtime"
                Number = "1037"
            >Impossibile risolvere la proprietà predefinita dell'oggetto objMemb().Verbose.</Issue>
            <Issue
                Type = "Runtime"
                Number = "1037"
            >Impossibile risolvere la proprietà predefinita dell'oggetto objMemb().DiffPIese.</Issue>
            <Issue
                Type = "Runtime"
                Number = "1037"
            >Impossibile risolvere la proprietà predefinita dell'oggetto objMemb().CRUSH.</Issue>
            <Issue
                Type = "Runtime"
                Number = "1037"
            >Impossibile risolvere la proprietà predefinita dell'oggetto objMemb(Involucr(kLato, jInvolucr).IndObject).FLEX.</Issue>
            <Issue
                Type = "Runtime"
                Number = "1037"
            >Impossibile risolvere la proprietà predefinita dell'oggetto objMemb(Involucr(kLato, jInvolucr).IndObject).mart.</Issue>
            <Issue
                Type = "Runtime"
                Number = "1037"
            >Impossibile risolvere la proprietà predefinita dell'oggetto objMemb().mart.</Issue>
            <Issue
                Type = "Runtime"
                Number = "1037"
            >Impossibile risolvere la proprietà predefinita dell'oggetto objMemb(Involucr(kLato, jInvolucr).IndObject).BullDistinti.</Issue>
            <Issue
                Type = "Runtime"
                Number = "1037"
            >Impossibile risolvere la proprietà predefinita dell'oggetto objMemb().Piastra.</Issue>
            <Issue
                Type = "Runtime"
                Number = "1037"
            >Impossibile risolvere la proprietà predefinita dell'oggetto objMemb().ProgDiffPr.</Issue>
            <Issue
                Type = "Runtime"
                Number = "1037"
            >Impossibile risolvere la proprietà predefinita dell'oggetto objMemb(Involucr(kLato, jInvolucr).IndObject).VacuumTS.</Issue>
            <Issue
                Type = "Runtime"
                Number = "1037"
            >Impossibile risolvere la proprietà predefinita dell'oggetto objMemb(Involucr(kLato, jInvolucr).IndObject).VacuumSS.</Issue>
            <Issue
                Type = "Runtime"
                Number = "1037"
            >Impossibile risolvere la proprietà predefinita dell'oggetto objMemb(Involucr(kLato, jInvolucr).IndObject).Piastra.</Issue>
            <Issue
                Type = "Runtime"
                Number = "1037"
            >Impossibile risolvere la proprietà predefinita dell'oggetto objMemb(Involucr(kLato, jInvolucr).IndObject).TipoPT.</Issue>
            <Issue
                Type = "Runtime"
                Number = "1037"
            >Impossibile risolvere la proprietà predefinita dell'oggetto objMemb(Involucr(kLato, jInvolucr).IndObject).BullIndip.</Issue>
            <Issue
                Type = "Runtime"
                Number = "1037"
            >Impossibile risolvere la proprietà predefinita dell'oggetto objMemb(Involucr(kLato, jInvolucr).IndObject).IBW.</Issue>
            <Issue
                Type = "Runtime"
                Number = "1037"
            >Impossibile risolvere la proprietà predefinita dell'oggetto objMemb().IBW.</Issue>
            <Issue
                Type = "Runtime"
                Number = "1037"
            >Impossibile risolvere la proprietà predefinita dell'oggetto objMemb(Involucr(kLato, jInvolucr).IndObject).RadialExp.</Issue>
            <Issue
                Type = "Runtime"
                Number = "2075"
            >L'evento Check1.CheckStateChanged può essere generato quando il form è inizializzato.</Issue>
        </Section>
        <Section Name = "Check2_Click" >
            <Issue
                Type = "Runtime"
                Number = "1037"
            >Impossibile risolvere la proprietà predefinita dell'oggetto objMemb().SlChanDati.</Issue>
            <Issue
                Type = "Runtime"
                Number = "1037"
            >Impossibile risolvere la proprietà predefinita dell'oggetto objMemb().IndAccopp.</Issue>
            <Issue
                Type = "Runtime"
                Number = "2075"
            >L'evento Check2.CheckStateChanged può essere generato quando il form è inizializzato.</Issue>
        </Section>
        <Section Name = "chkCalcFBM_Click" >
            <Issue
                Type = "Runtime"
                Number = "1037"
            >Impossibile risolvere la proprietà predefinita dell'oggetto objMemb().Piastra.</Issue>
            <Issue
                Type = "Runtime"
                Number = "2075"
            >L'evento chkCalcFBM.CheckStateChanged può essere generato quando il form è inizializzato.</Issue>
        </Section>
        <Section Name = "chkltx_Click" >
            <Issue
                Type = "Runtime"
                Number = "2075"
            >L'evento chkltx.CheckStateChanged può essere generato quando il form è inizializzato.</Issue>
        </Section>
        <Section Name = "cmbCil_Change" >
            <Issue
                Type = "Runtime"
                Number = "1037"
            >Impossibile risolvere la proprietà predefinita dell'oggetto PT.Piastra.TipoPias.</Issue>
            <Issue
                Type = "Runtime"
                Number = "2075"
            >L'evento cmbCil.TextChanged può essere generato quando il form è inizializzato.</Issue>
            <Issue
                Type = "Runtime"
                Number = "2074"
            >ComboBox evento cmbCil.Change è stato aggiornato a cmbCil.TextChanged che presenta un nuovo comportamento.</Issue>
        </Section>
        <Section Name = "cmbCil_Click" >
            <Issue
                Type = "Runtime"
                Number = "1037"
            >Impossibile risolvere la proprietà predefinita dell'oggetto objMemb(i).Rules.</Issue>
            <Issue
                Type = "Runtime"
                Number = "1037"
            >Impossibile risolvere la proprietà predefinita dell'oggetto objMemb(i).Piastra.</Issue>
            <Issue
                Type = "Compile"
                Number = "1014"
            >L'istruzione GoSub non è supportata.</Issue>
            <Issue
                Type = "Runtime"
                Number = "1037"
            >Impossibile risolvere la proprietà predefinita dell'oggetto objMemb().TipoAA.</Issue>
            <Issue
                Type = "Runtime"
                Number = "1037"
            >Impossibile risolvere la proprietà predefinita dell'oggetto objMemb().Piastra.</Issue>
            <Issue
                Type = "Runtime"
                Number = "1037"
            >Impossibile risolvere la proprietà predefinita dell'oggetto objMemb().SlChanDati.</Issue>
            <Issue
                Type = "Runtime"
                Number = "1037"
            >Impossibile risolvere la proprietà predefinita dell'oggetto objMemb().SlShelDati.</Issue>
            <Issue
                Type = "Runtime"
                Number = "1037"
            >Impossibile risolvere la proprietà predefinita dell'oggetto objMemb().Rules.</Issue>
            <Issue
                Type = "Runtime"
                Number = "1037"
            >Impossibile risolvere la proprietà predefinita dell'oggetto objMemb().mart.</Issue>
            <Issue
                Type = "Runtime"
                Number = "1037"
            >Impossibile risolvere la proprietà predefinita dell'oggetto objMemb(i).TipCalc.</Issue>
            <Issue
                Type = "Runtime"
                Number = "1037"
            >Impossibile risolvere la proprietà predefinita dell'oggetto objMemb().TipCalc.</Issue>
            <Issue
                Type = "Runtime"
                Number = "1037"
            >Impossibile risolvere la proprietà predefinita dell'oggetto objMemb(i).FullBolt.</Issue>
            <Issue
                Type = "Runtime"
                Number = "1037"
            >Impossibile risolvere la proprietà predefinita dell'oggetto objMemb(i).TipPass.</Issue>
            <Issue
                Type = "Runtime"
                Number = "1037"
            >Impossibile risolvere la proprietà predefinita dell'oggetto O.Piastra.Gasketed.</Issue>
            <Issue
                Type = "Runtime"
                Number = "1037"
            >Impossibile risolvere la proprietà predefinita dell'oggetto O.Piastra.Flangiata.</Issue>
            <Issue
                Type = "Runtime"
                Number = "1037"
            >Impossibile risolvere la proprietà predefinita dell'oggetto O.FlChanDati().</Issue>
            <Issue
                Type = "Runtime"
                Number = "1037"
            >Impossibile risolvere la proprietà predefinita dell'oggetto O.FlShelDati().</Issue>
            <Issue
                Type = "Runtime"
                Number = "1037"
            >Impossibile risolvere la proprietà predefinita dell'oggetto O.Piastra.Zp.</Issue>
            <Issue
                Type = "Runtime"
                Number = "1037"
            >Impossibile risolvere la proprietà predefinita dell'oggetto O.Piastra.Rear.</Issue>
            <Issue
                Type = "Runtime"
                Number = "1037"
            >Impossibile risolvere la proprietà predefinita dell'oggetto O.SlChanDati(1).</Issue>
            <Issue
                Type = "Runtime"
                Number = "1037"
            >Impossibile risolvere la proprietà predefinita dell'oggetto O.SlShelDati(1).</Issue>
            <Issue
                Type = "Runtime"
                Number = "1037"
            >Impossibile risolvere la proprietà predefinita dell'oggetto O.Piastra.IndiceFlanF.</Issue>
            <Issue
                Type = "Runtime"
                Number = "1037"
            >Impossibile risolvere la proprietà predefinita dell'oggetto wn.</Issue>
            <Issue
                Type = "Runtime"
                Number = "1037"
            >Impossibile risolvere la proprietà predefinita dell'oggetto O.SlChanDati().</Issue>
            <Issue
                Type = "Runtime"
                Number = "1037"
            >Impossibile risolvere la proprietà predefinita dell'oggetto O.SlShelDati().</Issue>
            <Issue
                Type = "Runtime"
                Number = "1037"
            >Impossibile risolvere la proprietà predefinita dell'oggetto objMemb(Involucr(kLato, jInvolucr).IndObject).Piastra.</Issue>
            <Issue
                Type = "Runtime"
                Number = "1037"
            >Impossibile risolvere la proprietà predefinita dell'oggetto objMemb().IndAccopp.</Issue>
            <Issue
                Type = "Runtime"
                Number = "1037"
            >Impossibile risolvere la proprietà predefinita dell'oggetto O.Piastra.Flottante.</Issue>
            <Issue
                Type = "Runtime"
                Number = "1037"
            >Impossibile risolvere la proprietà predefinita dell'oggetto O.Piastra.IndiceSplitR.</Issue>
            <Issue
                Type = "Runtime"
                Number = "1041"
            >Return ha un nuovo comportamento.</Issue>
            <Issue
                Type = "Runtime"
                Number = "1037"
            >Impossibile risolvere la proprietà predefinita dell'oggetto wn.Mp.</Issue>
            <Issue
                Type = "Runtime"
                Number = "1037"
            >Impossibile risolvere la proprietà predefinita dell'oggetto objMemb().TipoPT.</Issue>
            <Issue
                Type = "Runtime"
                Number = "2075"
            >L'evento cmbCil.SelectedIndexChanged può essere generato quando il form è inizializzato.</Issue>
        </Section>
        <Section Name = "cmdCil_Click" >
            <Issue
                Type = "Runtime"
                Number = "1037"
            >Impossibile risolvere la proprietà predefinita dell'oggetto objMemb(Involucr(kLato, jInvolucr).IndObject).TipoPT.</Issue>
            <Issue
                Type = "Runtime"
                Number = "1037"
            >Impossibile risolvere la proprietà predefinita dell'oggetto objMemb().Piastra.</Issue>
            <Issue
                Type = "Runtime"
                Number = "1037"
            >Impossibile risolvere la proprietà predefinita dell'oggetto objMemb(Involucr(kLato, jInvolucr).IndObject).Piastra.</Issue>
            <Issue
                Type = "Compile"
                Number = "1014"
            >L'istruzione GoSub non è supportata.</Issue>
            <Issue
                Type = "Runtime"
                Number = "1037"
            >Impossibile risolvere la proprietà predefinita dell'oggetto objMemb().ClassGsk.</Issue>
            <Issue
                Type = "Runtime"
                Number = "1037"
            >Impossibile risolvere la proprietà predefinita dell'oggetto objMemb().TipGsk.</Issue>
            <Issue
                Type = "Runtime"
                Number = "1037"
            >Impossibile risolvere la proprietà predefinita dell'oggetto objMemb().IndFac.</Issue>
            <Issue
                Type = "Runtime"
                Number = "1037"
            >Impossibile risolvere la proprietà predefinita dell'oggetto objMemb().FlChanDati.</Issue>
            <Issue
                Type = "Runtime"
                Number = "1037"
            >Impossibile risolvere la proprietà predefinita dell'oggetto objMemb().mart.</Issue>
            <Issue
                Type = "Runtime"
                Number = "1037"
            >Impossibile risolvere la proprietà predefinita dell'oggetto objMemb().FlShelDati.</Issue>
            <Issue
                Type = "Runtime"
                Number = "1037"
            >Impossibile risolvere la proprietà predefinita dell'oggetto objMemb().XFil.</Issue>
            <Issue
                Type = "Runtime"
                Number = "1037"
            >Impossibile risolvere la proprietà predefinita dell'oggetto objMemb().DiNBull.</Issue>
            <Issue
                Type = "Runtime"
                Number = "2065"
                ObjectName = "Screen"
                ObjectType = "Screen"
                PME = "MousePointer"
            >Screen proprietà Screen.MousePointer presenta un nuovo comportamento.</Issue>
            <Issue
                Type = "Runtime"
                Number = "1037"
            >Impossibile risolvere la proprietà predefinita dell'oggetto objMemb().Calc7133.</Issue>
            <Issue
                Type = "Runtime"
                Number = "1041"
            >Return ha un nuovo comportamento.</Issue>
        </Section>
        <Section Name = "Command1_Click" >
            <Issue
                Type = "Runtime"
                Number = "1037"
            >Impossibile risolvere la proprietà predefinita dell'oggetto O.Piastra.Differing.</Issue>
            <Issue
                Type = "Runtime"
                Number = "1037"
            >Impossibile risolvere la proprietà predefinita dell'oggetto O.Piastra.Rear.</Issue>
        </Section>
        <Section Name = "Form_Activate" >
            <Issue
                Type = "Runtime"
                Number = "2065"
                ObjectName = "Screen"
                ObjectType = "Screen"
                PME = "MousePointer"
            >Screen proprietà Screen.MousePointer presenta un nuovo comportamento.</Issue>
            <Issue
                Type = "Runtime"
                Number = "1037"
            >Impossibile risolvere la proprietà predefinita dell'oggetto objMemb().Rules.</Issue>
            <Issue
                Type = "Runtime"
                Number = "1037"
            >Impossibile risolvere la proprietà predefinita dell'oggetto objMemb(i).Rules.</Issue>
            <Issue
                Type = "Runtime"
                Number = "1037"
            >Impossibile risolvere la proprietà predefinita dell'oggetto objMemb().BullDistinti.</Issue>
            <Issue
                Type = "Runtime"
                Number = "2065"
                ObjectName = "frmPT"
                ObjectType = "Form"
                PME = "Activate"
            >Form evento frmPT.Activate presenta un nuovo comportamento.</Issue>
        </Section>
        <Section Name = "Form_Deactivate" >
            <Issue
                Type = "Runtime"
                Number = "2065"
                ObjectName = "frmPT"
                ObjectType = "Form"
                PME = "Deactivate"
            >Form evento frmPT.Deactivate presenta un nuovo comportamento.</Issue>
        </Section>
        <Section Name = "Form_Load" >
            <Issue
                Type = "Runtime"
                Number = "1037"
            >Impossibile risolvere la proprietà predefinita dell'oggetto objMemb().Rules.</Issue>
            <Issue
                Type = "Runtime"
                Number = "1037"
            >Impossibile risolvere la proprietà predefinita dell'oggetto objMemb(Involucr(kLato, jInvolucr).IndObject).Rules.</Issue>
            <Issue
                Type = "Runtime"
                Number = "1037"
            >Impossibile risolvere la proprietà predefinita dell'oggetto objMemb().SetPiastra.</Issue>
            <Issue
                Type = "Runtime"
                Number = "1037"
            >Impossibile risolvere la proprietà predefinita dell'oggetto objMemb().Piastra.</Issue>
            <Issue
                Type = "Runtime"
                Number = "1037"
            >Impossibile risolvere la proprietà predefinita dell'oggetto objMemb(Involucr(kLato, jInvolucr).IndObject).Piastra.</Issue>
            <Issue
                Type = "Runtime"
                Number = "1037"
            >Impossibile risolvere la proprietà predefinita dell'oggetto objMemb().TipCalc.</Issue>
            <Issue
                Type = "Runtime"
                Number = "1037"
            >Impossibile risolvere la proprietà predefinita dell'oggetto objMemb(i).TipCalc.</Issue>
        </Section>
        <Section Name = "Form_QueryUnload" >
            <Issue
                Type = "Runtime"
                Number = "2065"
                ObjectName = "frmPT"
                ObjectType = "Form"
                PME = "QueryUnload"
            >Form evento frmPT.QueryUnload presenta un nuovo comportamento.</Issue>
        </Section>
        <Section Name = "Form_Unload" >
            <Issue
                Type = "Runtime"
                Number = "2065"
                ObjectName = "frmPT"
                ObjectType = "Form"
                PME = "Unload"
            >Form evento frmPT.Unload presenta un nuovo comportamento.</Issue>
        </Section>
        <Section Name = "optColl_Click" >
            <Issue
                Type = "Runtime"
                Number = "2075"
            >L'evento optColl.CheckedChanged può essere generato quando il form è inizializzato.</Issue>
        </Section>
        <Section Name = "Option1_Click" >
            <Issue
                Type = "Runtime"
                Number = "1037"
            >Impossibile risolvere la proprietà predefinita dell'oggetto objMemb(Involucr(kLato, jInvolucr).IndObject).Piastra.</Issue>
            <Issue
                Type = "Runtime"
                Number = "1037"
            >Impossibile risolvere la proprietà predefinita dell'oggetto objMemb().Piastra.</Issue>
            <Issue
                Type = "Runtime"
                Number = "2075"
            >L'evento Option1.CheckedChanged può essere generato quando il form è inizializzato.</Issue>
        </Section>
        <Section Name = "TabStrip1_Click" >
            <Issue
                Type = "Runtime"
                Number = "1037"
            >Impossibile risolvere la proprietà predefinita dell'oggetto objMemb(Involucr(kLato, jInvolucr).IndObject).BiFlangiata.</Issue>
            <Issue
                Type = "Runtime"
                Number = "1037"
            >Impossibile risolvere la proprietà predefinita dell'oggetto objMemb(Involucr(kLato, jInvolucr).IndObject).BullDistinti.</Issue>
            <Issue
                Type = "Runtime"
                Number = "1037"
                PME = "Trim$"
            >Impossibile risolvere la proprietà predefinita dell'oggetto objMemb().FlChanNome.</Issue>
            <Issue
                Type = "Runtime"
                Number = "1037"
                PME = "Trim$"
            >Impossibile risolvere la proprietà predefinita dell'oggetto objMemb().FlShelNome.</Issue>
            <Issue
                Type = "Runtime"
                Number = "1037"
                PME = "Trim$"
            >Impossibile risolvere la proprietà predefinita dell'oggetto objMemb().SlChanNome.</Issue>
            <Issue
                Type = "Runtime"
                Number = "1037"
                PME = "Trim$"
            >Impossibile risolvere la proprietà predefinita dell'oggetto objMemb().SlShelNome.</Issue>
        </Section>
        <Section Name = "TabStrip2_Click" >
            <Issue
                Type = "Runtime"
                Number = "1037"
            >Impossibile risolvere la proprietà predefinita dell'oggetto objMemb().SetPiastra.</Issue>
            <Issue
                Type = "Runtime"
                Number = "1037"
            >Impossibile risolvere la proprietà predefinita dell'oggetto objMemb(i).Piastra.</Issue>
        </Section>
        <Section Name = "TextCil_Change" >
            <Issue
                Type = "Runtime"
                Number = "1037"
            >Impossibile risolvere la proprietà predefinita dell'oggetto PT.FlChanDati().</Issue>
            <Issue
                Type = "Runtime"
                Number = "1037"
            >Impossibile risolvere la proprietà predefinita dell'oggetto PT.FlShelDati().</Issue>
            <Issue
                Type = "Runtime"
                Number = "1037"
            >Impossibile risolvere la proprietà predefinita dell'oggetto PT.SlChanDati().</Issue>
            <Issue
                Type = "Runtime"
                Number = "1037"
            >Impossibile risolvere la proprietà predefinita dell'oggetto PT.SlShelDati().</Issue>
            <Issue
                Type = "Runtime"
                Number = "1037"
            >Impossibile risolvere la proprietà predefinita dell'oggetto PT.Piastra.AllFOpe2.</Issue>
            <Issue
                Type = "Runtime"
                Number = "1037"
            >Impossibile risolvere la proprietà predefinita dell'oggetto PT.Piastra.AllFRoo2.</Issue>
            <Issue
                Type = "Runtime"
                Number = "1037"
            >Impossibile risolvere la proprietà predefinita dell'oggetto PT.Piastra.CavShel2.</Issue>
            <Issue
                Type = "Runtime"
                Number = "1037"
            >Impossibile risolvere la proprietà predefinita dell'oggetto PT.Piastra.CavChan2.</Issue>
            <Issue
                Type = "Runtime"
                Number = "1037"
            >Impossibile risolvere la proprietà predefinita dell'oggetto PT.Piastra.Zp.</Issue>
            <Issue
                Type = "Runtime"
                Number = "1037"
            >Impossibile risolvere la proprietà predefinita dell'oggetto PT.Piastra.Differing.</Issue>
            <Issue
                Type = "Runtime"
                Number = "1037"
            >Impossibile risolvere la proprietà predefinita dell'oggetto PT.Piastra.hr.</Issue>
            <Issue
                Type = "Runtime"
                Number = "1037"
            >Impossibile risolvere la proprietà predefinita dell'oggetto objMemb().Mp.</Issue>
            <Issue
                Type = "Runtime"
                Number = "1037"
            >Impossibile risolvere la proprietà predefinita dell'oggetto PT.Piastra.IndiceFlanF.</Issue>
            <Issue
                Type = "Runtime"
                Number = "2075"
            >L'evento TextCil.TextChanged può essere generato quando il form è inizializzato.</Issue>
        </Section>
        <Section Name = "AggCheck" >
            <Issue
                Type = "Runtime"
                Number = "1037"
            >Impossibile risolvere la proprietà predefinita dell'oggetto objMemb(Involucr(kLato, jInvolucr).IndObject).Verbose.</Issue>
            <Issue
                Type = "Runtime"
                Number = "1037"
            >Impossibile risolvere la proprietà predefinita dell'oggetto objMemb().DiffPIese.</Issue>
            <Issue
                Type = "Runtime"
                Number = "1037"
            >Impossibile risolvere la proprietà predefinita dell'oggetto objMemb().CRUSH.</Issue>
            <Issue
                Type = "Runtime"
                Number = "1037"
            >Impossibile risolvere la proprietà predefinita dell'oggetto objMemb(Involucr(kLato, jInvolucr).IndObject).FLEX.</Issue>
            <Issue
                Type = "Runtime"
                Number = "1037"
            >Impossibile risolvere la proprietà predefinita dell'oggetto objMemb(Involucr(kLato, jInvolucr).IndObject).mart.</Issue>
            <Issue
                Type = "Runtime"
                Number = "1037"
            >Impossibile risolvere la proprietà predefinita dell'oggetto objMemb(Involucr(kLato, jInvolucr).IndObject).ProgDiffPr.</Issue>
            <Issue
                Type = "Runtime"
                Number = "1037"
            >Impossibile risolvere la proprietà predefinita dell'oggetto objMemb(Involucr(kLato, jInvolucr).IndObject).VacuumTS.</Issue>
            <Issue
                Type = "Runtime"
                Number = "1037"
            >Impossibile risolvere la proprietà predefinita dell'oggetto objMemb(Involucr(kLato, jInvolucr).IndObject).VacuumSS.</Issue>
            <Issue
                Type = "Runtime"
                Number = "1037"
            >Impossibile risolvere la proprietà predefinita dell'oggetto objMemb(Involucr(kLato, jInvolucr).IndObject).BullDistinti.</Issue>
            <Issue
                Type = "Runtime"
                Number = "1037"
            >Impossibile risolvere la proprietà predefinita dell'oggetto objMemb(Involucr(kLato, jInvolucr).IndObject).BullIndip.</Issue>
            <Issue
                Type = "Runtime"
                Number = "1037"
            >Impossibile risolvere la proprietà predefinita dell'oggetto objMemb(Involucr(kLato, jInvolucr).IndObject).IBW.</Issue>
            <Issue
                Type = "Runtime"
                Number = "1037"
            >Impossibile risolvere la proprietà predefinita dell'oggetto objMemb(Involucr(kLato, jInvolucr).IndObject).RadialExp.</Issue>
            <Issue
                Type = "Runtime"
                Number = "1037"
            >Impossibile risolvere la proprietà predefinita dell'oggetto objMemb(Involucr(kLato, jInvolucr).IndObject).Piastra.</Issue>
        </Section>
        <Section Name = "AggTesti" >
            <Issue
                Type = "Runtime"
                Number = "1037"
            >Impossibile risolvere la proprietà predefinita dell'oggetto PT.FlChanDati().</Issue>
            <Issue
                Type = "Runtime"
                Number = "1037"
            >Impossibile risolvere la proprietà predefinita dell'oggetto PT.FlChanDati(i - 31).</Issue>
            <Issue
                Type = "Runtime"
                Number = "1037"
            >Impossibile risolvere la proprietà predefinita dell'oggetto PT.FlShelDati().</Issue>
            <Issue
                Type = "Runtime"
                Number = "1037"
            >Impossibile risolvere la proprietà predefinita dell'oggetto PT.FlShelDati(i - 61).</Issue>
            <Issue
                Type = "Runtime"
                Number = "1037"
            >Impossibile risolvere la proprietà predefinita dell'oggetto PT.SlChanDati().</Issue>
            <Issue
                Type = "Runtime"
                Number = "1037"
            >Impossibile risolvere la proprietà predefinita dell'oggetto PT.SlShelDati().</Issue>
            <Issue
                Type = "Runtime"
                Number = "1037"
            >Impossibile risolvere la proprietà predefinita dell'oggetto PT.Piastra.CavShel2.</Issue>
            <Issue
                Type = "Runtime"
                Number = "1037"
            >Impossibile risolvere la proprietà predefinita dell'oggetto PT.Piastra.CavChan2.</Issue>
            <Issue
                Type = "Runtime"
                Number = "1037"
            >Impossibile risolvere la proprietà predefinita dell'oggetto PT.Piastra.Zp.</Issue>
            <Issue
                Type = "Runtime"
                Number = "1037"
            >Impossibile risolvere la proprietà predefinita dell'oggetto PT.Piastra.AllFRoo2.</Issue>
            <Issue
                Type = "Runtime"
                Number = "1037"
            >Impossibile risolvere la proprietà predefinita dell'oggetto PT.Piastra.AllFOpe2.</Issue>
            <Issue
                Type = "Runtime"
                Number = "1037"
            >Impossibile risolvere la proprietà predefinita dell'oggetto PT.Piastra.hr.</Issue>
            <Issue
                Type = "Runtime"
                Number = "1037"
            >Impossibile risolvere la proprietà predefinita dell'oggetto PT.Piastra.CalcFBM.</Issue>
            <Issue
                Type = "Runtime"
                Number = "1037"
            >Impossibile risolvere la proprietà predefinita dell'oggetto PT.Piastra.IndiceFondo.</Issue>
            <Issue
                Type = "Runtime"
                Number = "1037"
            >Impossibile risolvere la proprietà predefinita dell'oggetto PT.Piastra.Flottante.</Issue>
            <Issue
                Type = "Runtime"
                Number = "1037"
            >Impossibile risolvere la proprietà predefinita dell'oggetto PT.Piastra.Rear.</Issue>
            <Issue
                Type = "Runtime"
                Number = "1037"
            >Impossibile risolvere la proprietà predefinita dell'oggetto PT.Piastra.IndiceFlanF.</Issue>
            <Issue
                Type = "Runtime"
                Number = "1037"
            >Impossibile risolvere la proprietà predefinita dell'oggetto PT.Piastra.IndiceSplitR.</Issue>
        </Section>
        <Section Name = "AggCombo" >
            <Issue
                Type = "Runtime"
                Number = "1037"
            >Impossibile risolvere la proprietà predefinita dell'oggetto objMemb(i).TipoPT.</Issue>
            <Issue
                Type = "Runtime"
                Number = "1037"
            >Impossibile risolvere la proprietà predefinita dell'oggetto objMemb(i).Piastra.</Issue>
            <Issue
                Type = "Runtime"
                Number = "1037"
            >Impossibile risolvere la proprietà predefinita dell'oggetto objMemb().Piastra.</Issue>
            <Issue
                Type = "Runtime"
                Number = "1037"
            >Impossibile risolvere la proprietà predefinita dell'oggetto objMemb().TipCalc.</Issue>
            <Issue
                Type = "Runtime"
                Number = "1037"
            >Impossibile risolvere la proprietà predefinita dell'oggetto objMemb(i).TipCalc.</Issue>
            <Issue
                Type = "Runtime"
                Number = "1037"
            >Impossibile risolvere la proprietà predefinita dell'oggetto objMemb(i).FullBolt.</Issue>
            <Issue
                Type = "Runtime"
                Number = "1037"
            >Impossibile risolvere la proprietà predefinita dell'oggetto objMemb().TipPass.</Issue>
            <Issue
                Type = "Runtime"
                Number = "1037"
            >Impossibile risolvere la proprietà predefinita dell'oggetto objMemb(i).TipPass.</Issue>
        </Section>
        <Section Name = "AggTab" >
            <Issue
                Type = "Compile"
                Number = "1014"
            >L'istruzione GoSub non è supportata.</Issue>
            <Issue
                Type = "Runtime"
                Number = "1037"
            >Impossibile risolvere la proprietà predefinita dell'oggetto O.BullDistinti.</Issue>
            <Issue
                Type = "Runtime"
                Number = "1037"
            >Impossibile risolvere la proprietà predefinita dell'oggetto O.Rules.</Issue>
            <Issue
                Type = "Runtime"
                Number = "1037"
            >Impossibile risolvere la proprietà predefinita dell'oggetto O.mart.</Issue>
            <Issue
                Type = "Runtime"
                Number = "1037"
            >Impossibile risolvere la proprietà predefinita dell'oggetto O.Piastra.</Issue>
            <Issue
                Type = "Runtime"
                Number = "1041"
            >Return ha un nuovo comportamento.</Issue>
            <Issue
                Type = "Runtime"
                Number = "1037"
            >Impossibile risolvere la proprietà predefinita dell'oggetto O.GetPiastra.</Issue>
        </Section>
        <Section Name = "AggCombo6" >
            <Issue
                Type = "Compile"
                Number = "1014"
            >L'istruzione GoSub non è supportata.</Issue>
            <Issue
                Type = "Runtime"
                Number = "1037"
            >Impossibile risolvere la proprietà predefinita dell'oggetto objMemb(i).TipoPT.</Issue>
            <Issue
                Type = "Runtime"
                Number = "1037"
            >Impossibile risolvere la proprietà predefinita dell'oggetto objMemb().Piastra.</Issue>
            <Issue
                Type = "Runtime"
                Number = "1041"
            >Return ha un nuovo comportamento.</Issue>
        </Section>
        <Section Name = "CheckTipo" >
            <Issue
                Type = "Runtime"
                Number = "1037"
            >Impossibile risolvere la proprietà predefinita dell'oggetto objMemb().Piastra.</Issue>
            <Issue
                Type = "Runtime"
                Number = "1037"
            >Impossibile risolvere la proprietà predefinita dell'oggetto objMemb().TipoPT.</Issue>
            <Issue
                Type = "Runtime"
                Number = "1037"
            >Impossibile risolvere la proprietà predefinita dell'oggetto objMemb().Recover.</Issue>
        </Section>
        <Section Name = "RiempiCollegFl" >
            <Issue
                Type = "Compile"
                Number = "1014"
            >L'istruzione GoSub non è supportata.</Issue>
            <Issue
                Type = "Runtime"
                Number = "1037"
            >Impossibile risolvere la proprietà predefinita dell'oggetto O.SlChanDati(1).</Issue>
            <Issue
                Type = "Runtime"
                Number = "1037"
            >Impossibile risolvere la proprietà predefinita dell'oggetto O.Piastra.IndiceFondo.</Issue>
            <Issue
                Type = "Runtime"
                Number = "1037"
            >Impossibile risolvere la proprietà predefinita dell'oggetto O.Piastra.Flottante.</Issue>
            <Issue
                Type = "Runtime"
                Number = "1037"
            >Impossibile risolvere la proprietà predefinita dell'oggetto O.Piastra.IndiceFlanF.</Issue>
            <Issue
                Type = "Runtime"
                Number = "1041"
            >Return ha un nuovo comportamento.</Issue>
        </Section>
        <Section Name = "NubbinVisible" >
            <Issue
                Type = "Runtime"
                Number = "1037"
            >Impossibile risolvere la proprietà predefinita dell'oggetto objMemb().IndFac.</Issue>
        </Section>
        <Section Name = "CheckTubi" >
            <Issue
                Type = "Runtime"
                Number = "1037"
            >Impossibile risolvere la proprietà predefinita dell'oggetto O.Piastra.IndiceDilat.</Issue>
        </Section>
        <Section Name = "AggiustaDiff" >
            <Issue
                Type = "Runtime"
                Number = "1037"
            >Impossibile risolvere la proprietà predefinita dell'oggetto objMemb(Involucr(kLato, jInvolucr).IndObject).Piastra.</Issue>
            <Issue
                Type = "Runtime"
                Number = "1037"
                PME = "Abs"
            >Impossibile risolvere la proprietà predefinita dell'oggetto objMemb().DiffPress.</Issue>
            <Issue
                Type = "Runtime"
                Number = "1037"
                PME = "Abs"
            >Impossibile risolvere la proprietà predefinita dell'oggetto objMemb().PDesChan.</Issue>
            <Issue
                Type = "Runtime"
                Number = "1037"
            >Impossibile risolvere la proprietà predefinita dell'oggetto objMemb(Involucr(kLato, jInvolucr).IndObject).PDesShel.</Issue>
            <Issue
                Type = "Runtime"
                Number = "1037"
            >Impossibile risolvere la proprietà predefinita dell'oggetto objMemb().Piastra.</Issue>
            <Issue
                Type = "Runtime"
                Number = "1037"
            >Impossibile risolvere la proprietà predefinita dell'oggetto objMemb().ProgDiffPr.</Issue>
            <Issue
                Type = "Compile"
                Number = "2069"
                ObjectName = "UpDown3"
                ObjectType = "VBControlExtender"
                PME = "Min"
            >VBControlExtender metodo UpDown3.Min non è stato aggiornato.</Issue>
            <Issue
                Type = "Compile"
                Number = "1014"
            >L'istruzione GoSub non è supportata.</Issue>
            <Issue
                Type = "Runtime"
                Number = "1037"
            >Impossibile risolvere la proprietà predefinita dell'oggetto objMemb(Involucr(kLato, jInvolucr).IndObject).ProgDiffPr.</Issue>
            <Issue
                Type = "Runtime"
                Number = "1041"
            >Return ha un nuovo comportamento.</Issue>
        </Section>
        <Section Name = "AggiornaCollegFl" >
            <Issue
                Type = "Runtime"
                Number = "1037"
            >Impossibile risolvere la proprietà predefinita dell'oggetto objMemb().IndAccopp.</Issue>
            <Issue
                Type = "Runtime"
                Number = "1037"
            >Impossibile risolvere la proprietà predefinita dell'oggetto objMemb().Piastra.</Issue>
        </Section>
        <Section Name = "TextCil_LostFocus" >
            <Issue
                Type = "Compile"
                Number = "1014"
            >L'istruzione GoSub non è supportata.</Issue>
            <Issue
                Type = "Runtime"
                Number = "1037"
            >Impossibile risolvere la proprietà predefinita dell'oggetto PT.Piastra.Zp.</Issue>
            <Issue
                Type = "Runtime"
                Number = "1041"
            >Return ha un nuovo comportamento.</Issue>
        </Section>
        <Section Name = "SecExtVis" >
            <Issue
                Type = "Runtime"
                Number = "1037"
            >Impossibile risolvere la proprietà predefinita dell'oggetto objMemb(i).Piastra.</Issue>
            <Issue
                Type = "Runtime"
                Number = "1037"
            >Impossibile risolvere la proprietà predefinita dell'oggetto objMemb().Piastra.</Issue>
        </Section>
        <Section Name = "EqualPiastre" >
            <Issue
                Type = "Runtime"
                Number = "1037"
            >Impossibile risolvere la proprietà predefinita dell'oggetto buf1.</Issue>
            <Issue
                Type = "Runtime"
                Number = "1037"
            >Impossibile risolvere la proprietà predefinita dell'oggetto PT.FlChanDati().</Issue>
            <Issue
                Type = "Runtime"
                Number = "1037"
            >Impossibile risolvere la proprietà predefinita dell'oggetto buf2.</Issue>
            <Issue
                Type = "Runtime"
                Number = "1037"
            >Impossibile risolvere la proprietà predefinita dell'oggetto PT.FlShelDati().</Issue>
            <Issue
                Type = "Runtime"
                Number = "1037"
            >Impossibile risolvere la proprietà predefinita dell'oggetto buf3.</Issue>
            <Issue
                Type = "Runtime"
                Number = "1037"
            >Impossibile risolvere la proprietà predefinita dell'oggetto PT.SlChanDati().</Issue>
            <Issue
                Type = "Runtime"
                Number = "1037"
            >Impossibile risolvere la proprietà predefinita dell'oggetto buf4.</Issue>
            <Issue
                Type = "Runtime"
                Number = "1037"
            >Impossibile risolvere la proprietà predefinita dell'oggetto PT.SlShelDati().</Issue>
        </Section>
        <Section Name = "ScelFonF" >
            <Issue
                Type = "Runtime"
                Number = "1037"
            >Impossibile risolvere la proprietà predefinita dell'oggetto objMemb(Involucr(kLato, jInvolucr).IndObject).Piastra.</Issue>
            <Issue
                Type = "Runtime"
                Number = "1037"
            >Impossibile risolvere la proprietà predefinita dell'oggetto objMemb().Piastra.</Issue>
            <Issue
                Type = "Compile"
                Number = "1014"
            >L'istruzione GoSub non è supportata.</Issue>
            <Issue
                Type = "Runtime"
                Number = "1037"
            >Impossibile risolvere la proprietà predefinita dell'oggetto objMemb(Involucr(kLato, jInvolucr).IndObject).SlChanNome.</Issue>
            <Issue
                Type = "Runtime"
                Number = "1041"
            >Return ha un nuovo comportamento.</Issue>
        </Section>
        <Section Name = "ScelSplitR" >
            <Issue
                Type = "Runtime"
                Number = "1037"
            >Impossibile risolvere la proprietà predefinita dell'oggetto objMemb(Involucr(kLato, jInvolucr).IndObject).Piastra.</Issue>
            <Issue
                Type = "Compile"
                Number = "1014"
            >L'istruzione GoSub non è supportata.</Issue>
            <Issue
                Type = "Runtime"
                Number = "1037"
            >Impossibile risolvere la proprietà predefinita dell'oggetto objMemb().Piastra.</Issue>
            <Issue
                Type = "Runtime"
                Number = "1037"
            >Impossibile risolvere la proprietà predefinita dell'oggetto objMemb().LOOSE.</Issue>
            <Issue
                Type = "Runtime"
                Number = "1037"
            >Impossibile risolvere la proprietà predefinita dell'oggetto objMemb().Zp.</Issue>
            <Issue
                Type = "Runtime"
                Number = "1037"
            >Impossibile risolvere la proprietà predefinita dell'oggetto objMemb().Mp.</Issue>
            <Issue
                Type = "Runtime"
                Number = "1037"
            >Impossibile risolvere la proprietà predefinita dell'oggetto objMemb(Involucr(kSav, jSav).IndObject).Piastra.</Issue>
            <Issue
                Type = "Runtime"
                Number = "1041"
            >Return ha un nuovo comportamento.</Issue>
        </Section>
        <Section Name = "ScelFlanF" >
            <Issue
                Type = "Runtime"
                Number = "1037"
            >Impossibile risolvere la proprietà predefinita dell'oggetto objMemb(Involucr(kLato, jInvolucr).IndObject).Piastra.</Issue>
            <Issue
                Type = "Compile"
                Number = "1014"
            >L'istruzione GoSub non è supportata.</Issue>
            <Issue
                Type = "Runtime"
                Number = "1037"
            >Impossibile risolvere la proprietà predefinita dell'oggetto objMemb().Piastra.</Issue>
            <Issue
                Type = "Runtime"
                Number = "1037"
            >Impossibile risolvere la proprietà predefinita dell'oggetto objMemb().LOOSE.</Issue>
            <Issue
                Type = "Runtime"
                Number = "1037"
            >Impossibile risolvere la proprietà predefinita dell'oggetto objMemb().Zp.</Issue>
            <Issue
                Type = "Runtime"
                Number = "1037"
            >Impossibile risolvere la proprietà predefinita dell'oggetto objMemb().Mp.</Issue>
            <Issue
                Type = "Runtime"
                Number = "1037"
            >Impossibile risolvere la proprietà predefinita dell'oggetto objMemb(Involucr(kSav, jSav).IndObject).Piastra.</Issue>
            <Issue
                Type = "Runtime"
                Number = "1041"
            >Return ha un nuovo comportamento.</Issue>
        </Section>
        <Section Name = "SuperAggiorna" >
            <Issue
                Type = "Runtime"
                Number = "1037"
            >Impossibile risolvere la proprietà predefinita dell'oggetto objMemb().PrimaVolta.</Issue>
            <Issue
                Type = "Runtime"
                Number = "1037"
            >Impossibile risolvere la proprietà predefinita dell'oggetto objMemb(Involucr(kLato, jInvolucr).IndObject).PrimaVolta.</Issue>
        </Section>
        <Section Name = "txtIBW_Change" >
            <Issue
                Type = "Runtime"
                Number = "2075"
            >L'evento txtIBW.TextChanged può essere generato quando il form è inizializzato.</Issue>
        </Section>
    </File>
    <File
        OldPath = "E:\Programmi\MicroSoft Visual Studio\Fbm\AsmeVip\wn_AA.cls"
        NewPath = "C:\Documenti\Visual Studio Projects\Lancio\AsmeVip.NET\wn_AA.vb"
        FileType = "Class Module"
        Upgraded = "True"
    >
        <Section Name = "(Dichiarazioni)" >
            <Issue
                Type = "Runtime"
                Number = "1033"
            >Il limite inferiore della matrice NonTermici è stato cambiato da 1 a 0.</Issue>
            <Issue
                Type = "Runtime"
                Number = "1033"
            >Il limite inferiore della matrice junctionOK è stato cambiato da 1,0 a 0,0.</Issue>
            <Issue
                Type = "Compile"
                Number = "1051"
            >Tipo di dichiarazione non supportato: Matrice con limite inferiore minore di zero.</Issue>
        </Section>
        <Section Name = "psi1" >
            <Issue
                Type = "Runtime"
                Number = "1037"
            >Impossibile risolvere la proprietà predefinita dell'oggetto psi1.</Issue>
        </Section>
        <Section Name = "psi2" >
            <Issue
                Type = "Runtime"
                Number = "1037"
            >Impossibile risolvere la proprietà predefinita dell'oggetto psi2.</Issue>
        </Section>
        <Section Name = "Za" >
            <Issue
                Type = "Runtime"
                Number = "1037"
            >Impossibile risolvere la proprietà predefinita dell'oggetto psi2().</Issue>
            <Issue
                Type = "Runtime"
                Number = "1037"
            >Impossibile risolvere la proprietà predefinita dell'oggetto psi1().</Issue>
            <Issue
                Type = "Runtime"
                Number = "1037"
            >Impossibile risolvere la proprietà predefinita dell'oggetto Za.</Issue>
        </Section>
        <Section Name = "Zd" >
            <Issue
                Type = "Runtime"
                Number = "1037"
            >Impossibile risolvere la proprietà predefinita dell'oggetto psi2().</Issue>
            <Issue
                Type = "Runtime"
                Number = "1037"
            >Impossibile risolvere la proprietà predefinita dell'oggetto psi1().</Issue>
            <Issue
                Type = "Runtime"
                Number = "1037"
            >Impossibile risolvere la proprietà predefinita dell'oggetto Za(x).</Issue>
            <Issue
                Type = "Runtime"
                Number = "1037"
            >Impossibile risolvere la proprietà predefinita dell'oggetto Zd.</Issue>
        </Section>
        <Section Name = "Zv" >
            <Issue
                Type = "Runtime"
                Number = "1037"
            >Impossibile risolvere la proprietà predefinita dell'oggetto psi2().</Issue>
            <Issue
                Type = "Runtime"
                Number = "1037"
            >Impossibile risolvere la proprietà predefinita dell'oggetto psi1().</Issue>
            <Issue
                Type = "Runtime"
                Number = "1037"
            >Impossibile risolvere la proprietà predefinita dell'oggetto Za(x).</Issue>
            <Issue
                Type = "Runtime"
                Number = "1037"
            >Impossibile risolvere la proprietà predefinita dell'oggetto Zv.</Issue>
        </Section>
        <Section Name = "Zm" >
            <Issue
                Type = "Runtime"
                Number = "1037"
            >Impossibile risolvere la proprietà predefinita dell'oggetto Za().</Issue>
            <Issue
                Type = "Runtime"
                Number = "1037"
            >Impossibile risolvere la proprietà predefinita dell'oggetto Zm.</Issue>
        </Section>
        <Section Name = "Qm" >
            <Issue
                Type = "Runtime"
                Number = "1037"
            >Impossibile risolvere la proprietà predefinita dell'oggetto Za().</Issue>
            <Issue
                Type = "Runtime"
                Number = "1037"
            >Impossibile risolvere la proprietà predefinita dell'oggetto psi1().</Issue>
            <Issue
                Type = "Runtime"
                Number = "1037"
            >Impossibile risolvere la proprietà predefinita dell'oggetto psi2().</Issue>
            <Issue
                Type = "Runtime"
                Number = "1037"
            >Impossibile risolvere la proprietà predefinita dell'oggetto Qm.</Issue>
        </Section>
        <Section Name = "Qv" >
            <Issue
                Type = "Runtime"
                Number = "1037"
            >Impossibile risolvere la proprietà predefinita dell'oggetto psi1().</Issue>
            <Issue
                Type = "Runtime"
                Number = "1037"
            >Impossibile risolvere la proprietà predefinita dell'oggetto psi2().</Issue>
            <Issue
                Type = "Runtime"
                Number = "1037"
            >Impossibile risolvere la proprietà predefinita dell'oggetto Za().</Issue>
            <Issue
                Type = "Runtime"
                Number = "1037"
            >Impossibile risolvere la proprietà predefinita dell'oggetto Qv.</Issue>
        </Section>
        <Section Name = "Fm" >
            <Issue
                Type = "Runtime"
                Number = "1037"
            >Impossibile risolvere la proprietà predefinita dell'oggetto Fm.</Issue>
            <Issue
                Type = "Runtime"
                Number = "1037"
            >Impossibile risolvere la proprietà predefinita dell'oggetto Qv().</Issue>
            <Issue
                Type = "Runtime"
                Number = "1037"
            >Impossibile risolvere la proprietà predefinita dell'oggetto Qm(x, Xa).</Issue>
        </Section>
        <Section Name = "Calcola" >
            <Issue
                Type = "Runtime"
                Number = "1037"
            >Impossibile risolvere la proprietà predefinita dell'oggetto Padre.Piastra.Rear.</Issue>
        </Section>
        <Section Name = "VERIFICA" >
            <Issue
                Type = "Runtime"
                Number = "1041"
                PME = "Dir"
            >Dir ha un nuovo comportamento.</Issue>
        </Section>
        <Section Name = "AA13" >
            <Issue
                Type = "Runtime"
                Number = "1037"
            >Impossibile risolvere la proprietà predefinita dell'oggetto Padre.Piastra.Zp.</Issue>
        </Section>
        <Section Name = "AA16" >
            <Issue
                Type = "Compile"
                Number = "1014"
            >L'istruzione GoSub non è supportata.</Issue>
            <Issue
                Type = "Runtime"
                Number = "1041"
            >Return ha un nuovo comportamento.</Issue>
        </Section>
        <Section Name = "testaU" >
            <Issue
                Type = "Runtime"
                Number = "1037"
            >Impossibile risolvere la proprietà predefinita dell'oggetto Padre.Piastra.Flottante.</Issue>
            <Issue
                Type = "Runtime"
                Number = "1037"
            >Impossibile risolvere la proprietà predefinita dell'oggetto Padre.SlChanDati(1).</Issue>
        </Section>
        <Section Name = "printa" >
            <Issue
                Type = "Runtime"
                Number = "1037"
            >Impossibile risolvere la proprietà predefinita dell'oggetto Padre.FlChanDati(1).</Issue>
            <Issue
                Type = "Runtime"
                Number = "1037"
            >Impossibile risolvere la proprietà predefinita dell'oggetto Padre.FlShelDati(1).</Issue>
            <Issue
                Type = "Runtime"
                Number = "1037"
            >Impossibile risolvere la proprietà predefinita dell'oggetto Padre.FlShelDati(2).</Issue>
            <Issue
                Type = "Runtime"
                Number = "1037"
            >Impossibile risolvere la proprietà predefinita dell'oggetto Padre.FlChanDati(2).</Issue>
            <Issue
                Type = "Runtime"
                Number = "1037"
            >Impossibile risolvere la proprietà predefinita dell'oggetto Padre.FlChanDati(3).</Issue>
            <Issue
                Type = "Runtime"
                Number = "1037"
            >Impossibile risolvere la proprietà predefinita dell'oggetto Padre.FlShelDati(3).</Issue>
            <Issue
                Type = "Runtime"
                Number = "1037"
            >Impossibile risolvere la proprietà predefinita dell'oggetto Padre.FlChanDati(4).</Issue>
            <Issue
                Type = "Runtime"
                Number = "1037"
            >Impossibile risolvere la proprietà predefinita dell'oggetto Padre.FlShelDati(4).</Issue>
            <Issue
                Type = "Runtime"
                Number = "1037"
            >Impossibile risolvere la proprietà predefinita dell'oggetto Padre.SlShelDati(1).</Issue>
            <Issue
                Type = "Runtime"
                Number = "1037"
            >Impossibile risolvere la proprietà predefinita dell'oggetto Padre.SlChanDati(1).</Issue>
            <Issue
                Type = "Runtime"
                Number = "1037"
            >Impossibile risolvere la proprietà predefinita dell'oggetto Padre.SlShelDati(2).</Issue>
            <Issue
                Type = "Runtime"
                Number = "1037"
            >Impossibile risolvere la proprietà predefinita dell'oggetto Padre.SlChanDati(2).</Issue>
            <Issue
                Type = "Runtime"
                Number = "1037"
            >Impossibile risolvere la proprietà predefinita dell'oggetto Fl.</Issue>
        </Section>
        <Section Name = "printAA163b" >
            <Issue
                Type = "Compile"
                Number = "1014"
            >L'istruzione GoSub non è supportata.</Issue>
            <Issue
                Type = "Runtime"
                Number = "1041"
            >Return ha un nuovo comportamento.</Issue>
        </Section>
        <Section Name = "MAWP" >
            <Issue
                Type = "Compile"
                Number = "1014"
            >L'istruzione GoSub non è supportata.</Issue>
            <Issue
                Type = "Runtime"
                Number = "1041"
            >Return ha un nuovo comportamento.</Issue>
        </Section>
        <Section Name = "Abbassai" >
            <Issue
                Type = "Runtime"
                Number = "1037"
            >Impossibile risolvere la proprietà predefinita dell'oggetto Padre.Piastra.Zp.</Issue>
            <Issue
                Type = "Runtime"
                Number = "1037"
            >Impossibile risolvere la proprietà predefinita dell'oggetto Padre.FlChanDati().</Issue>
        </Section>
        <Section Name = "Calc" >
            <Issue
                Type = "Runtime"
                Number = "1037"
            >Impossibile risolvere la proprietà predefinita dell'oggetto Fl.</Issue>
            <Issue
                Type = "Runtime"
                Number = "1037"
            >Impossibile risolvere la proprietà predefinita dell'oggetto Bulloni.</Issue>
            <Issue
                Type = "Runtime"
                Number = "1037"
            >Impossibile risolvere la proprietà predefinita dell'oggetto FlShel(1).</Issue>
            <Issue
                Type = "Runtime"
                Number = "1037"
            >Impossibile risolvere la proprietà predefinita dell'oggetto FlChan(1).</Issue>
        </Section>
        <Section Name = "ScelSpes" >
            <Issue
                Type = "Runtime"
                Number = "1037"
            >Impossibile risolvere la proprietà predefinita dell'oggetto Padre.Piastra.iCond.</Issue>
            <Issue
                Type = "Runtime"
                Number = "1037"
            >Impossibile risolvere la proprietà predefinita dell'oggetto Padre.Piastra.tfmax.</Issue>
            <Issue
                Type = "Runtime"
                Number = "1037"
            >Impossibile risolvere la proprietà predefinita dell'oggetto Padre.Piastra.Zp.</Issue>
            <Issue
                Type = "Runtime"
                Number = "1037"
            >Impossibile risolvere la proprietà predefinita dell'oggetto Monitor.Motore.inizio.ConvertiCr().</Issue>
        </Section>
        <Section Name = "AA24" >
            <Issue
                Type = "Runtime"
                Number = "1041"
                PME = "Dir"
            >Dir ha un nuovo comportamento.</Issue>
            <Issue
                Type = "Runtime"
                Number = "1037"
            >Impossibile risolvere la proprietà predefinita dell'oggetto Padre.Piastra.Zp.</Issue>
            <Issue
                Type = "Runtime"
                Number = "1037"
            >Impossibile risolvere la proprietà predefinita dell'oggetto Padre.Piastra.WarnT.</Issue>
            <Issue
                Type = "Runtime"
                Number = "2065"
                ObjectName = "Screen"
                ObjectType = "Screen"
                PME = "MousePointer"
            >Screen proprietà Screen.MousePointer presenta un nuovo comportamento.</Issue>
            <Issue
                Type = "Compile"
                Number = "1014"
            >L'istruzione GoSub non è supportata.</Issue>
            <Issue
                Type = "Runtime"
                Number = "1037"
            >Impossibile risolvere la proprietà predefinita dell'oggetto Padre.Piastra.GetPiastra.</Issue>
            <Issue
                Type = "Runtime"
                Number = "1037"
            >Impossibile risolvere la proprietà predefinita dell'oggetto Padre.Piastra.IndiceFondo.</Issue>
            <Issue
                Type = "Runtime"
                Number = "1037"
            >Impossibile risolvere la proprietà predefinita dell'oggetto Padre.Piastra.Flottante.</Issue>
            <Issue
                Type = "Runtime"
                Number = "1037"
            >Impossibile risolvere la proprietà predefinita dell'oggetto Padre.SlShelDati().</Issue>
            <Issue
                Type = "Runtime"
                Number = "1037"
            >Impossibile risolvere la proprietà predefinita dell'oggetto Padre.Piastra.Differing.</Issue>
            <Issue
                Type = "Runtime"
                Number = "1037"
            >Impossibile risolvere la proprietà predefinita dell'oggetto Padre.Piastra.Convert.</Issue>
            <Issue
                Type = "Runtime"
                Number = "1037"
            >Impossibile risolvere la proprietà predefinita dell'oggetto Padre.Piastra.Rear.</Issue>
            <Issue
                Type = "Runtime"
                Number = "1037"
            >Impossibile risolvere la proprietà predefinita dell'oggetto Padre.Piastra.RadialExp.</Issue>
            <Issue
                Type = "Runtime"
                Number = "1037"
            >Impossibile risolvere la proprietà predefinita dell'oggetto Zv().</Issue>
            <Issue
                Type = "Runtime"
                Number = "1037"
            >Impossibile risolvere la proprietà predefinita dell'oggetto Zm().</Issue>
            <Issue
                Type = "Runtime"
                Number = "1037"
            >Impossibile risolvere la proprietà predefinita dell'oggetto Zd().</Issue>
            <Issue
                Type = "Runtime"
                Number = "1037"
            >Impossibile risolvere la proprietà predefinita dell'oggetto Padre.Piastra.GrvChan.</Issue>
            <Issue
                Type = "Runtime"
                Number = "1037"
            >Impossibile risolvere la proprietà predefinita dell'oggetto Padre.Piastra.GrvShel.</Issue>
            <Issue
                Type = "Runtime"
                Number = "1041"
            >Return ha un nuovo comportamento.</Issue>
        </Section>
        <Section Name = "AA23" >
            <Issue
                Type = "Runtime"
                Number = "1037"
            >Impossibile risolvere la proprietà predefinita dell'oggetto Padre.Piastra.Flottante.</Issue>
            <Issue
                Type = "Runtime"
                Number = "1037"
            >Impossibile risolvere la proprietà predefinita dell'oggetto Padre.SlChanDati().</Issue>
            <Issue
                Type = "Compile"
                Number = "1014"
            >L'istruzione GoSub non è supportata.</Issue>
            <Issue
                Type = "Runtime"
                Number = "1037"
            >Impossibile risolvere la proprietà predefinita dell'oggetto Padre.FlChanDati().</Issue>
            <Issue
                Type = "Runtime"
                Number = "1037"
            >Impossibile risolvere la proprietà predefinita dell'oggetto Padre.SlShelDati().</Issue>
            <Issue
                Type = "Runtime"
                Number = "1037"
            >Impossibile risolvere la proprietà predefinita dell'oggetto Padre.Piastra.WarnT.</Issue>
            <Issue
                Type = "Runtime"
                Number = "1037"
            >Impossibile risolvere la proprietà predefinita dell'oggetto Padre.FlShelDati().</Issue>
            <Issue
                Type = "Runtime"
                Number = "1037"
            >Impossibile risolvere la proprietà predefinita dell'oggetto Padre.FlChanDati(19).</Issue>
            <Issue
                Type = "Runtime"
                Number = "1037"
            >Impossibile risolvere la proprietà predefinita dell'oggetto Padre.Piastra.GetPiastra.</Issue>
            <Issue
                Type = "Runtime"
                Number = "1037"
            >Impossibile risolvere la proprietà predefinita dell'oggetto Padre.Piastra.Zp.</Issue>
            <Issue
                Type = "Runtime"
                Number = "1041"
            >Return ha un nuovo comportamento.</Issue>
        </Section>
        <Section Name = "maxFm" >
            <Issue
                Type = "Runtime"
                Number = "1037"
            >Impossibile risolvere la proprietà predefinita dell'oggetto Valore.</Issue>
            <Issue
                Type = "Runtime"
                Number = "1037"
            >Impossibile risolvere la proprietà predefinita dell'oggetto colFM().</Issue>
            <Issue
                Type = "Runtime"
                Number = "1037"
                PME = "Abs"
            >Impossibile risolvere la proprietà predefinita dell'oggetto Fm().</Issue>
        </Section>
        <Section Name = "AA248" >
            <Issue
                Type = "Runtime"
                Number = "1037"
            >Impossibile risolvere la proprietà predefinita dell'oggetto Padre.Piastra.Zp.</Issue>
            <Issue
                Type = "Runtime"
                Number = "1037"
            >Impossibile risolvere la proprietà predefinita dell'oggetto Padre.Piastra.GetPiastra.</Issue>
        </Section>
        <Section Name = "AA249" >
            <Issue
                Type = "Runtime"
                Number = "1037"
            >Impossibile risolvere la proprietà predefinita dell'oggetto Padre.Piastra.GetPiastra.</Issue>
            <Issue
                Type = "Runtime"
                Number = "1037"
            >Impossibile risolvere la proprietà predefinita dell'oggetto Padre.Piastra.Zp.</Issue>
        </Section>
        <Section Name = "AA2410" >
            <Issue
                Type = "Runtime"
                Number = "1037"
            >Impossibile risolvere la proprietà predefinita dell'oggetto Padre.Piastra.Flottante.</Issue>
            <Issue
                Type = "Runtime"
                Number = "1037"
            >Impossibile risolvere la proprietà predefinita dell'oggetto Padre.Piastra.GetPiastra.</Issue>
            <Issue
                Type = "Runtime"
                Number = "1037"
            >Impossibile risolvere la proprietà predefinita dell'oggetto Padre.Piastra.Zp.</Issue>
            <Issue
                Type = "Runtime"
                Number = "1037"
            >Impossibile risolvere la proprietà predefinita dell'oggetto Padre.Piastra.Rear.</Issue>
        </Section>
        <Section Name = "CorrCod" >
            <Issue
                Type = "Runtime"
                Number = "1037"
            >Impossibile risolvere la proprietà predefinita dell'oggetto Padre.Piastra.Offset.</Issue>
        </Section>
        <Section Name = "IntegDiam" >
            <Issue
                Type = "Runtime"
                Number = "1037"
            >Impossibile risolvere la proprietà predefinita dell'oggetto Padre.SlShelDati().</Issue>
            <Issue
                Type = "Runtime"
                Number = "1037"
            >Impossibile risolvere la proprietà predefinita dell'oggetto Padre.SlChanDati().</Issue>
            <Issue
                Type = "Runtime"
                Number = "1037"
            >Impossibile risolvere la proprietà predefinita dell'oggetto Padre.SlChanDati(1).</Issue>
        </Section>
        <Section Name = "FlangedDati" >
            <Issue
                Type = "Runtime"
                Number = "1037"
            >Impossibile risolvere la proprietà predefinita dell'oggetto Padre.SlChanDati().</Issue>
            <Issue
                Type = "Compile"
                Number = "1014"
            >L'istruzione GoSub non è supportata.</Issue>
            <Issue
                Type = "Runtime"
                Number = "1037"
            >Impossibile risolvere la proprietà predefinita dell'oggetto Padre.SlShelDati().</Issue>
            <Issue
                Type = "Runtime"
                Number = "1037"
            >Impossibile risolvere la proprietà predefinita dell'oggetto Padre.FlShelDati().</Issue>
            <Issue
                Type = "Runtime"
                Number = "1037"
            >Impossibile risolvere la proprietà predefinita dell'oggetto Padre.FlChanDati().</Issue>
            <Issue
                Type = "Runtime"
                Number = "1037"
            >Impossibile risolvere la proprietà predefinita dell'oggetto Padre.SlChanDati(1).</Issue>
            <Issue
                Type = "Runtime"
                Number = "1041"
            >Return ha un nuovo comportamento.</Issue>
        </Section>
        <Section Name = "printAA15402" >
            <Issue
                Type = "Compile"
                Number = "1014"
            >L'istruzione GoSub non è supportata.</Issue>
            <Issue
                Type = "Runtime"
                Number = "1041"
            >Return ha un nuovo comportamento.</Issue>
        </Section>
        <Section Name = "printAA15302" >
            <Issue
                Type = "Runtime"
                Number = "1037"
            >Impossibile risolvere la proprietà predefinita dell'oggetto Padre.SlChanDati(1).</Issue>
        </Section>
        <Section Name = "printAA15902" >
            <Issue
                Type = "Runtime"
                Number = "1037"
            >Impossibile risolvere la proprietà predefinita dell'oggetto Padre.Piastra.Rear.</Issue>
            <Issue
                Type = "Runtime"
                Number = "1037"
            >Impossibile risolvere la proprietà predefinita dell'oggetto Padre.SlChanDati(1).</Issue>
            <Issue
                Type = "Compile"
                Number = "1014"
            >L'istruzione GoSub non è supportata.</Issue>
            <Issue
                Type = "Runtime"
                Number = "1037"
            >Impossibile risolvere la proprietà predefinita dell'oggetto Padre.Piastra.Flottante.</Issue>
            <Issue
                Type = "Runtime"
                Number = "1037"
            >Impossibile risolvere la proprietà predefinita dell'oggetto Padre.Piastra.GetPiastra.</Issue>
            <Issue
                Type = "Runtime"
                Number = "1041"
            >Return ha un nuovo comportamento.</Issue>
        </Section>
        <Section Name = "Verifiche" >
            <Issue
                Type = "Compile"
                Number = "1014"
            >L'istruzione GoSub non è supportata.</Issue>
            <Issue
                Type = "Runtime"
                Number = "1037"
                PME = "Abs"
            >Impossibile risolvere la proprietà predefinita dell'oggetto Padre.Piastra.NumColl.</Issue>
            <Issue
                Type = "Runtime"
                Number = "1037"
            >Impossibile risolvere la proprietà predefinita dell'oggetto Padre.Piastra.NumBolt.</Issue>
            <Issue
                Type = "Runtime"
                Number = "1037"
            >Impossibile risolvere la proprietà predefinita dell'oggetto Padre.Piastra.BullDistinti.</Issue>
            <Issue
                Type = "Runtime"
                Number = "1041"
            >Return ha un nuovo comportamento.</Issue>
            <Issue
                Type = "Runtime"
                Number = "1037"
            >Impossibile risolvere la proprietà predefinita dell'oggetto Padre.SlChanDati(1).</Issue>
        </Section>
        <Section Name = "StampaFl" >
            <Issue
                Type = "Runtime"
                Number = "1033"
            >Il limite inferiore della matrice Stringa5 è stato cambiato da 1 a 0.</Issue>
            <Issue
                Type = "Compile"
                Number = "1051"
            >Tipo di dichiarazione non supportato: Matrice con limite inferiore minore di zero.</Issue>
            <Issue
                Type = "Compile"
                Number = "1014"
            >L'istruzione GoSub non è supportata.</Issue>
            <Issue
                Type = "Runtime"
                Number = "1037"
            >Impossibile risolvere la proprietà predefinita dell'oggetto Padre.Piastra.LegScr.</Issue>
            <Issue
                Type = "Runtime"
                Number = "1041"
            >Return ha un nuovo comportamento.</Issue>
        </Section>
        <Section Name = "printAA351" >
            <Issue
                Type = "Runtime"
                Number = "1037"
            >Impossibile risolvere la proprietà predefinita dell'oggetto Padre.Piastra.Zp.</Issue>
        </Section>
        <Section Name = "printAA352" >
            <Issue
                Type = "Runtime"
                Number = "1037"
            >Impossibile risolvere la proprietà predefinita dell'oggetto Padre.Piastra.Flottante.</Issue>
            <Issue
                Type = "Runtime"
                Number = "1037"
            >Impossibile risolvere la proprietà predefinita dell'oggetto Padre.Piastra.GetPiastra.</Issue>
            <Issue
                Type = "Runtime"
                Number = "1037"
            >Impossibile risolvere la proprietà predefinita dell'oggetto Padre.Piastra.Zp.</Issue>
        </Section>
        <Section Name = "printAA353" >
            <Issue
                Type = "Runtime"
                Number = "1037"
            >Impossibile risolvere la proprietà predefinita dell'oggetto Padre.Piastra.Zp.</Issue>
        </Section>
        <Section Name = "printAA355" >
            <Issue
                Type = "Runtime"
                Number = "1037"
            >Impossibile risolvere la proprietà predefinita dell'oggetto Padre.Piastra.Flottante.</Issue>
            <Issue
                Type = "Runtime"
                Number = "1037"
            >Impossibile risolvere la proprietà predefinita dell'oggetto Padre.Piastra.Zp.</Issue>
            <Issue
                Type = "Runtime"
                Number = "1037"
            >Impossibile risolvere la proprietà predefinita dell'oggetto Padre.Piastra.GetPiastra.</Issue>
        </Section>
        <Section Name = "printAA356" >
            <Issue
                Type = "Runtime"
                Number = "1037"
            >Impossibile risolvere la proprietà predefinita dell'oggetto Padre.Piastra.Flottante.</Issue>
            <Issue
                Type = "Runtime"
                Number = "1037"
            >Impossibile risolvere la proprietà predefinita dell'oggetto Padre.Piastra.GetPiastra.</Issue>
            <Issue
                Type = "Runtime"
                Number = "1037"
            >Impossibile risolvere la proprietà predefinita dell'oggetto Padre.Piastra.Zp.</Issue>
        </Section>
        <Section Name = "printAA357" >
            <Issue
                Type = "Runtime"
                Number = "1037"
            >Impossibile risolvere la proprietà predefinita dell'oggetto Padre.Piastra.Zp.</Issue>
        </Section>
        <Section Name = "printPlast" >
            <Issue
                Type = "Runtime"
                Number = "1037"
            >Impossibile risolvere la proprietà predefinita dell'oggetto Padre.Piastra.Testatap.</Issue>
            <Issue
                Type = "Runtime"
                Number = "1037"
            >Impossibile risolvere la proprietà predefinita dell'oggetto Padre.Piastra.Zp.</Issue>
        </Section>
        <Section Name = "printAA359" >
            <Issue
                Type = "Runtime"
                Number = "1037"
            >Impossibile risolvere la proprietà predefinita dell'oggetto Padre.Piastra.Testatap.</Issue>
            <Issue
                Type = "Runtime"
                Number = "1037"
            >Impossibile risolvere la proprietà predefinita dell'oggetto Padre.Piastra.Rear.</Issue>
            <Issue
                Type = "Compile"
                Number = "1014"
            >L'istruzione GoSub non è supportata.</Issue>
            <Issue
                Type = "Runtime"
                Number = "1037"
            >Impossibile risolvere la proprietà predefinita dell'oggetto Padre.Piastra.Zp.</Issue>
            <Issue
                Type = "Runtime"
                Number = "1041"
            >Return ha un nuovo comportamento.</Issue>
        </Section>
        <Section Name = "ResetAmm" >
            <Issue
                Type = "Runtime"
                Number = "1037"
            >Impossibile risolvere la proprietà predefinita dell'oggetto Padre.Piastra.Zp.</Issue>
        </Section>
    </File>
    <File
        OldPath = "E:\Programmi\MicroSoft Visual Studio\Fbm\AsmeVip\wn_Tub.cls"
        NewPath = "C:\Documenti\Visual Studio Projects\Lancio\AsmeVip.NET\wn_Tub.vb"
        FileType = "Class Module"
        Upgraded = "True"
    />
    <File
        OldPath = "E:\Programmi\MicroSoft Visual Studio\Fbm\AsmeVip\frmMessage.frm"
        NewPath = "C:\Documenti\Visual Studio Projects\Lancio\AsmeVip.NET\frmMessage.vb"
        FileType = "Form"
        Upgraded = "True"
    >
        <Section Name = "(Layout)" >
            <Issue
                Type = "Design"
                Number = "2064"
                ObjectName = "frmMessage"
                ObjectType = "Form"
                PME = "AutoRedraw"
            >Form proprietà frmMessage.AutoRedraw non è stato aggiornato.</Issue>
            <Issue
                Type = "Design"
                Number = "2064"
                ObjectName = "frmMessage"
                ObjectType = "Form"
                PME = "ClipControls"
            >Form proprietà frmMessage.ClipControls non è stato aggiornato.</Issue>
            <Issue
                Type = "Design"
                Number = "2064"
                ObjectName = "frmMessage"
                ObjectType = "Form"
                PME = "HasDC"
            >Form proprietà frmMessage.HasDC non è stato aggiornato.</Issue>
        </Section>
    </File>
    <File
        OldPath = "E:\Programmi\MicroSoft Visual Studio\Fbm\AsmeVip\clsValoriMDMT.cls"
        NewPath = "C:\Documenti\Visual Studio Projects\Lancio\AsmeVip.NET\clsValoriMDMT.vb"
        FileType = "Class Module"
        Upgraded = "True"
    >
        <Section Name = "(Dichiarazioni)" >
            <Issue
                Type = "Runtime"
                Number = "1033"
            >Il limite inferiore della matrice prExempt è stato cambiato da 1 a 0.</Issue>
            <Issue
                Type = "Runtime"
                Number = "1033"
            >Il limite inferiore della matrice prArticl è stato cambiato da 1 a 0.</Issue>
        </Section>
    </File>
    <File
        OldPath = "E:\Programmi\MicroSoft Visual Studio\Fbm\AsmeVip\frmGen.frm"
        NewPath = "C:\Documenti\Visual Studio Projects\Lancio\AsmeVip.NET\frmGen.vb"
        FileType = "Form"
        Upgraded = "True"
    >
        <Section Name = "(Layout)" >
            <Issue
                Type = "Design"
                Number = "2064"
                ObjectName = "frmGen"
                ObjectType = "Form"
                PME = "WhatsThisHelp"
            >Form proprietà frmGen.WhatsThisHelp non è stato aggiornato.</Issue>
            <Issue
                Type = "Design"
                Number = "2064"
                ObjectName = "chkPIverif"
                ObjectType = "CheckBox"
                PME = "HelpContextID"
            >CheckBox proprietà chkPIverif.HelpContextID non è stato aggiornato.</Issue>
            <Issue
                Type = "Design"
                Number = "2064"
                ObjectName = "Frame1"
                ObjectType = "Frame"
                PME = "HelpContextID"
            >Frame proprietà Frame1.HelpContextID non è stato aggiornato.</Issue>
            <Issue
                Type = "Design"
                Number = "2064"
                ObjectName = "cmbSpecial"
                ObjectType = "ComboBox"
                PME = "HelpContextID"
            >ComboBox proprietà cmbSpecial.HelpContextID non è stato aggiornato.</Issue>
            <Issue
                Type = "Design"
                Number = "2064"
                ObjectName = "Label2"
                ObjectType = "Label"
                PME = "WhatsThisHelpID"
            >Label proprietà Label2.WhatsThisHelpID non è stato aggiornato.</Issue>
            <Issue
                Type = "Design"
                Number = "2064"
                ObjectName = "Label2"
                ObjectType = "Label"
                PME = "WordWrap"
            >Label proprietà Label2.WordWrap non è stato aggiornato.</Issue>
            <Issue
                Type = "Design"
                Number = "2064"
                ObjectName = "chKDiversi"
                ObjectType = "CheckBox"
                PME = "HelpContextID"
            >CheckBox proprietà chKDiversi.HelpContextID non è stato aggiornato.</Issue>
            <Issue
                Type = "Design"
                Number = "2064"
                ObjectName = "chkPI"
                ObjectType = "CheckBox"
                PME = "HelpContextID"
            >CheckBox proprietà chkPI.HelpContextID non è stato aggiornato.</Issue>
            <Issue
                Type = "Design"
                Number = "2064"
                ObjectName = "_txtNb_3"
                ObjectType = "TextBox"
                PME = "HelpContextID"
            >TextBox proprietà _txtNb_3.HelpContextID non è stato aggiornato.</Issue>
            <Issue
                Type = "Design"
                Number = "2067"
                ObjectName = "object"
                ObjectType = "MSComCtl2.UpDown"
            >Il controllo MSComCtl2.UpDown object non è stato aggiornato.</Issue>
            <Issue
                Type = "Design"
                Number = "2064"
                ObjectName = "_Text1_32"
                ObjectType = "TextBox"
                PME = "HelpContextID"
            >TextBox proprietà _Text1_32.HelpContextID non è stato aggiornato.</Issue>
            <Issue
                Type = "Design"
                Number = "2064"
                ObjectName = "_txtNb_2"
                ObjectType = "TextBox"
                PME = "HelpContextID"
            >TextBox proprietà _txtNb_2.HelpContextID non è stato aggiornato.</Issue>
            <Issue
                Type = "Design"
                Number = "2064"
                ObjectName = "_txtNbLC_2"
                ObjectType = "TextBox"
                PME = "HelpContextID"
            >TextBox proprietà _txtNbLC_2.HelpContextID non è stato aggiornato.</Issue>
            <Issue
                Type = "Design"
                Number = "2064"
                ObjectName = "_Text1_20"
                ObjectType = "TextBox"
                PME = "HelpContextID"
            >TextBox proprietà _Text1_20.HelpContextID non è stato aggiornato.</Issue>
            <Issue
                Type = "Design"
                Number = "2064"
                ObjectName = "_cmbVessMat_2"
                ObjectType = "ComboBox"
                PME = "HelpContextID"
            >ComboBox proprietà _cmbVessMat_2.HelpContextID non è stato aggiornato.</Issue>
            <Issue
                Type = "Design"
                Number = "2064"
                ObjectName = "_Text1_30"
                ObjectType = "TextBox"
                PME = "HelpContextID"
            >TextBox proprietà _Text1_30.HelpContextID non è stato aggiornato.</Issue>
            <Issue
                Type = "Design"
                Number = "2064"
                ObjectName = "_NLati_2"
                ObjectType = "OptionButton"
                PME = "HelpContextID"
            >OptionButton proprietà _NLati_2.HelpContextID non è stato aggiornato.</Issue>
            <Issue
                Type = "Design"
                Number = "2064"
                ObjectName = "_NLati_1"
                ObjectType = "OptionButton"
                PME = "HelpContextID"
            >OptionButton proprietà _NLati_1.HelpContextID non è stato aggiornato.</Issue>
            <Issue
                Type = "Design"
                Number = "2064"
                ObjectName = "ChkMAWP"
                ObjectType = "CheckBox"
                PME = "HelpContextID"
            >CheckBox proprietà ChkMAWP.HelpContextID non è stato aggiornato.</Issue>
            <Issue
                Type = "Design"
                Number = "2064"
                ObjectName = "cmbLoadCase"
                ObjectType = "ComboBox"
                PME = "HelpContextID"
            >ComboBox proprietà cmbLoadCase.HelpContextID non è stato aggiornato.</Issue>
            <Issue
                Type = "Design"
                Number = "2064"
                ObjectName = "cmbUnit"
                ObjectType = "ComboBox"
                PME = "HelpContextID"
            >ComboBox proprietà cmbUnit.HelpContextID non è stato aggiornato.</Issue>
            <Issue
                Type = "Design"
                Number = "2064"
                ObjectName = "txtItem"
                ObjectType = "TextBox"
                PME = "HelpContextID"
            >TextBox proprietà txtItem.HelpContextID non è stato aggiornato.</Issue>
            <Issue
                Type = "Design"
                Number = "2064"
                ObjectName = "_Text1_12"
                ObjectType = "TextBox"
                PME = "HelpContextID"
            >TextBox proprietà _Text1_12.HelpContextID non è stato aggiornato.</Issue>
            <Issue
                Type = "Design"
                Number = "2064"
                ObjectName = "_Text1_10"
                ObjectType = "TextBox"
                PME = "HelpContextID"
            >TextBox proprietà _Text1_10.HelpContextID non è stato aggiornato.</Issue>
            <Issue
                Type = "Design"
                Number = "2064"
                ObjectName = "_cmbVessMat_1"
                ObjectType = "ComboBox"
                PME = "HelpContextID"
            >ComboBox proprietà _cmbVessMat_1.HelpContextID non è stato aggiornato.</Issue>
            <Issue
                Type = "Design"
                Number = "2064"
                ObjectName = "_Text1_0"
                ObjectType = "TextBox"
                PME = "HelpContextID"
            >TextBox proprietà _Text1_0.HelpContextID non è stato aggiornato.</Issue>
            <Issue
                Type = "Design"
                Number = "2064"
                ObjectName = "_txtNbLC_1"
                ObjectType = "TextBox"
                PME = "HelpContextID"
            >TextBox proprietà _txtNbLC_1.HelpContextID non è stato aggiornato.</Issue>
            <Issue
                Type = "Design"
                Number = "2064"
                ObjectName = "_txtNb_1"
                ObjectType = "TextBox"
                PME = "HelpContextID"
            >TextBox proprietà _txtNb_1.HelpContextID non è stato aggiornato.</Issue>
            <Issue
                Type = "Design"
                Number = "2064"
                ObjectName = "lblLati"
                ObjectType = "Label"
                PME = "WhatsThisHelpID"
            >Label proprietà lblLati.WhatsThisHelpID non è stato aggiornato.</Issue>
        </Section>
        <Section Name = "Check1_Click" >
            <Issue
                Type = "Runtime"
                Number = "2075"
            >L'evento Check1.CheckStateChanged può essere generato quando il form è inizializzato.</Issue>
        </Section>
        <Section Name = "chKDiversi_Click" >
            <Issue
                Type = "Runtime"
                Number = "2075"
            >L'evento chKDiversi.CheckStateChanged può essere generato quando il form è inizializzato.</Issue>
        </Section>
        <Section Name = "chkHTVert_Click" >
            <Issue
                Type = "Runtime"
                Number = "2075"
            >L'evento chkHTVert.CheckStateChanged può essere generato quando il form è inizializzato.</Issue>
        </Section>
        <Section Name = "ChkMAWP_Click" >
            <Issue
                Type = "Runtime"
                Number = "2075"
            >L'evento ChkMAWP.CheckStateChanged può essere generato quando il form è inizializzato.</Issue>
        </Section>
        <Section Name = "chkPI_Click" >
            <Issue
                Type = "Runtime"
                Number = "2075"
            >L'evento chkPI.CheckStateChanged può essere generato quando il form è inizializzato.</Issue>
        </Section>
        <Section Name = "chkPIverif_Click" >
            <Issue
                Type = "Runtime"
                Number = "2075"
            >L'evento chkPIverif.CheckStateChanged può essere generato quando il form è inizializzato.</Issue>
        </Section>
        <Section Name = "cmbCode_Click" >
            <Issue
                Type = "Runtime"
                Number = "2075"
            >L'evento cmbCode.SelectedIndexChanged può essere generato quando il form è inizializzato.</Issue>
        </Section>
        <Section Name = "cmbLoadCase_Click" >
            <Issue
                Type = "Runtime"
                Number = "2075"
            >L'evento cmbLoadCase.SelectedIndexChanged può essere generato quando il form è inizializzato.</Issue>
        </Section>
        <Section Name = "cmbMetodoPI_Click" >
            <Issue
                Type = "Runtime"
                Number = "2075"
            >L'evento cmbMetodoPI.SelectedIndexChanged può essere generato quando il form è inizializzato.</Issue>
        </Section>
        <Section Name = "cmbSpecial_Click" >
            <Issue
                Type = "Runtime"
                Number = "2075"
            >L'evento cmbSpecial.SelectedIndexChanged può essere generato quando il form è inizializzato.</Issue>
        </Section>
        <Section Name = "cmbUnit_Click" >
            <Issue
                Type = "Runtime"
                Number = "1037"
            >Impossibile risolvere la proprietà predefinita dell'oggetto objMemb(i).UniMis.</Issue>
            <Issue
                Type = "Runtime"
                Number = "2075"
            >L'evento cmbUnit.SelectedIndexChanged può essere generato quando il form è inizializzato.</Issue>
        </Section>
        <Section Name = "cmbVessMat_Click" >
            <Issue
                Type = "Runtime"
                Number = "2075"
            >L'evento cmbVessMat.SelectedIndexChanged può essere generato quando il form è inizializzato.</Issue>
        </Section>
        <Section Name = "Form_Activate" >
            <Issue
                Type = "Runtime"
                Number = "2065"
                ObjectName = "frmGen"
                ObjectType = "Form"
                PME = "Activate"
            >Form evento frmGen.Activate presenta un nuovo comportamento.</Issue>
        </Section>
        <Section Name = "Form_QueryUnload" >
            <Issue
                Type = "Runtime"
                Number = "2065"
                ObjectName = "frmGen"
                ObjectType = "Form"
                PME = "QueryUnload"
            >Form evento frmGen.QueryUnload presenta un nuovo comportamento.</Issue>
        </Section>
        <Section Name = "Form_Unload" >
            <Issue
                Type = "Runtime"
                Number = "2065"
                ObjectName = "frmGen"
                ObjectType = "Form"
                PME = "Unload"
            >Form evento frmGen.Unload presenta un nuovo comportamento.</Issue>
        </Section>
        <Section Name = "NLati_Click" >
            <Issue
                Type = "Runtime"
                Number = "2075"
            >L'evento NLati.CheckedChanged può essere generato quando il form è inizializzato.</Issue>
        </Section>
        <Section Name = "Text1_Change" >
            <Issue
                Type = "Runtime"
                Number = "2075"
            >L'evento Text1.TextChanged può essere generato quando il form è inizializzato.</Issue>
        </Section>
        <Section Name = "txtItem_Change" >
            <Issue
                Type = "Runtime"
                Number = "2075"
            >L'evento txtItem.TextChanged può essere generato quando il form è inizializzato.</Issue>
        </Section>
        <Section Name = "txtNb_Change" >
            <Issue
                Type = "Runtime"
                Number = "2075"
            >L'evento txtNb.TextChanged può essere generato quando il form è inizializzato.</Issue>
        </Section>
        <Section Name = "txtNbLC_Change" >
            <Issue
                Type = "Runtime"
                Number = "2075"
            >L'evento txtNbLC.TextChanged può essere generato quando il form è inizializzato.</Issue>
        </Section>
    </File>
    <File
        OldPath = "E:\Programmi\MicroSoft Visual Studio\Fbm\AsmeVip\EuroNorm.bas"
        NewPath = "C:\Documenti\Visual Studio Projects\Lancio\AsmeVip.NET\EuroNorm.vb"
        FileType = "Module"
        Upgraded = "True"
    >
        <Section Name = "Pr10p2p3p3" >
            <Issue
                Type = "Runtime"
                Number = "1037"
            >Impossibile risolvere la proprietà predefinita dell'oggetto Pr10p2p3p3.</Issue>
        </Section>
        <Section Name = "CalcRappMax" >
            <Issue
                Type = "Runtime"
                Number = "2065"
                ObjectName = "Screen"
                ObjectType = "Screen"
                PME = "MousePointer"
            >Screen proprietà Screen.MousePointer presenta un nuovo comportamento.</Issue>
        </Section>
        <Section Name = "EUCylShellPr" >
            <Issue
                Type = "Runtime"
                Number = "1037"
            >Impossibile risolvere la proprietà predefinita dell'oggetto Documento.Visible.</Issue>
            <Issue
                Type = "Runtime"
                Number = "1037"
            >Impossibile risolvere la proprietà predefinita dell'oggetto Documento.sOpen.</Issue>
            <Issue
                Type = "Runtime"
                Number = "1037"
            >Impossibile risolvere la proprietà predefinita dell'oggetto Documento.sSaveAs.</Issue>
            <Issue
                Type = "Runtime"
                Number = "1037"
            >Impossibile risolvere la proprietà predefinita dell'oggetto Documento.VaiInizio.</Issue>
            <Issue
                Type = "Runtime"
                Number = "1037"
            >Impossibile risolvere la proprietà predefinita dell'oggetto Documento.substitbookm.</Issue>
            <Issue
                Type = "Runtime"
                Number = "1037"
            >Impossibile risolvere la proprietà predefinita dell'oggetto Documento.EliminaRiga.</Issue>
            <Issue
                Type = "Runtime"
                Number = "1037"
            >Impossibile risolvere la proprietà predefinita dell'oggetto Documento.Copia.</Issue>
            <Issue
                Type = "Runtime"
                Number = "1037"
            >Impossibile risolvere la proprietà predefinita dell'oggetto Documento.sClose.</Issue>
            <Issue
                Type = "Runtime"
                Number = "1037"
            >Impossibile risolvere la proprietà predefinita dell'oggetto Documento.NewCap.</Issue>
        </Section>
        <Section Name = "EUConShellPr" >
            <Issue
                Type = "Runtime"
                Number = "1037"
            >Impossibile risolvere la proprietà predefinita dell'oggetto Documento.Visible.</Issue>
            <Issue
                Type = "Runtime"
                Number = "1037"
            >Impossibile risolvere la proprietà predefinita dell'oggetto Documento.sOpen.</Issue>
            <Issue
                Type = "Runtime"
                Number = "1037"
            >Impossibile risolvere la proprietà predefinita dell'oggetto Documento.sSaveAs.</Issue>
            <Issue
                Type = "Runtime"
                Number = "1037"
            >Impossibile risolvere la proprietà predefinita dell'oggetto Documento.VaiInizio.</Issue>
            <Issue
                Type = "Runtime"
                Number = "1037"
            >Impossibile risolvere la proprietà predefinita dell'oggetto Documento.substitbookm.</Issue>
            <Issue
                Type = "Runtime"
                Number = "1037"
            >Impossibile risolvere la proprietà predefinita dell'oggetto Documento.EliminaRiga.</Issue>
            <Issue
                Type = "Runtime"
                Number = "1037"
            >Impossibile risolvere la proprietà predefinita dell'oggetto Documento.EliminaRighe.</Issue>
            <Issue
                Type = "Runtime"
                Number = "1037"
            >Impossibile risolvere la proprietà predefinita dell'oggetto Documento.Copia.</Issue>
            <Issue
                Type = "Runtime"
                Number = "1037"
            >Impossibile risolvere la proprietà predefinita dell'oggetto Documento.sClose.</Issue>
            <Issue
                Type = "Runtime"
                Number = "1037"
            >Impossibile risolvere la proprietà predefinita dell'oggetto Documento.NewCap.</Issue>
        </Section>
        <Section Name = "EURinfCon" >
            <Issue
                Type = "Runtime"
                Number = "1033"
            >Il limite inferiore della matrice tc è stato cambiato da 1 a 0.</Issue>
            <Issue
                Type = "Runtime"
                Number = "1033"
            >Il limite inferiore della matrice ts è stato cambiato da 1 a 0.</Issue>
            <Issue
                Type = "Runtime"
                Number = "1033"
            >Il limite inferiore della matrice R è stato cambiato da 1 a 0.</Issue>
            <Issue
                Type = "Runtime"
                Number = "1037"
            >Impossibile risolvere la proprietà predefinita dell'oggetto Par7p6p6p2().</Issue>
            <Issue
                Type = "Runtime"
                Number = "1037"
            >Impossibile risolvere la proprietà predefinita dell'oggetto Par7p6p7p2().</Issue>
            <Issue
                Type = "Runtime"
                Number = "1037"
            >Impossibile risolvere la proprietà predefinita dell'oggetto Par7p6p8p2().</Issue>
            <Issue
                Type = "Compile"
                Number = "1014"
            >L'istruzione GoSub non è supportata.</Issue>
            <Issue
                Type = "Runtime"
                Number = "1041"
            >Return ha un nuovo comportamento.</Issue>
        </Section>
        <Section Name = "Par7p6p6p2" >
            <Issue
                Type = "Runtime"
                Number = "1037"
            >Impossibile risolvere la proprietà predefinita dell'oggetto Par7p6p6p2.</Issue>
        </Section>
        <Section Name = "Par7p6p7p2" >
            <Issue
                Type = "Runtime"
                Number = "1037"
            >Impossibile risolvere la proprietà predefinita dell'oggetto Par7p6p7p2.</Issue>
        </Section>
        <Section Name = "Par7p6p8p2" >
            <Issue
                Type = "Runtime"
                Number = "1037"
            >Impossibile risolvere la proprietà predefinita dell'oggetto Par7p6p8p2.</Issue>
        </Section>
        <Section Name = "EUCylConIntest" >
            <Issue
                Type = "Runtime"
                Number = "1037"
            >Impossibile risolvere la proprietà predefinita dell'oggetto Documento.substitbookm.</Issue>
            <Issue
                Type = "Runtime"
                Number = "1037"
            >Impossibile risolvere la proprietà predefinita dell'oggetto Documento.EliminaRiga.</Issue>
        </Section>
        <Section Name = "EUCylVacuumPr" >
            <Issue
                Type = "Runtime"
                Number = "1037"
            >Impossibile risolvere la proprietà predefinita dell'oggetto Documento.Visible.</Issue>
            <Issue
                Type = "Runtime"
                Number = "1037"
            >Impossibile risolvere la proprietà predefinita dell'oggetto Documento.sOpen.</Issue>
            <Issue
                Type = "Runtime"
                Number = "1037"
            >Impossibile risolvere la proprietà predefinita dell'oggetto Documento.sSaveAs.</Issue>
            <Issue
                Type = "Runtime"
                Number = "1037"
            >Impossibile risolvere la proprietà predefinita dell'oggetto Documento.VaiInizio.</Issue>
            <Issue
                Type = "Runtime"
                Number = "1037"
            >Impossibile risolvere la proprietà predefinita dell'oggetto Documento.Copia.</Issue>
            <Issue
                Type = "Runtime"
                Number = "1037"
            >Impossibile risolvere la proprietà predefinita dell'oggetto Documento.sClose.</Issue>
            <Issue
                Type = "Runtime"
                Number = "1037"
            >Impossibile risolvere la proprietà predefinita dell'oggetto Documento.sPaste1.</Issue>
        </Section>
        <Section Name = "EUMAWPPr" >
            <Issue
                Type = "Runtime"
                Number = "1037"
            >Impossibile risolvere la proprietà predefinita dell'oggetto Documento.substitbookm.</Issue>
        </Section>
        <Section Name = "EUHeadsPr" >
            <Issue
                Type = "Runtime"
                Number = "1037"
            >Impossibile risolvere la proprietà predefinita dell'oggetto Documento.Visible.</Issue>
            <Issue
                Type = "Runtime"
                Number = "1037"
            >Impossibile risolvere la proprietà predefinita dell'oggetto Documento.sOpen.</Issue>
            <Issue
                Type = "Runtime"
                Number = "1037"
            >Impossibile risolvere la proprietà predefinita dell'oggetto Documento.sSaveAs.</Issue>
            <Issue
                Type = "Runtime"
                Number = "1037"
            >Impossibile risolvere la proprietà predefinita dell'oggetto Documento.VaiInizio.</Issue>
            <Issue
                Type = "Runtime"
                Number = "1037"
            >Impossibile risolvere la proprietà predefinita dell'oggetto Documento.substitbookm.</Issue>
            <Issue
                Type = "Runtime"
                Number = "1037"
            >Impossibile risolvere la proprietà predefinita dell'oggetto Documento.EliminaRighe.</Issue>
            <Issue
                Type = "Runtime"
                Number = "1037"
            >Impossibile risolvere la proprietà predefinita dell'oggetto Documento.EliminaRiga.</Issue>
            <Issue
                Type = "Runtime"
                Number = "1037"
            >Impossibile risolvere la proprietà predefinita dell'oggetto Documento.Copia.</Issue>
            <Issue
                Type = "Runtime"
                Number = "1037"
            >Impossibile risolvere la proprietà predefinita dell'oggetto Documento.sClose.</Issue>
            <Issue
                Type = "Runtime"
                Number = "1037"
            >Impossibile risolvere la proprietà predefinita dell'oggetto Documento.NewCap.</Issue>
        </Section>
        <Section Name = "EUadopted" >
            <Issue
                Type = "Runtime"
                Number = "1037"
            >Impossibile risolvere la proprietà predefinita dell'oggetto Documento.substitbookm.</Issue>
            <Issue
                Type = "Runtime"
                Number = "1037"
            >Impossibile risolvere la proprietà predefinita dell'oggetto Documento.EliminaRiga.</Issue>
        </Section>
    </File>
    <File
        OldPath = "E:\Programmi\MicroSoft Visual Studio\Fbm\AsmeVip\frmStiff.frm"
        NewPath = "C:\Documenti\Visual Studio Projects\Lancio\AsmeVip.NET\frmStiff.vb"
        FileType = "Form"
        Upgraded = "True"
    >
        <Section Name = "Combo1_Click" >
            <Issue
                Type = "Runtime"
                Number = "2075"
            >L'evento Combo1.SelectedIndexChanged può essere generato quando il form è inizializzato.</Issue>
        </Section>
    </File>
    <File
        OldPath = "E:\Programmi\MicroSoft Visual Studio\Fbm\AsmeVip\header.RES"
        NewPath = "C:\Documenti\Visual Studio Projects\Lancio\AsmeVip.NET\ProjectResources.resX"
        FileType = "Resource File"
        Upgraded = "True"
    />
</UpgradeLog>

